2026-07-10 09:03:54,465 [INFO] Activator:176 - 


2026-07-10 09:03:54,466 [INFO] Activator:177 - !SESSION log4j initialized
2026-07-10 09:03:56,282 [INFO] LogOutputStream:77 - [STDOUT_REDIRECT] 
2026-07-10 09:03:57,599 [INFO] ApplicationProperties:184 - Using Application install path: /opt/st/stm32cubeide_1.19.0/plugins/com.st.stm32cube.common.mx_6.15.0.202507011659
2026-07-10 09:03:57,611 [INFO] DbMcusXml:78 - Set database path to: /opt/st/stm32cubeide_1.19.0/plugins/com.st.stm32cube.common.mx_6.15.0.202507011659//db//mcu/
2026-07-10 09:03:57,611 [INFO] ApiDb:274 - Set plugin database path to: /opt/st/stm32cubeide_1.19.0/plugins/com.st.stm32cube.common.mx_6.15.0.202507011659//db//plugins/boardmanager/
2026-07-10 09:03:57,612 [WARN] ApiDb:259 - Overriding images path with different value:  => /opt/st/stm32cubeide_1.19.0/plugins/com.st.stm32cube.common.mx_6.15.0.202507011659//db//plugins/mcufinder/images/
2026-07-10 09:03:57,616 [INFO] ApiDb:250 - Set database path to: /home/anton/.stmcufinder/plugins/mcufinder//mcu/
2026-07-10 09:03:57,617 [INFO] DbMcusAds:125 - Set database path to: /home/anton/.stmcufinder/plugins/mcufinder//mcu/
2026-07-10 09:03:57,619 [INFO] CrossReferenceDbSqlite:203 - Set database path to: /home/anton/.stmcufinder/plugins/mcufinder//mcu/cs/
2026-07-10 09:03:57,703 [INFO] RulesReader:64 - Compatibility file has been processed (317 Rules)
2026-07-10 09:03:57,745 [INFO] DbMcusXml:78 - Set database path to: /opt/st/stm32cubeide_1.19.0/plugins/com.st.stm32cube.common.mx_6.15.0.202507011659//db//mcu/
2026-07-10 09:03:57,745 [INFO] ApiDb:274 - Set plugin database path to: /opt/st/stm32cubeide_1.19.0/plugins/com.st.stm32cube.common.mx_6.15.0.202507011659//db//plugins/boardmanager/
2026-07-10 09:03:57,745 [INFO] ApiDb:261 - Set plugin images path to: /opt/st/stm32cubeide_1.19.0/plugins/com.st.stm32cube.common.mx_6.15.0.202507011659//db//plugins/mcufinder/images/
2026-07-10 09:03:57,745 [WARN] DbFile:41 - Overriding database path with different value: /home/anton/.stmcufinder/plugins/mcufinder/ => /home/anton/.stmcufinder/plugins/mcufinder
2026-07-10 09:03:57,745 [INFO] ApiDb:250 - Set database path to: /home/anton/.stmcufinder/plugins/mcufinder//mcu/
2026-07-10 09:03:57,746 [WARN] DbFile:41 - Overriding database path with different value: /home/anton/.stmcufinder/plugins/mcufinder/ => /home/anton/.stmcufinder/plugins/mcufinder
2026-07-10 09:03:57,746 [INFO] DbMcusAds:125 - Set database path to: /home/anton/.stmcufinder/plugins/mcufinder//mcu/
2026-07-10 09:03:57,746 [WARN] DbFile:41 - Overriding database path with different value: /home/anton/.stmcufinder/plugins/mcufinder/ => /home/anton/.stmcufinder/plugins/mcufinder
2026-07-10 09:03:57,746 [WARN] DbFile:41 - Overriding database path with different value: /home/anton/.stmcufinder/plugins/mcufinder/ => /home/anton/.stmcufinder/plugins/mcufinder
2026-07-10 09:03:57,746 [INFO] CrossReferenceDbSqlite:203 - Set database path to: /home/anton/.stmcufinder/plugins/mcufinder//mcu/cs/
2026-07-10 09:03:57,792 [INFO] MainPanel:274 - HeapMemory: 268435456
2026-07-10 09:03:57,918 [INFO] DbMcusXml:78 - Set database path to: /opt/st/stm32cubeide_1.19.0/plugins/com.st.stm32cube.common.mx_6.15.0.202507011659//db//mcu/
2026-07-10 09:03:57,918 [INFO] ApiDb:274 - Set plugin database path to: /opt/st/stm32cubeide_1.19.0/plugins/com.st.stm32cube.common.mx_6.15.0.202507011659//db//plugins/boardmanager/
2026-07-10 09:03:57,918 [INFO] ApiDb:261 - Set plugin images path to: /opt/st/stm32cubeide_1.19.0/plugins/com.st.stm32cube.common.mx_6.15.0.202507011659//db//plugins/mcufinder/images/
2026-07-10 09:03:57,918 [WARN] DbFile:41 - Overriding database path with different value: /home/anton/.stmcufinder/plugins/mcufinder/ => /home/anton/.stmcufinder/plugins/mcufinder
2026-07-10 09:03:57,918 [INFO] ApiDb:250 - Set database path to: /home/anton/.stmcufinder/plugins/mcufinder//mcu/
2026-07-10 09:03:57,918 [WARN] DbFile:41 - Overriding database path with different value: /home/anton/.stmcufinder/plugins/mcufinder/ => /home/anton/.stmcufinder/plugins/mcufinder
2026-07-10 09:03:57,918 [INFO] DbMcusAds:125 - Set database path to: /home/anton/.stmcufinder/plugins/mcufinder//mcu/
2026-07-10 09:03:57,918 [WARN] DbFile:41 - Overriding database path with different value: /home/anton/.stmcufinder/plugins/mcufinder/ => /home/anton/.stmcufinder/plugins/mcufinder
2026-07-10 09:03:57,918 [WARN] DbFile:41 - Overriding database path with different value: /home/anton/.stmcufinder/plugins/mcufinder/ => /home/anton/.stmcufinder/plugins/mcufinder
2026-07-10 09:03:57,918 [INFO] CrossReferenceDbSqlite:203 - Set database path to: /home/anton/.stmcufinder/plugins/mcufinder//mcu/cs/
2026-07-10 09:03:57,930 [INFO] ApplicationProperties:184 - Using Application install path: /opt/st/stm32cubeide_1.19.0/plugins/com.st.stm32cube.common.mx_6.15.0.202507011659
2026-07-10 09:03:57,932 [INFO] PluginManage:196 - Search for loadable plugins [exclusion list=, ]
2026-07-10 09:03:57,932 [INFO] PluginManage:310 - Check plugin analytics
2026-07-10 09:03:58,063 [INFO] AnalyticsPlugin:253 - Accepted Software Licenses: STM32CubeMX.6.16.0
2026-07-10 09:03:58,064 [INFO] AnalyticsPlugin:255 - Accepted CMSIS Pack Licenses: 
2026-07-10 09:03:58,064 [INFO] AnalyticsPlugin:257 - Accepted Firmware Licenses: 
2026-07-10 09:03:58,066 [INFO] PluginManage:359 - Loaded plugin analytics (category:tool,tabindex:-1)
2026-07-10 09:03:58,066 [INFO] PluginManage:310 - Check plugin cadmodel
2026-07-10 09:03:58,071 [INFO] CADModel:105 - Init CAD model plugin
2026-07-10 09:03:58,071 [INFO] PluginManage:359 - Loaded plugin cadmodel (category:power,tabindex:5)
2026-07-10 09:03:58,071 [INFO] PluginManage:310 - Check plugin clock
2026-07-10 09:03:58,078 [INFO] PluginManage:359 - Loaded plugin clock (category:base,tabindex:2)
2026-07-10 09:03:58,078 [INFO] PluginManage:310 - Check plugin ddr
2026-07-10 09:03:58,080 [INFO] PluginManage:359 - Loaded plugin ddr (category:tool,tabindex:6)
2026-07-10 09:03:58,080 [INFO] PluginManage:310 - Check plugin filemanager
2026-07-10 09:03:58,194 [INFO] PluginManage:359 - Loaded plugin filemanager (category:base,tabindex:10)
2026-07-10 09:03:58,194 [INFO] PluginManage:310 - Check plugin ipmanager
2026-07-10 09:03:58,198 [INFO] PluginManage:359 - Loaded plugin ipmanager (category:base,tabindex:5)
2026-07-10 09:03:58,198 [INFO] PluginManage:310 - Check plugin lpbam
2026-07-10 09:03:58,205 [INFO] PluginManage:359 - Loaded plugin lpbam (category:base,tabindex:0)
2026-07-10 09:03:58,205 [INFO] PluginManage:310 - Check plugin memorymap
2026-07-10 09:03:58,213 [INFO] PluginManage:359 - Loaded plugin memorymap (category:base,tabindex:4)
2026-07-10 09:03:58,213 [INFO] PluginManage:310 - Check plugin pinoutandconfiguration
2026-07-10 09:03:58,220 [INFO] PluginManage:359 - Loaded plugin pinoutandconfiguration (category:base,tabindex:1)
2026-07-10 09:03:58,220 [INFO] PluginManage:310 - Check plugin pinoutconfig
2026-07-10 09:03:58,301 [WARN] SupportedApi:132 - Cannot load RTOS API schema: s4s-elt-must-match.1: The content of 'definitions' must match (annotation?, (simpleType | complexType)?, (unique | key | keyref)*)). A problem was found starting at: attribute.
2026-07-10 09:03:58,409 [INFO] PluginManage:359 - Loaded plugin pinoutconfig (category:base,tabindex:0)
2026-07-10 09:03:58,409 [INFO] PluginManage:310 - Check plugin power
2026-07-10 09:03:58,416 [INFO] PluginManage:359 - Loaded plugin power (category:power,tabindex:4)
2026-07-10 09:03:58,416 [INFO] PluginManage:310 - Check plugin projectmanager
2026-07-10 09:03:58,425 [INFO] PluginManage:359 - Loaded plugin projectmanager (category:projectmanager,tabindex:4)
2026-07-10 09:03:58,425 [INFO] PluginManage:310 - Check plugin rif
2026-07-10 09:03:58,431 [INFO] PluginManage:359 - Loaded plugin rif (category:base,tabindex:3)
2026-07-10 09:03:58,431 [INFO] PluginManage:310 - Check plugin thirdparty
2026-07-10 09:03:58,508 [INFO] PluginManage:359 - Loaded plugin thirdparty (category:base,tabindex:-1)
2026-07-10 09:03:58,508 [WARN] IntegrityCheckThread:84 - waiting for thirdparty lock release [integrity check]
2026-07-10 09:03:58,509 [INFO] IntegrityCheckThread:86 - entering critical section [integrity check]
2026-07-10 09:03:58,509 [INFO] PluginManage:310 - Check plugin tools
2026-07-10 09:03:58,509 [INFO] ThirdPartyUpdaterWithRetryManager:70 - Updater plugin not ready yet. [1/15]
2026-07-10 09:03:58,510 [INFO] PluginManage:359 - Loaded plugin tools (category:base,tabindex:7)
2026-07-10 09:03:58,510 [INFO] PluginManage:310 - Check plugin tutovideos
2026-07-10 09:03:58,641 [INFO] PluginManage:359 - Loaded plugin tutovideos (category:base,tabindex:-1)
2026-07-10 09:03:58,641 [INFO] PluginManage:310 - Check plugin updater
2026-07-10 09:03:58,659 [INFO] PluginManage:359 - Loaded plugin updater (category:base,tabindex:12)
2026-07-10 09:03:58,659 [INFO] PluginManage:310 - Check plugin userauth
2026-07-10 09:03:58,662 [INFO] UserAuth:118 - Init User Auth plugin
2026-07-10 09:03:58,663 [INFO] PluginManage:359 - Loaded plugin userauth (category:base,tabindex:14)
2026-07-10 09:03:58,663 [INFO] PluginManage:283 - PluginManage : Loaded plugins [18]
2026-07-10 09:03:58,776 [INFO] PinOutPanel:1589 - setPackage(No Configuration,No Configuration)
2026-07-10 09:03:58,823 [INFO] CADModel:165 - CPN selected for project level
2026-07-10 09:03:58,823 [INFO] CADModel:114 - Register for checkConnection events
2026-07-10 09:03:58,832 [INFO] IPUIPlugin:80 - create IPUIPlugin
2026-07-10 09:03:58,832 [INFO] PluginManager:220 - loadIPPluginJar : add i2s
2026-07-10 09:03:58,835 [INFO] IPUIPlugin:80 - create IPUIPlugin
2026-07-10 09:03:58,836 [INFO] PluginManager:220 - loadIPPluginJar : add dma
2026-07-10 09:03:58,837 [INFO] IPUIPlugin:80 - create IPUIPlugin
2026-07-10 09:03:58,837 [INFO] PluginManager:220 - loadIPPluginJar : add tim
2026-07-10 09:03:58,839 [INFO] IPUIPlugin:80 - create IPUIPlugin
2026-07-10 09:03:58,839 [INFO] PluginManager:220 - loadIPPluginJar : add ltdc
2026-07-10 09:03:58,840 [INFO] IPUIPlugin:80 - create IPUIPlugin
2026-07-10 09:03:58,840 [INFO] PluginManager:220 - loadIPPluginJar : add quadspi
2026-07-10 09:03:58,847 [INFO] IPUIPlugin:80 - create IPUIPlugin
2026-07-10 09:03:58,847 [INFO] PluginManager:220 - loadIPPluginJar : add stm32_wpan
2026-07-10 09:03:58,850 [INFO] IPUIPlugin:80 - create IPUIPlugin
2026-07-10 09:03:58,850 [INFO] PluginManager:220 - loadIPPluginJar : add ddr_ctrl_phy
2026-07-10 09:03:58,852 [INFO] IPUIPlugin:80 - create IPUIPlugin
2026-07-10 09:03:58,853 [INFO] PluginManager:220 - loadIPPluginJar : add can
2026-07-10 09:03:58,857 [INFO] IPUIPlugin:80 - create IPUIPlugin
2026-07-10 09:03:58,857 [INFO] PluginManager:220 - loadIPPluginJar : add gic
2026-07-10 09:03:58,858 [INFO] IPUIPlugin:80 - create IPUIPlugin
2026-07-10 09:03:58,859 [INFO] PluginManager:220 - loadIPPluginJar : add spi
2026-07-10 09:03:58,860 [INFO] IPUIPlugin:80 - create IPUIPlugin
2026-07-10 09:03:58,860 [INFO] PluginManager:220 - loadIPPluginJar : add openamp
2026-07-10 09:03:58,862 [INFO] IPUIPlugin:80 - create IPUIPlugin
2026-07-10 09:03:58,862 [INFO] PluginManager:220 - loadIPPluginJar : add aes
2026-07-10 09:03:58,864 [INFO] IPUIPlugin:80 - create IPUIPlugin
2026-07-10 09:03:58,864 [INFO] PluginManager:220 - loadIPPluginJar : add gtzc
2026-07-10 09:03:58,869 [INFO] IPUIPlugin:80 - create IPUIPlugin
2026-07-10 09:03:58,869 [INFO] PluginManager:220 - loadIPPluginJar : add linkedlist
2026-07-10 09:03:58,871 [INFO] IPUIPlugin:80 - create IPUIPlugin
2026-07-10 09:03:58,871 [INFO] PluginManager:220 - loadIPPluginJar : add fatfs
2026-07-10 09:03:58,873 [INFO] IPUIPlugin:80 - create IPUIPlugin
2026-07-10 09:03:58,873 [INFO] PluginManager:220 - loadIPPluginJar : add dma3
2026-07-10 09:03:58,877 [INFO] IPUIPlugin:80 - create IPUIPlugin
2026-07-10 09:03:58,877 [INFO] PluginManager:220 - loadIPPluginJar : add mdma
2026-07-10 09:03:58,880 [INFO] IPUIPlugin:80 - create IPUIPlugin
2026-07-10 09:03:58,880 [INFO] PluginManager:220 - loadIPPluginJar : add resmgrutility
2026-07-10 09:03:58,881 [INFO] IPUIPlugin:80 - create IPUIPlugin
2026-07-10 09:03:58,881 [INFO] PluginManager:220 - loadIPPluginJar : add genericplugin
2026-07-10 09:03:58,882 [INFO] IPUIPlugin:80 - create IPUIPlugin
2026-07-10 09:03:58,883 [INFO] PluginManager:220 - loadIPPluginJar : add hash
2026-07-10 09:03:58,884 [INFO] IPUIPlugin:80 - create IPUIPlugin
2026-07-10 09:03:58,884 [INFO] PluginManager:220 - loadIPPluginJar : add lorawan
2026-07-10 09:03:58,886 [INFO] IPUIPlugin:80 - create IPUIPlugin
2026-07-10 09:03:58,886 [INFO] PluginManager:220 - loadIPPluginJar : add tracer_emb
2026-07-10 09:03:58,888 [INFO] IPUIPlugin:80 - create IPUIPlugin
2026-07-10 09:03:58,889 [INFO] PluginManager:220 - loadIPPluginJar : add extmemmanager
2026-07-10 09:03:58,892 [INFO] IPUIPlugin:80 - create IPUIPlugin
2026-07-10 09:03:58,892 [INFO] PluginManager:220 - loadIPPluginJar : add nvic
2026-07-10 09:03:58,895 [INFO] IPUIPlugin:80 - create IPUIPlugin
2026-07-10 09:03:58,895 [INFO] PluginManager:220 - loadIPPluginJar : add fmc
2026-07-10 09:03:58,897 [INFO] IPUIPlugin:80 - create IPUIPlugin
2026-07-10 09:03:58,897 [INFO] PluginManager:220 - loadIPPluginJar : add ipddr
2026-07-10 09:03:58,900 [INFO] IPUIPlugin:80 - create IPUIPlugin
2026-07-10 09:03:58,900 [INFO] PluginManager:220 - loadIPPluginJar : add gpio
2026-07-10 09:03:58,901 [INFO] IPUIPlugin:80 - create IPUIPlugin
2026-07-10 09:03:58,901 [INFO] PluginManager:220 - loadIPPluginJar : add ts
2026-07-10 09:03:58,905 [INFO] IPUIPlugin:80 - create IPUIPlugin
2026-07-10 09:03:58,905 [INFO] PluginManager:220 - loadIPPluginJar : add freertos
2026-07-10 09:03:58,906 [INFO] IPUIPlugin:80 - create IPUIPlugin
2026-07-10 09:03:58,907 [INFO] PluginManager:220 - loadIPPluginJar : add radio
2026-07-10 09:03:58,908 [INFO] IPUIPlugin:80 - create IPUIPlugin
2026-07-10 09:03:58,908 [INFO] PluginManager:220 - loadIPPluginJar : add gfxmmu
2026-07-10 09:03:58,909 [INFO] IPUIPlugin:80 - create IPUIPlugin
2026-07-10 09:03:58,909 [INFO] PluginManager:220 - loadIPPluginJar : add dfsdm
2026-07-10 09:03:58,910 [INFO] IPUIPlugin:80 - create IPUIPlugin
2026-07-10 09:03:58,910 [INFO] PluginManager:220 - loadIPPluginJar : add opamp
2026-07-10 09:03:58,911 [INFO] IPUIPlugin:80 - create IPUIPlugin
2026-07-10 09:03:58,911 [INFO] PluginManager:220 - loadIPPluginJar : add tsc
2026-07-10 09:03:58,912 [INFO] IPUIPlugin:80 - create IPUIPlugin
2026-07-10 09:03:58,912 [INFO] PluginManager:220 - loadIPPluginJar : add i3c
2026-07-10 09:03:58,914 [INFO] IPUIPlugin:80 - create IPUIPlugin
2026-07-10 09:03:58,914 [INFO] PluginManager:220 - loadIPPluginJar : add sai
2026-07-10 09:03:58,917 [INFO] IPUIPlugin:80 - create IPUIPlugin
2026-07-10 09:03:58,917 [INFO] PluginManager:220 - loadIPPluginJar : add touchsensing
2026-07-10 09:03:58,918 [INFO] IPUIPlugin:80 - create IPUIPlugin
2026-07-10 09:03:58,919 [INFO] PluginManager:220 - loadIPPluginJar : add cryp
2026-07-10 09:03:58,920 [INFO] IPUIPlugin:80 - create IPUIPlugin
2026-07-10 09:03:58,920 [INFO] PluginManager:220 - loadIPPluginJar : add pdm2pcm
2026-07-10 09:03:58,921 [INFO] IPUIPlugin:80 - create IPUIPlugin
2026-07-10 09:03:58,922 [INFO] PluginManager:220 - loadIPPluginJar : add comp
2026-07-10 09:03:58,923 [INFO] IPUIPlugin:80 - create IPUIPlugin
2026-07-10 09:03:58,923 [INFO] PluginManager:220 - loadIPPluginJar : add usart
2026-07-10 09:03:58,924 [INFO] IPUIPlugin:80 - create IPUIPlugin
2026-07-10 09:03:58,924 [INFO] PluginManager:220 - loadIPPluginJar : add ucpd
2026-07-10 09:03:58,925 [INFO] IPUIPlugin:80 - create IPUIPlugin
2026-07-10 09:03:58,925 [INFO] PluginManager:220 - loadIPPluginJar : add i2c
2026-07-10 09:03:58,927 [INFO] IPUIPlugin:80 - create IPUIPlugin
2026-07-10 09:03:58,927 [INFO] PluginManager:220 - loadIPPluginJar : add usbx
2026-07-10 09:03:58,930 [INFO] IPUIPlugin:80 - create IPUIPlugin
2026-07-10 09:03:58,930 [INFO] PluginManager:220 - loadIPPluginJar : add adc
2026-07-10 09:03:58,934 [INFO] IPUIPlugin:80 - create IPUIPlugin
2026-07-10 09:03:58,936 [INFO] PluginManager:220 - loadIPPluginJar : add plateformsettings
2026-07-10 09:03:59,031 [FATAL] Updater:351 - Updater called before beeing initialized
2026-07-10 09:03:59,051 [INFO] RulesReader:64 - Compatibility file has been processed (317 Rules)
2026-07-10 09:03:59,060 [INFO] RulesReader:64 - Compatibility file has been processed (317 Rules)
2026-07-10 09:03:59,065 [INFO] CADModel:165 - CPN selected for project level
2026-07-10 09:03:59,065 [INFO] CADModel:114 - Register for checkConnection events
2026-07-10 09:03:59,065 [FATAL] Updater:351 - Updater called before beeing initialized
2026-07-10 09:03:59,065 [ERROR] CADModel:125 - Updater not yet initialized, retry later 
2026-07-10 09:03:59,148 [FATAL] Updater:351 - Updater called before beeing initialized
2026-07-10 09:03:59,150 [INFO] CADModel:165 - CPN selected for project level
2026-07-10 09:03:59,150 [INFO] CADModel:114 - Register for checkConnection events
2026-07-10 09:03:59,150 [FATAL] Updater:351 - Updater called before beeing initialized
2026-07-10 09:03:59,150 [ERROR] CADModel:125 - Updater not yet initialized, retry later 
2026-07-10 09:03:59,153 [FATAL] Updater:351 - Updater called before beeing initialized
2026-07-10 09:03:59,208 [FATAL] Updater:351 - Updater called before beeing initialized
2026-07-10 09:03:59,211 [INFO] DbMcusAds:53 - JSON generation date=Thu May 28 21:38:16 IST 2026 (1779984496216)
2026-07-10 09:03:59,211 [FATAL] Updater:351 - Updater called before beeing initialized
2026-07-10 09:03:59,236 [WARN] DetailPanel:346 - Failed to get advertising image, set to default
2026-07-10 09:03:59,292 [FATAL] Updater:351 - Updater called before beeing initialized
2026-07-10 09:03:59,293 [FATAL] Updater:351 - Updater called before beeing initialized
2026-07-10 09:03:59,293 [FATAL] Updater:351 - Updater called before beeing initialized
2026-07-10 09:03:59,293 [WARN] DetailPanel:346 - Failed to get advertising image, set to default
2026-07-10 09:03:59,294 [FATAL] Updater:351 - Updater called before beeing initialized
2026-07-10 09:03:59,320 [ERROR] Updater:1198 - MainUpdater not yet initialized. External WinMGr cannot be set.
2026-07-10 09:03:59,321 [INFO] Updater:1134 - Updater Version found : 6.15.0
2026-07-10 09:03:59,333 [INFO] ApplicationProperties:184 - Using Application install path: /opt/st/stm32cubeide_1.19.0/plugins/com.st.stm32cube.common.mx_6.15.0.202507011659
2026-07-10 09:03:59,353 [INFO] MainUpdater:525 - Copy updater definitions from MX database
2026-07-10 09:03:59,808 [INFO] MainUpdater:2872 - connection check result : 10
2026-07-10 09:03:59,808 [INFO] MainUpdater:3604 - Updater definition file requires update
2026-07-10 09:03:59,809 [INFO] MainUpdater:289 - Updater Check For Update Now.
2026-07-10 09:03:59,809 [INFO] MicroXplorer:498 - Change Database Version : DB.6.0.150
2026-07-10 09:03:59,811 [INFO] McuFinderGlobals:63 - Set McuFinder mode to 2 (CubeIDE integrated)
2026-07-10 09:03:59,812 [INFO] UserAuth:171 - activating auth plugin
2026-07-10 09:03:59,813 [INFO] UserAuth:487 - Internet connection configuration mode: 1
2026-07-10 09:03:59,823 [INFO] JxBrowserEngine:152 - Initiate JxBrowser Engine with user profile folder
2026-07-10 09:04:00,074 [INFO] ServerAccessManage:452 - Complete download http(s) 200
2026-07-10 09:04:00,075 [INFO] ServerAccessManage:509 - Download File updaters.zip
2026-07-10 09:04:00,249 [INFO] FileExtend:248 - Unzip File : updaters.zip
2026-07-10 09:04:00,250 [INFO] FileExtend:263 - Standard Zip Deflate
2026-07-10 09:04:00,599 [INFO] WebApp:169 - Instantiating new browser for Auth
2026-07-10 09:04:00,695 [INFO] ServerAccessManage:452 - Complete download http(s) 200
2026-07-10 09:04:00,695 [INFO] ServerAccessManage:509 - Download File PacksControlFlags.xml
2026-07-10 09:04:00,997 [INFO] ServerAccessManage:452 - Complete download http(s) 200
2026-07-10 09:04:00,997 [INFO] ServerAccessManage:509 - Download File cubemx.pidx
2026-07-10 09:04:01,110 [INFO] LoadServerUpdatesThread:375 - End of LoadServerUpdate Thread
2026-07-10 09:04:01,288 [INFO] CheckServerUpdateThread:120 - End of CheckServer Thread
2026-07-10 09:04:01,306 [INFO] WebApp:463 - Apply proxy settings
2026-07-10 09:04:01,306 [INFO] WebApp:548 - Chromium requires no authentication
2026-07-10 09:04:01,312 [INFO] WebApp:491 - Direct internet connection detected
2026-07-10 09:04:01,324 [INFO] WebApp:900 - Register for checkConnection events
2026-07-10 09:04:01,324 [INFO] WebApp:463 - Apply proxy settings
2026-07-10 09:04:01,324 [INFO] WebApp:548 - Chromium requires no authentication
2026-07-10 09:04:01,324 [INFO] WebApp:491 - Direct internet connection detected
2026-07-10 09:04:01,405 [INFO] WebApp:225 - Starting web application
2026-07-10 09:04:01,405 [INFO] WebApp:593 - Web application path used /opt/st/stm32cubeide_1.19.0/plugins/com.st.stm32cube.common.mx_6.15.0.202507011659/db/plugins/mcufinder/reactClient1/index.html
2026-07-10 09:04:01,665 [WARN] PackLoader:240 - Cannot read IP mode file for STMicroelectronics.X-CUBE-AZRTOS-H7.3.5.0
2026-07-10 09:04:01,678 [WARN] PackLoader:240 - Cannot read IP mode file for STMicroelectronics.FP-ATR-ASTRA1.2.0.2
2026-07-10 09:04:01,684 [ERROR] Engine:466 - /home/anton/.stm32cubemx/thirdparties/pdsc/STMicroelectronics.X-CUBE-SMBUS.2.1.1.pdsc: PDSC version is not supported
2026-07-10 09:04:01,707 [WARN] PackLoader:240 - Cannot read IP mode file for STMicroelectronics.X-CUBE-AZRTOS-F7.1.1.0
2026-07-10 09:04:01,720 [WARN] PackLoader:240 - Cannot read IP mode file for STMicroelectronics.X-CUBE-FREERTOS.1.6.0
2026-07-10 09:04:01,726 [WARN] PackLoader:240 - Cannot read IP mode file for STMicroelectronics.FP-SNS-MOTENV1.5.1.0
2026-07-10 09:04:01,749 [WARN] PackLoader:240 - Cannot read IP mode file for STMicroelectronics.X-CUBE-AZRTOS-H7RS.1.3.0
2026-07-10 09:04:01,761 [WARN] PackLoader:240 - Cannot read IP mode file for WES.I-CUBE-Cesium.1.4.0
2026-07-10 09:04:01,769 [WARN] PackLoader:240 - Cannot read IP mode file for STMicroelectronics.X-CUBE-DISPLAY.3.0.0
2026-07-10 09:04:01,781 [WARN] PackLoader:240 - Cannot read IP mode file for STMicroelectronics.X-CUBE-GNSS1.7.1.1
2026-07-10 09:04:01,785 [WARN] PackLoader:240 - Cannot read IP mode file for STMicroelectronics.FP-SNS-MOTENVWB1.1.5.0
2026-07-10 09:04:01,789 [WARN] PackLoader:240 - Cannot read IP mode file for wolfSSL.I-CUBE-wolfSSL.5.9.1
2026-07-10 09:04:01,794 [WARN] PackLoader:240 - Cannot read IP mode file for STMicroelectronics.X-CUBE-NFC10.1.0.0
2026-07-10 09:04:01,800 [WARN] PackLoader:240 - Cannot read IP mode file for STMicroelectronics.X-CUBE-ST60.1.1.0
2026-07-10 09:04:01,805 [WARN] PackLoader:240 - Cannot read IP mode file for emotas.I-CUBE-CANOPEN.1.3.0
2026-07-10 09:04:01,807 [ERROR] Engine:466 - /home/anton/.stm32cubemx/thirdparties/pdsc/STMicroelectronics.X-CUBE-WBA.1.1.0.pdsc: PDSC version is not supported
2026-07-10 09:04:01,813 [WARN] PackLoader:240 - Cannot read IP mode file for STMicroelectronics.FP-SNS-STBOX1.2.1.0
2026-07-10 09:04:01,818 [WARN] PackLoader:240 - Cannot read IP mode file for STMicroelectronics.FP-SNS-SMARTAG2.1.2.0
2026-07-10 09:04:01,821 [WARN] PackLoader:240 - Cannot read IP mode file for STMicroelectronics.FP-SNS-FLIGHT1.5.1.0
2026-07-10 09:04:01,830 [INFO] LogOutputStream:77 - [STDOUT_REDIRECT] 1 : Invalid condition id : UX_CORESTACK_Condition cause : null
2026-07-10 09:04:01,830 [INFO] LogOutputStream:77 - [STDOUT_REDIRECT] 1 : Invalid condition id : UX_CORESTACK_Condition cause : null
2026-07-10 09:04:01,830 [INFO] LogOutputStream:77 - [STDOUT_REDIRECT] 1 : Invalid condition id : UX_CORESTACK_Condition cause : null
2026-07-10 09:04:01,831 [INFO] LogOutputStream:77 - [STDOUT_REDIRECT] 1 : Invalid condition id : UX_CORESTACK_Condition cause : null
2026-07-10 09:04:01,831 [INFO] LogOutputStream:77 - [STDOUT_REDIRECT] 1 : Invalid condition id : UX_CORESTACK_Condition cause : null
2026-07-10 09:04:01,834 [WARN] PackLoader:240 - Cannot read IP mode file for STMicroelectronics.X-CUBE-AZRTOS-WL.2.0.0
2026-07-10 09:04:01,839 [WARN] PackLoader:240 - Cannot read IP mode file for STMicroelectronics.X-CUBE-BLE2.3.3.0
2026-07-10 09:04:01,862 [WARN] PackLoader:240 - Cannot read IP mode file for Infineon.AIROC-Wi-Fi-Bluetooth-STM32.1.8.0
2026-07-10 09:04:01,868 [WARN] PackLoader:240 - Cannot read IP mode file for STMicroelectronics.X-CUBE-NFC9.1.0.0
2026-07-10 09:04:01,871 [WARN] PackLoader:240 - Cannot read IP mode file for STMicroelectronics.X-CUBE-BLE1.7.1.0
2026-07-10 09:04:01,874 [WARN] PackLoader:240 - Cannot read IP mode file for wolfSSL.I-CUBE-wolfMQTT.1.19.2
2026-07-10 09:04:01,877 [WARN] PackLoader:240 - Cannot read IP mode file for STMicroelectronics.X-CUBE-EEPRMA1.5.2.0
2026-07-10 09:04:01,881 [WARN] PackLoader:240 - Cannot read IP mode file for STMicroelectronics.FP-SNS-STAIOTCFT.1.1.0
2026-07-10 09:04:01,890 [WARN] PackLoader:240 - Cannot read IP mode file for STMicroelectronics.X-CUBE-AZRTOS-G0.1.1.0
2026-07-10 09:04:01,895 [WARN] PackLoader:240 - Cannot read IP mode file for STMicroelectronics.X-CUBE-NFC4.3.0.0
2026-07-10 09:04:01,900 [WARN] PackLoader:240 - Cannot read IP mode file for EmbeddedOffice.I-CUBE-FS-RTOS.1.0.1
2026-07-10 09:04:01,905 [WARN] PackLoader:240 - Cannot read IP mode file for wolfSSL.I-CUBE-wolfTPM.3.8.0
2026-07-10 09:04:01,908 [WARN] PackLoader:240 - Cannot read IP mode file for STMicroelectronics.X-CUBE-TCPP.4.2.0
2026-07-10 09:04:01,911 [WARN] PackLoader:240 - Cannot read IP mode file for RealThread.X-CUBE-RT-Thread_Nano.4.1.1
2026-07-10 09:04:01,913 [WARN] PackLoader:240 - Cannot read IP mode file for STMicroelectronics.FP-ATR-SIGFOX1.3.2.0
2026-07-10 09:04:01,916 [WARN] PackLoader:240 - Cannot read IP mode file for ITTIA_DB.I-CUBE-ITTIADB.8.9.0
2026-07-10 09:04:01,917 [WARN] PackLoader:240 - Cannot read IP mode file for Cesanta.I-CUBE-Mongoose.7.21.7
2026-07-10 09:04:01,921 [WARN] PackLoader:240 - Cannot read IP mode file for STMicroelectronics.X-CUBE-NFC6.3.2.0
2026-07-10 09:04:01,925 [WARN] PackLoader:240 - Cannot read IP mode file for STMicroelectronics.X-CUBE-AI.10.2.1
2026-07-10 09:04:01,951 [WARN] PackLoader:240 - Cannot read IP mode file for STMicroelectronics.X-CUBE-MEMS1.12.1.0
2026-07-10 09:04:02,065 [WARN] PackLoader:240 - Cannot read IP mode file for SEGGER.I-CUBE-embOS.1.3.1
2026-07-10 09:04:02,111 [INFO] WebApp:191 - Connection restablished
2026-07-10 09:04:02,122 [WARN] PackLoader:240 - Cannot read IP mode file for STMicroelectronics.X-CUBE-NFC13.1.0.0
2026-07-10 09:04:02,127 [WARN] PackLoader:240 - Cannot read IP mode file for STMicroelectronics.X-CUBE-PM33A1.1.0.0
2026-07-10 09:04:02,141 [WARN] PackLoader:240 - Cannot read IP mode file for STMicroelectronics.X-CUBE-AZRTOS-F4.1.1.0
2026-07-10 09:04:02,146 [WARN] PackLoader:240 - Cannot read IP mode file for STMicroelectronics.X-CUBE-ISPU.2.1.0
2026-07-10 09:04:02,157 [WARN] PackLoader:240 - Cannot read IP mode file for STMicroelectronics.X-CUBE-IPS.3.2.0
2026-07-10 09:04:02,164 [WARN] PackLoader:240 - Cannot read IP mode file for STMicroelectronics.eDS-WB_DPC_TT-BIDIR.2.1.1
2026-07-10 09:04:02,168 [WARN] PackLoader:240 - Cannot read IP mode file for STMicroelectronics.X-CUBE-NFC12.1.0.0
2026-07-10 09:04:02,181 [WARN] PackLoader:240 - Cannot read IP mode file for STMicroelectronics.X-CUBE-AZRTOS-L5.2.0.0
2026-07-10 09:04:02,188 [WARN] PackLoader:240 - Cannot read IP mode file for STMicroelectronics.X-CUBE-ALGOBUILD.1.5.0
2026-07-10 09:04:02,192 [WARN] PackLoader:240 - Cannot read IP mode file for STMicroelectronics.eDS-WB_DPC_VIENNA.1.2.0
2026-07-10 09:04:02,195 [WARN] PackLoader:240 - Cannot read IP mode file for STMicroelectronics.eDS-WB_DPC_3PH2L-BIDIR.1.1.1
2026-07-10 09:04:02,197 [ERROR] Engine:466 - /home/anton/.stm32cubemx/thirdparties/pdsc/STMicroelectronics.X-CUBE-ST67W61.1.3.0.pdsc: PDSC version is not supported
2026-07-10 09:04:02,200 [WARN] PackLoader:240 - Cannot read IP mode file for STMicroelectronics.X-CUBE-TOUCHGFX.4.26.1
2026-07-10 09:04:02,204 [WARN] PackLoader:240 - Cannot read IP mode file for STMicroelectronics.X-CUBE-DPower.1.3.0
2026-07-10 09:04:02,219 [WARN] ConditionMgr:438 - getConditionDescription Invalid condition id : LAN8742 Phy interface Condition cause : null
2026-07-10 09:04:02,220 [WARN] PackLoader:240 - Cannot read IP mode file for STMicroelectronics.X-CUBE-AZRTOS-L4.2.0.0
2026-07-10 09:04:02,221 [WARN] ConditionMgr:1044 - genDependencies : Invalid condition id : LAN8742 Phy interface Condition cause : null
2026-07-10 09:04:02,221 [WARN] ConditionMgr:1044 - genDependencies : Invalid condition id : LAN8742 Phy interface Condition cause : null
2026-07-10 09:04:02,222 [WARN] ConditionMgr:1044 - genDependencies : Invalid condition id : LAN8742 Phy interface Condition cause : null
2026-07-10 09:04:02,228 [WARN] PackLoader:240 - Cannot read IP mode file for STMicroelectronics.X-CUBE-SFXS2LP1.4.0.0
2026-07-10 09:04:02,232 [WARN] PackLoader:240 - Cannot read IP mode file for STMicroelectronics.X-CUBE-WB05N.2.1.0
2026-07-10 09:04:02,242 [WARN] ConditionMgr:438 - getConditionDescription Invalid condition id : UX DEVICE CLASS RTOS Condition cause : null
2026-07-10 09:04:02,243 [WARN] ConditionMgr:438 - getConditionDescription Invalid condition id : UX DEVICE CLASS RTOS Condition cause : null
2026-07-10 09:04:02,245 [WARN] PackLoader:240 - Cannot read IP mode file for STMicroelectronics.X-CUBE-AZRTOS-WB.2.0.0
2026-07-10 09:04:02,245 [WARN] ConditionMgr:1044 - genDependencies : Invalid condition id : UX DEVICE CLASS RTOS Condition cause : null
2026-07-10 09:04:02,245 [WARN] ConditionMgr:1044 - genDependencies : Invalid condition id : UX DEVICE CLASS RTOS Condition cause : null
2026-07-10 09:04:02,246 [WARN] ConditionMgr:1044 - genDependencies : Invalid condition id : UX DEVICE CLASS RTOS Condition cause : null
2026-07-10 09:04:02,246 [WARN] ConditionMgr:1044 - genDependencies : Invalid condition id : UX DEVICE CLASS RTOS Condition cause : null
2026-07-10 09:04:02,246 [WARN] ConditionMgr:1044 - genDependencies : Invalid condition id : UX DEVICE CLASS RTOS Condition cause : null
2026-07-10 09:04:02,249 [WARN] ConditionMgr:438 - getConditionDescription Invalid condition id : Cortex-A Device cause : null
2026-07-10 09:04:02,253 [WARN] ConditionMgr:1044 - genDependencies : Invalid condition id : Cortex-A Device cause : null
2026-07-10 09:04:02,253 [WARN] ConditionMgr:1044 - genDependencies : Invalid condition id : Cortex-A Device cause : null
2026-07-10 09:04:02,253 [WARN] ConditionMgr:1044 - genDependencies : Invalid condition id : Cortex-A Device cause : null
2026-07-10 09:04:02,260 [WARN] PackLoader:240 - Cannot read IP mode file for STMicroelectronics.X-CUBE-STSE01.2.0.0
2026-07-10 09:04:02,269 [WARN] PackLoader:240 - Cannot read IP mode file for STMicroelectronics.X-CUBE-SUBG2.5.0.0
2026-07-10 09:04:02,286 [WARN] PackLoader:240 - Cannot read IP mode file for STMicroelectronics.X-CUBE-AZRTOS-G4.2.0.0
2026-07-10 09:04:02,290 [WARN] PackLoader:240 - Cannot read IP mode file for wolfSSL.I-CUBE-wolfSSH.1.4.20
2026-07-10 09:04:02,293 [WARN] PackLoader:240 - Cannot read IP mode file for STMicroelectronics.X-CUBE-NFC7.2.0.0
2026-07-10 09:04:02,297 [ERROR] Engine:466 - /home/anton/.stm32cubemx/thirdparties/pdsc/STMicroelectronics.X-CUBE-BLEMGR.4.2.0.pdsc: PDSC version is not supported
2026-07-10 09:04:02,299 [WARN] PackLoader:240 - Cannot read IP mode file for STMicroelectronics.X-CUBE-ALS.1.0.2
2026-07-10 09:04:02,310 [WARN] PackLoader:240 - Cannot read IP mode file for STMicroelectronics.X-CUBE-TOF1.3.4.3
2026-07-10 09:04:02,321 [INFO] ThirdParty:978 - Integrity check success = true
2026-07-10 09:04:02,321 [INFO] IntegrityCheckThread:100 - exiting critical section [integrity check]
2026-07-10 09:04:02,321 [INFO] IntegrityCheckThread:103 - End integrity checks thread
2026-07-10 09:05:20,417 [INFO] McuFinderGlobals:63 - Set McuFinder mode to 2 (CubeIDE integrated)
2026-07-10 09:05:20,418 [INFO] MainUpdater:2872 - connection check result : 10
2026-07-10 09:05:20,420 [INFO] McuFinderGlobals:76 - Set McuFinderConnectedMode to true
2026-07-10 09:05:21,913 [INFO] ServerAccessManage:452 - Complete download http(s) 200
2026-07-10 09:05:21,914 [INFO] ServerAccessManage:509 - Download File mcusAds.json._tmp_
2026-07-10 09:05:22,020 [INFO] LoadUrlFilesThread:156 - End of LoadUrlFiles Thread
2026-07-10 09:05:22,910 [INFO] ServerAccessManage:452 - Complete download http(s) 200
2026-07-10 09:05:22,911 [INFO] ServerAccessManage:509 - Download File cube-finder-db.zip
2026-07-10 09:05:35,880 [INFO] FileExtend:248 - Unzip File : cube-finder-db.zip
2026-07-10 09:05:35,881 [INFO] FileExtend:263 - Standard Zip Deflate
2026-07-10 09:05:36,377 [INFO] LoadUrlFilesThread:156 - End of LoadUrlFiles Thread
2026-07-10 09:06:21,883 [WARN] ServerAccessManage:1291 - Warning during Server Connection :  timeout Connect timed out
2026-07-10 09:07:06,966 [WARN] ServerAccessManage:1291 - Warning during Server Connection :  timeout Connect timed out
2026-07-10 09:07:06,968 [ERROR] ServerAccessManage:740 - Problem, Http timeout : crdb.zip.
2026-07-10 09:07:12,045 [INFO] LoadUrlFilesThread:156 - End of LoadUrlFiles Thread
2026-07-10 09:07:16,407 [INFO] DbMcusAds:53 - JSON generation date=Thu May 28 21:38:16 IST 2026 (1779984496216)
2026-07-10 09:07:16,434 [ERROR] TargetSelectorAdapter:267 - Unable to refresh data
2026-07-10 09:07:16,605 [INFO] ApiDb:581 - Connected to CubeFinder SQLite database (/home/anton/.stmcufinder/plugins/mcufinder/mcu/cube-finder-db.db)
2026-07-10 09:07:16,636 [INFO] ApiDb:668 - CubeFinder database Data Model version=2.1
2026-07-10 09:07:16,636 [INFO] ApiDb:669 - CubeFinder database Configuration version=3.0.42
2026-07-10 09:07:16,637 [INFO] ApiDb:670 - CubeFinder database generation date=2026-06-23 (1782213372)
2026-07-10 09:07:16,637 [INFO] ApiDb:671 - CubeFinder database FW Pack versions=[FP-ATR-ASTRA1_V2.0.0, FP-SNS-FLIGHT1_V5.1.0, FP-SNS-MOTENV1_V5.1.0, FP-SNS-MOTENVWB1_V1.5.0, FP-SNS-SMARTAG2_V1.2.0, FP-SNS-STBOX1_V2.1.0, STM32Cube_FW_C0_V1.4.0, STM32Cube_FW_F4_V1.28.3, STM32Cube_FW_F7_V1.17.4, STM32Cube_FW_G0_V1.6.3, STM32Cube_FW_G4_V1.6.2, STM32Cube_FW_H5_V1.7.0, STM32Cube_FW_H7RS_V1.3.0, STM32Cube_FW_H7_V1.13.0, STM32Cube_FW_L0_V1.12.2, STM32Cube_FW_L4_V1.18.2, STM32Cube_FW_L5_V1.6.0, STM32Cube_FW_N6_V1.4.0, STM32Cube_FW_U0_V1.3.0, STM32Cube_FW_U3_V1.4.0, STM32Cube_FW_U5_V1.9.0, STM32Cube_FW_WB0_V1.5.0, STM32Cube_FW_WBA_V1.10.0, STM32Cube_FW_WB_V1.24.0, STM32Cube_FW_WL3_V1.5.0, STM32Cube_FW_WL_V1.6.0, X-CUBE-ALGOBUILD_V1.5.0, X-CUBE-ALS_V1.0.2, X-CUBE-AZRTOS-F4_V1.1.0, X-CUBE-AZRTOS-F7_V1.1.0, X-CUBE-AZRTOS-G0_V1.1.0, X-CUBE-AZRTOS-G4_V2.0.0, X-CUBE-AZRTOS-H7RS_V1.1.0, X-CUBE-AZRTOS-H7_V3.5.0, X-CUBE-AZRTOS-L4_V2.0.0, X-CUBE-AZRTOS-L5_V2.0.0, X-CUBE-AZRTOS-WB_V2.0.0, X-CUBE-AZRTOS-WL_V2.0.0, X-CUBE-BLE1_V7.1.0, X-CUBE-BLE2_V3.3.0, X-CUBE-BLEMGR_V4.1.0, X-CUBE-EEPRMA1_V5.2.0, X-CUBE-FREERTOS_V1.5.0, X-CUBE-GNSS1_V7.1.1, X-CUBE-MEMS1_V12.1.0, X-CUBE-NFC4_V3.0.0, X-CUBE-NFC7_V2.0.0, X-CUBE-SFXS2LP1_V4.0.0, X-CUBE-ST67W61_V1.3.0, X-CUBE-SUBG2_V5.0.0, X-CUBE-TOF1_V3.4.3]
2026-07-10 09:07:18,294 [INFO] ApiDb:240 - Found 880 in-development CPN: [B-G473E-ZEST1S, B-WB1M-WPAN1, B-WBA5M-WPAN, B-WL5M-SUBG1, NUCLEO-C031C6, NUCLEO-C051C8, NUCLEO-C071RB, NUCLEO-C092RC, NUCLEO-H503RB, NUCLEO-H533RE, NUCLEO-H563ZI, NUCLEO-H7S3L8, NUCLEO-N657X0-Q, NUCLEO-U031R8, NUCLEO-U083RC, NUCLEO-U385RG-Q, NUCLEO-U545RE-Q, NUCLEO-U5A5ZJ-Q, NUCLEO-WB05KZ, NUCLEO-WB07CC, NUCLEO-WB09KE, NUCLEO-WBA52CG, NUCLEO-WBA55CG, NUCLEO-WL33CC1, NUCLEO-WL33CC2, STEVAL-PROTEUS1, STEVAL-SMARTAG2, STEVAL-STWINBX1, STM320518-EVAL, STM32C0116-DK, STM32C011D6Y3TR, STM32C011D6Y6TR, STM32C011F4P3, STM32C011F4P6, STM32C011F4U3, STM32C011F4U6TR, STM32C011F6P3, STM32C011F6P6, STM32C011F6U3, STM32C011F6U6TR, STM32C011J4M3, STM32C011J4M6, STM32C011J6M3, STM32C011J6M6, STM32C0316-DK, STM32C031C4T3, STM32C031C4T6, STM32C031C4U3, STM32C031C4U6, STM32C031C6T3, STM32C031C6T6, STM32C031C6U3, STM32C031C6U6, STM32C031F4P3, STM32C031F4P6, STM32C031F6P3, STM32C031F6P6, STM32C031G4U3, STM32C031G4U6, STM32C031G6U3, STM32C031G6U6, STM32C031K4T3, STM32C031K4T6, STM32C031K4U3, STM32C031K4U6, STM32C031K6T3, STM32C031K6T6, STM32C031K6U3, STM32C031K6U6, STM32C051C6T6, STM32C051C6U6, STM32C051C8T6, STM32C051C8U6, STM32C051D8Y6TR, STM32C051F6P6, STM32C051F8P6, STM32C051G6U6, STM32C051G8U6, STM32C051K6T6, STM32C051K6U6, STM32C051K8T6, STM32C071C8T6, STM32C071C8T6N, STM32C071C8U6, STM32C071C8U6N, STM32C071CBT6, STM32C071CBT6N, STM32C071CBU6, STM32C071CBU6N, STM32C071F8P6, STM32C071F8P6N, STM32C071FBP6, STM32C071FBP6N, STM32C071FBY6TR, STM32C071G8U6, STM32C071G8U6N, STM32C071GBU6, STM32C071GBU6N, STM32C071K8T6, STM32C071K8T6N, STM32C071K8U6, STM32C071K8U6N, STM32C071KBT6, STM32C071KBT6N, STM32C071KBU6, STM32C071KBU6N, STM32C071R8T6, STM32C071R8T6N, STM32C071RBI6N, STM32C071RBT6, STM32C071RBT6N, STM32C091CBT6, STM32C091CBU6, STM32C091CCT6, STM32C091CCU6, STM32C091ECY6TR, STM32C091FBP6, STM32C091FCP6, STM32C091GBU6, STM32C091GCU6, STM32C091KBT6, STM32C091KBU6, STM32C091KCT6, STM32C091KCU6, STM32C091RBT6, STM32C091RCI6, STM32C091RCT6, STM32C092CBT6, STM32C092CBU6, STM32C092CCT6, STM32C092CCU6, STM32C092ECY6TR, STM32C092FBP6, STM32C092FCP6, STM32C092GBU6, STM32C092GCU6, STM32C092KBT6, STM32C092KBU6, STM32C092KCT6, STM32C092KCU6, STM32C092RBT6, STM32C092RCI6, STM32C092RCT6, STM32G071K8TXN, STM32G071K8UXN, STM32G081GBU6N, STM32G081KBT6N, STM32G081KBUXN, STM32G0B1CCT6N, STM32G0B1KCT6, STM32G0B1NEY6TR, STM32G0B1RCT6N, STM32G0C1CCT6, STM32G0C1CCT6N, STM32G0C1CCU6N, STM32G0C1CET6N, STM32G0C1CEU6N, STM32G0C1KCT6, STM32G0C1NEY6TR, STM32G0C1RCI6N, STM32G0C1RCT6N, STM32G0C1REI6N, STM32G0C1RET6N, STM32G0C1VCI6, STM32G0C1VEI6, STM32G411C6T3, STM32G411C6T6, STM32G411C6U3, STM32G411C6U6, STM32G411C8T3, STM32G411C8T6, STM32G411C8U3, STM32G411C8U6, STM32G411CBT3, STM32G411CBT6, STM32G411CBU3, STM32G411CBU6, STM32G411K6T3, STM32G411K6T6, STM32G411K6U3, STM32G411K6U6, STM32G411K8T3, STM32G411K8T6, STM32G411K8U3, STM32G411K8U6, STM32G411KBT3, STM32G411KBT6, STM32G411KBU3, STM32G411KBU6, STM32G411M6T3, STM32G411M6T6, STM32G411M8T3, STM32G411M8T6, STM32G411MBT3, STM32G411MBT6, STM32G411R6T3, STM32G411R6T6, STM32G411R8T3, STM32G411R8T6, STM32G411RBT3, STM32G411RBT6, STM32G414CBT3, STM32G414CBT6, STM32G414CBU3, STM32G414CBU6, STM32G414CCT3, STM32G414CCT6, STM32G414CCU3, STM32G414CCU6, STM32G414MBT3, STM32G414MBT6, STM32G414MCT3, STM32G414MCT6, STM32G414RBT3, STM32G414RBT6, STM32G414RCT3, STM32G414RCT6, STM32G414VBT3, STM32G414VBT6, STM32G414VCT3, STM32G414VCT6, STM32G431CBT3Z, STM32G431RBT3Z, STM32G471CCT6, STM32G471CCU6, STM32G471CET3, STM32G471CET6, STM32G471CEU3, STM32G471CEU6, STM32G471MCT6, STM32G471MET3, STM32G471MET6, STM32G471MEY6TR, STM32G471QCT6, STM32G471QET3, STM32G471RCT6, STM32G471RET3, STM32G471RET6, STM32G471VCH6, STM32G471VCI6, STM32G471VCT6, STM32G471VEH3, STM32G471VEH6, STM32G471VEI3, STM32G471VEI6, STM32G471VET3, STM32G471VET6, STM32G473QET3Z, STM32G473RET3Z, STM32G474CCT6, STM32G491RET3Z, STM32H503CBT6, STM32H503CBU6, STM32H503EBY6TR, STM32H503KBU6, STM32H503RBT6, STM32H523CCT6, STM32H523CCU6, STM32H523CET6, STM32H523CEU6, STM32H523HEY6TR, STM32H523RCT6, STM32H523RET6, STM32H523VCI6, STM32H523VCT6, STM32H523VEI6, STM32H523VET6, STM32H523ZCJ6, STM32H523ZCT6, STM32H523ZEJ6, STM32H523ZET6, STM32H533CET6, STM32H533CEU6, STM32H533HEY6TR, STM32H533RET6, STM32H533VEI6, STM32H533VET6, STM32H533ZEJ6, STM32H533ZET6, STM32H562AGI6, STM32H562AII6, STM32H562IGK6, STM32H562IGT6, STM32H562IIK6, STM32H562IIT6, STM32H562RGT6, STM32H562RGV6, STM32H562RIT6, STM32H562RIV6, STM32H562VGT6, STM32H562VIT6, STM32H562ZGT6, STM32H562ZIT6, STM32H563AGI6, STM32H563AII3Q, STM32H563AII6, STM32H563IGK6, STM32H563IGT6, STM32H563IIK3Q, STM32H563IIK6, STM32H563IIT3Q, STM32H563IIT6, STM32H563MIY3QTR, STM32H563RGT6, STM32H563RGV6, STM32H563RIT6, STM32H563RIV6, STM32H563VGT6, STM32H563VIT3Q, STM32H563VIT6, STM32H563ZGT6, STM32H563ZIT3Q, STM32H563ZIT6, STM32H573AII3Q, STM32H573AII6, STM32H573I-DK, STM32H573IIK3Q, STM32H573IIK6, STM32H573IIT3Q, STM32H573IIT6, STM32H573MIY3QTR, STM32H573RIT6, STM32H573RIV6, STM32H573VIT3Q, STM32H573VIT6, STM32H573ZIT3Q, STM32H573ZIT6, STM32H7R3A8I6, STM32H7R3I8K6, STM32H7R3I8T6, STM32H7R3L8H6, STM32H7R3L8H6H, STM32H7R3R8V6, STM32H7R3V8H6, STM32H7R3V8T6, STM32H7R3V8Y6TR, STM32H7R3Z8J6, STM32H7R3Z8T6, STM32H7R7A8I6, STM32H7R7I8K6, STM32H7R7I8T6, STM32H7R7L8H6, STM32H7R7L8H6H, STM32H7R7Z8J6, STM32H7S3A8I6, STM32H7S3I8K6, STM32H7S3I8T6, STM32H7S3L8H6, STM32H7S3L8H6H, STM32H7S3R8V6, STM32H7S3V8H6, STM32H7S3V8T6, STM32H7S3V8Y6TR, STM32H7S3Z8J6, STM32H7S3Z8T6, STM32H7S78-DK, STM32H7S7A8I6, STM32H7S7I8K6, STM32H7S7I8T6, STM32H7S7L8H6, STM32H7S7L8H6H, STM32H7S7Z8J6, STM32L4R5QGI6STR, STM32MP131AAE3, STM32MP131AAF3, STM32MP131AAG3, STM32MP131CAE3, STM32MP131CAF3, STM32MP131CAG3, STM32MP131DAE7, STM32MP131DAF7, STM32MP131DAG7, STM32MP131FAE7, STM32MP131FAF7, STM32MP131FAG7, STM32MP133AAE3, STM32MP133AAF3, STM32MP133AAG3, STM32MP133CAE3, STM32MP133CAF3, STM32MP133CAG3, STM32MP133DAE7, STM32MP133DAF7, STM32MP133DAG7, STM32MP133FAE7, STM32MP133FAF7, STM32MP133FAG7, STM32MP135AAE3, STM32MP135AAF3, STM32MP135AAG3, STM32MP135CAE3, STM32MP135CAF3, STM32MP135CAG3, STM32MP135DAE7, STM32MP135DAF7, STM32MP135DAG7, STM32MP135F-DK, STM32MP135FAE7, STM32MP135FAF7, STM32MP135FAF7T, STM32MP135FAF7U, STM32MP135FAG7, STM32MP211AAL3, STM32MP211AAM3, STM32MP211AAN3, STM32MP211AAO3, STM32MP211CAL3, STM32MP211CAM3, STM32MP211CAN3, STM32MP211CAO3, STM32MP211DAL3, STM32MP211DAM3, STM32MP211DAN3, STM32MP211DAO3, STM32MP211FAL3, STM32MP211FAM3, STM32MP211FAN3, STM32MP211FAO3, STM32MP213AAL3, STM32MP213AAM3, STM32MP213AAN3, STM32MP213AAO3, STM32MP213CAL3, STM32MP213CAM3, STM32MP213CAN3, STM32MP213CAO3, STM32MP213DAL3, STM32MP213DAM3, STM32MP213DAN3, STM32MP213DAO3, STM32MP213FAL3, STM32MP213FAM3, STM32MP213FAN3, STM32MP213FAO3, STM32MP215AAL3, STM32MP215AAM3, STM32MP215AAN3, STM32MP215AAO3, STM32MP215CAL3, STM32MP215CAM3, STM32MP215CAN3, STM32MP215CAO3, STM32MP215DAL3, STM32MP215DAM3, STM32MP215DAN3, STM32MP215DAO3, STM32MP215F-DK, STM32MP215FAL3, STM32MP215FAM3, STM32MP215FAN3, STM32MP215FAO3, STM32MP231AAJ3, STM32MP231AAK3, STM32MP231AAL3, STM32MP231CAJ3, STM32MP231CAK3, STM32MP231CAL3, STM32MP231DAJ3, STM32MP231DAK3, STM32MP231DAL3, STM32MP231FAJ3, STM32MP231FAK3, STM32MP231FAL3, STM32MP233AAJ3, STM32MP233AAK3, STM32MP233AAL3, STM32MP233CAJ3, STM32MP233CAK3, STM32MP233CAL3, STM32MP233DAJ3, STM32MP233DAK3, STM32MP233DAL3, STM32MP233FAJ3, STM32MP233FAK3, STM32MP233FAL3, STM32MP235AAJ3, STM32MP235AAK3, STM32MP235AAL3, STM32MP235CAJ3, STM32MP235CAK3, STM32MP235CAL3, STM32MP235DAJ3, STM32MP235DAK3, STM32MP235DAL3, STM32MP235FAJ3, STM32MP235FAK3, STM32MP235FAL3, STM32MP251AAI3, STM32MP251AAK3, STM32MP251AAL3, STM32MP251CAI3, STM32MP251CAK3, STM32MP251CAL3, STM32MP251DAI3, STM32MP251DAK3, STM32MP251DAL3, STM32MP251FAI3, STM32MP251FAK3, STM32MP251FAL3, STM32MP253AAI3, STM32MP253AAK3, STM32MP253AAL3, STM32MP253CAI3, STM32MP253CAK3, STM32MP253CAL3, STM32MP253DAI3, STM32MP253DAK3, STM32MP253DAL3, STM32MP253FAI3, STM32MP253FAK3, STM32MP253FAL3, STM32MP255AAI3, STM32MP255AAK3, STM32MP255AAL3, STM32MP255CAI3, STM32MP255CAK3, STM32MP255CAL3, STM32MP255DAI3, STM32MP255DAK3, STM32MP255DAL3, STM32MP255FAI3, STM32MP255FAK3, STM32MP255FAL3, STM32MP257AAI3, STM32MP257AAK3, STM32MP257AAL3, STM32MP257CAI3, STM32MP257CAK3, STM32MP257CAL3, STM32MP257DAI3, STM32MP257DAK3, STM32MP257DAL3, STM32MP257F-DK, STM32MP257F-EV1, STM32MP257FAI3, STM32MP257FAK3, STM32MP257FAL3, STM32N645A0H3Q, STM32N645B0H3Q, STM32N645I0H3Q, STM32N645L0H3Q, STM32N645X0H3Q, STM32N645Z0H3Q, STM32N647A0H3Q, STM32N647B0H3Q, STM32N647I0H3Q, STM32N647L0H3Q, STM32N647X0H3Q, STM32N647Z0H3Q, STM32N655A0H3Q, STM32N655B0H3Q, STM32N655I0H3Q, STM32N655L0H3Q, STM32N655X0H3Q, STM32N655Z0H3Q, STM32N6570-DK, STM32N657A0H3Q, STM32N657B0H3Q, STM32N657I0H3Q, STM32N657L0H3Q, STM32N657X0H3Q, STM32N657Z0H3Q, STM32U031C6T6, STM32U031C6U6, STM32U031C8T6, STM32U031C8U6, STM32U031F4P6, STM32U031F6P6, STM32U031F8P6, STM32U031G6Y6TR, STM32U031G8Y6TR, STM32U031K4U6, STM32U031K6U6, STM32U031K8U6, STM32U031R6I6, STM32U031R6T6, STM32U031R8I6, STM32U031R8T6, STM32U073C8T6, STM32U073C8U6, STM32U073CBT6, STM32U073CBU6, STM32U073CCT6, STM32U073CCU6, STM32U073H8Y6TR, STM32U073HBY6TR, STM32U073HCY6TR, STM32U073K8U6, STM32U073KBU6, STM32U073KCU6, STM32U073M8I6, STM32U073M8T6, STM32U073MBI6, STM32U073MBT6, STM32U073MCI6, STM32U073MCT6, STM32U073R8I6, STM32U073R8T6, STM32U073RBI6, STM32U073RBT6, STM32U073RCI6, STM32U073RCT6, STM32U083C-DK, STM32U083CCT6, STM32U083CCU6, STM32U083HCY6TR, STM32U083KCU6, STM32U083MCI6, STM32U083MCT6, STM32U083RCI6, STM32U083RCT6, STM32U375CET6, STM32U375CET6Q, STM32U375CEU6, STM32U375CEU6Q, STM32U375CEY6QTR, STM32U375CGT6, STM32U375CGT6Q, STM32U375CGU6, STM32U375CGU6Q, STM32U375CGY6QTR, STM32U375KEU6, STM32U375KGU6, STM32U375REI6, STM32U375REI6Q, STM32U375RET6, STM32U375RET6Q, STM32U375REY6GTR, STM32U375REY6QTR, STM32U375RGI6, STM32U375RGI6Q, STM32U375RGT6, STM32U375RGT6Q, STM32U375RGY6GTR, STM32U375RGY6QTR, STM32U375VEI6, STM32U375VEI6Q, STM32U375VET6, STM32U375VET6Q, STM32U375VGI6, STM32U375VGI6Q, STM32U375VGT6, STM32U375VGT6Q, STM32U385CGT6, STM32U385CGT6Q, STM32U385CGU6, STM32U385CGU6Q, STM32U385CGY6QTR, STM32U385KGU6, STM32U385RGI6, STM32U385RGI6Q, STM32U385RGT6, STM32U385RGT6Q, STM32U385RGY6GTR, STM32U385RGY6QTR, STM32U385VGI6, STM32U385VGI6Q, STM32U385VGT6, STM32U385VGT6Q, STM32U535CBT6, STM32U535CBT6Q, STM32U535CBU6, STM32U535CBU6Q, STM32U535CCT6, STM32U535CCT6Q, STM32U535CCU6, STM32U535CCU6Q, STM32U535CET6, STM32U535CET6Q, STM32U535CEU6, STM32U535CEU6Q, STM32U535JEY6QTR, STM32U535NCY6QTR, STM32U535NEY6QTR, STM32U535RBI6, STM32U535RBI6Q, STM32U535RBT6, STM32U535RBT6Q, STM32U535RCI6, STM32U535RCI6Q, STM32U535RCT6, STM32U535RCT6Q, STM32U535REI6, STM32U535REI6Q, STM32U535RET6, STM32U535RET6Q, STM32U535VCI6, STM32U535VCI6Q, STM32U535VCT6, STM32U535VCT6Q, STM32U535VEI6, STM32U535VEI6Q, STM32U535VET6, STM32U535VET6Q, STM32U545CET6, STM32U545CET6Q, STM32U545CEU6, STM32U545CEU6Q, STM32U545JEY6QTR, STM32U545NEY6QTR, STM32U545REI6, STM32U545REI6Q, STM32U545RET6, STM32U545RET6Q, STM32U545VEI6, STM32U545VEI6Q, STM32U545VET6, STM32U545VET6Q, STM32U595AIH6, STM32U595AIH6Q, STM32U595AJH6, STM32U595AJH6Q, STM32U595QII6, STM32U595QII6Q, STM32U595QJI6, STM32U595QJI6Q, STM32U595RIT6, STM32U595RIT6Q, STM32U595RJT6, STM32U595RJT6Q, STM32U595VIT6, STM32U595VIT6Q, STM32U595VJT6, STM32U595VJT6Q, STM32U595ZIT6, STM32U595ZIT6Q, STM32U595ZIY6QTR, STM32U595ZJT6, STM32U595ZJT6Q, STM32U595ZJY6QTR, STM32U599BJY6QTR, STM32U599NIH6Q, STM32U599NJH6Q, STM32U599VIT6Q, STM32U599VJT6, STM32U599VJT6Q, STM32U599ZIT6Q, STM32U599ZIY6QTR, STM32U599ZJT6Q, STM32U599ZJY6QTR, STM32U5A5AJH6, STM32U5A5AJH6Q, STM32U5A5QII3Q , STM32U5A5QJI6, STM32U5A5QJI6Q, STM32U5A5RJT6, STM32U5A5RJT6Q, STM32U5A5VJT6, STM32U5A5VJT6Q, STM32U5A5ZJT6, STM32U5A5ZJT6Q, STM32U5A5ZJY6QTR, STM32U5A9BJY6QTR, STM32U5A9J-DK, STM32U5A9NJH6Q, STM32U5A9VJT6Q, STM32U5A9ZJT6Q, STM32U5A9ZJY6QTR, STM32U5F7VIT6, STM32U5F7VIT6Q, STM32U5F7VJT6, STM32U5F7VJT6Q, STM32U5F9BJY6QTR, STM32U5F9NJH6Q, STM32U5F9VIT6Q, STM32U5F9VJT6Q, STM32U5F9ZIJ6QTR, STM32U5F9ZIT6Q, STM32U5F9ZJJ6QTR, STM32U5F9ZJT6Q, STM32U5G7VJT6, STM32U5G7VJT6Q, STM32U5G9BJY6QTR, STM32U5G9J-DK1, STM32U5G9J-DK2, STM32U5G9NJH6Q, STM32U5G9VJT6Q, STM32U5G9ZJJ6QTR, STM32U5G9ZJT6Q, STM32WB05KZV6TR, STM32WB05KZV7TR, STM32WB05TZF6TR, STM32WB05TZF7TR, STM32WB06CCF6TR, STM32WB06CCF7TR, STM32WB06CCV6TR, STM32WB06CCV7TR, STM32WB06KCV6TR, STM32WB06KCV7TR, STM32WB07CCF6TR, STM32WB07CCF7TR, STM32WB07CCV6TR, STM32WB07CCV7TR, STM32WB07KCV6TR, STM32WB07KCV7TR, STM32WB09KEV6TR, STM32WB09KEV7TR, STM32WB09TEF6TR, STM32WB09TEF7TR, STM32WB1MMCH6, STM32WBA50KGU6, STM32WBA50KGU6TR, STM32WBA52CEU6, STM32WBA52CEU6TR, STM32WBA52CEU7, STM32WBA52CEU7TR, STM32WBA52CGU6, STM32WBA52CGU6TR, STM32WBA52CGU6U, STM32WBA52CGU7, STM32WBA52CGU7TR, STM32WBA52KEU6, STM32WBA52KEU6TR, STM32WBA52KGU6, STM32WBA52KGU6TR, STM32WBA54CEU6, STM32WBA54CEU6TR, STM32WBA54CEU7, STM32WBA54CEU7TR, STM32WBA54CGU6, STM32WBA54CGU6TR, STM32WBA54CGU7, STM32WBA54CGU7TR, STM32WBA54KEU6, STM32WBA54KEU6TR, STM32WBA54KEU7, STM32WBA54KEU7TR, STM32WBA54KGU6, STM32WBA54KGU6TR, STM32WBA54KGU7, STM32WBA54KGU7TR, STM32WBA55CEU6, STM32WBA55CEU6TR, STM32WBA55CEU7, STM32WBA55CEU7TR, STM32WBA55CGU6, STM32WBA55CGU6TR, STM32WBA55CGU6U, STM32WBA55CGU7, STM32WBA55CGU7TR, STM32WBA55G-DK1, STM32WBA55HEF6, STM32WBA55HEF7, STM32WBA55HGF6, STM32WBA55HGF7, STM32WBA55UEI6, STM32WBA55UEI6TR, STM32WBA55UEI7, STM32WBA55UEI7TR, STM32WBA55UGI6, STM32WBA55UGI6TR, STM32WBA55UGI7, STM32WBA55UGI7TR, STM32WBA5MMGH6TR, STM32WBA62MGF6, STM32WBA62MIF6, STM32WBA65MGF7, STM32WBA65MIF6, STM32WBA65MIF7, STM32WL30K8V6, STM32WL30KBV6, STM32WL31C8V6, STM32WL31CBV6, STM32WL31K8V6, STM32WL31KBV6, STM32WL33C8V6, STM32WL33C8V6X, STM32WL33CBV6, STM32WL33CBV6X, STM32WL33CCV6, STM32WL33CCV6A, STM32WL33CCV6X, STM32WL33K8V7, STM32WL33K8V7X, STM32WL33KBV7 , STM32WL33KBV7X, STM32WL33KCV7, STM32WL33KCV7X, STM32WL5MOCH6, STM32WL5MOCH6TR]
2026-07-10 09:07:18,299 [INFO] DbMcus:218 - Found 5250 MCUs, 5097 are supported
2026-07-10 09:07:18,300 [INFO] ApiDb:423 - Load user favorites file /home/anton/.stm32cubeide/favorites.mcus.txt: 0 item(s)
2026-07-10 09:07:18,300 [INFO] ApiDb:427 - User favorites MCUs=[]
2026-07-10 09:07:18,300 [INFO] DbMcus:224 - Set 0 / 0 favorites MCUs
2026-07-10 09:07:18,664 [INFO] ApiDb:668 - CubeFinder database Data Model version=2.1
2026-07-10 09:07:18,664 [INFO] ApiDb:669 - CubeFinder database Configuration version=3.0.42
2026-07-10 09:07:18,664 [INFO] ApiDb:670 - CubeFinder database generation date=2026-06-23 (1782213372)
2026-07-10 09:07:18,664 [INFO] ApiDb:671 - CubeFinder database FW Pack versions=[FP-ATR-ASTRA1_V2.0.0, FP-SNS-FLIGHT1_V5.1.0, FP-SNS-MOTENV1_V5.1.0, FP-SNS-MOTENVWB1_V1.5.0, FP-SNS-SMARTAG2_V1.2.0, FP-SNS-STBOX1_V2.1.0, STM32Cube_FW_C0_V1.4.0, STM32Cube_FW_F4_V1.28.3, STM32Cube_FW_F7_V1.17.4, STM32Cube_FW_G0_V1.6.3, STM32Cube_FW_G4_V1.6.2, STM32Cube_FW_H5_V1.7.0, STM32Cube_FW_H7RS_V1.3.0, STM32Cube_FW_H7_V1.13.0, STM32Cube_FW_L0_V1.12.2, STM32Cube_FW_L4_V1.18.2, STM32Cube_FW_L5_V1.6.0, STM32Cube_FW_N6_V1.4.0, STM32Cube_FW_U0_V1.3.0, STM32Cube_FW_U3_V1.4.0, STM32Cube_FW_U5_V1.9.0, STM32Cube_FW_WB0_V1.5.0, STM32Cube_FW_WBA_V1.10.0, STM32Cube_FW_WB_V1.24.0, STM32Cube_FW_WL3_V1.5.0, STM32Cube_FW_WL_V1.6.0, X-CUBE-ALGOBUILD_V1.5.0, X-CUBE-ALS_V1.0.2, X-CUBE-AZRTOS-F4_V1.1.0, X-CUBE-AZRTOS-F7_V1.1.0, X-CUBE-AZRTOS-G0_V1.1.0, X-CUBE-AZRTOS-G4_V2.0.0, X-CUBE-AZRTOS-H7RS_V1.1.0, X-CUBE-AZRTOS-H7_V3.5.0, X-CUBE-AZRTOS-L4_V2.0.0, X-CUBE-AZRTOS-L5_V2.0.0, X-CUBE-AZRTOS-WB_V2.0.0, X-CUBE-AZRTOS-WL_V2.0.0, X-CUBE-BLE1_V7.1.0, X-CUBE-BLE2_V3.3.0, X-CUBE-BLEMGR_V4.1.0, X-CUBE-EEPRMA1_V5.2.0, X-CUBE-FREERTOS_V1.5.0, X-CUBE-GNSS1_V7.1.1, X-CUBE-MEMS1_V12.1.0, X-CUBE-NFC4_V3.0.0, X-CUBE-NFC7_V2.0.0, X-CUBE-SFXS2LP1_V4.0.0, X-CUBE-ST67W61_V1.3.0, X-CUBE-SUBG2_V5.0.0, X-CUBE-TOF1_V3.4.3]
2026-07-10 09:07:18,698 [INFO] DbBoardsSqlite:226 - include board P-NUCLEO-WB55-NUCLEO as a kit item of type 'Nucleo-64'
2026-07-10 09:07:18,698 [INFO] DbBoardsSqlite:226 - include board P-NUCLEO-WB55-USBDONGLE as a kit item of type 'Nucleo USB Dongle'
2026-07-10 09:07:18,699 [INFO] DbBoardsSqlite:226 - include board STEVAL-IDP005V1 as a kit item of type 'Evaluation Board'
2026-07-10 09:07:18,699 [INFO] DbBoardsSqlite:226 - include board STEVAL-IDP005V2 as a kit item of type 'Evaluation Board'
2026-07-10 09:07:18,729 [INFO] ApiDb:240 - Found 880 in-development CPN: [B-G473E-ZEST1S, B-WB1M-WPAN1, B-WBA5M-WPAN, B-WL5M-SUBG1, NUCLEO-C031C6, NUCLEO-C051C8, NUCLEO-C071RB, NUCLEO-C092RC, NUCLEO-H503RB, NUCLEO-H533RE, NUCLEO-H563ZI, NUCLEO-H7S3L8, NUCLEO-N657X0-Q, NUCLEO-U031R8, NUCLEO-U083RC, NUCLEO-U385RG-Q, NUCLEO-U545RE-Q, NUCLEO-U5A5ZJ-Q, NUCLEO-WB05KZ, NUCLEO-WB07CC, NUCLEO-WB09KE, NUCLEO-WBA52CG, NUCLEO-WBA55CG, NUCLEO-WL33CC1, NUCLEO-WL33CC2, STEVAL-PROTEUS1, STEVAL-SMARTAG2, STEVAL-STWINBX1, STM320518-EVAL, STM32C0116-DK, STM32C011D6Y3TR, STM32C011D6Y6TR, STM32C011F4P3, STM32C011F4P6, STM32C011F4U3, STM32C011F4U6TR, STM32C011F6P3, STM32C011F6P6, STM32C011F6U3, STM32C011F6U6TR, STM32C011J4M3, STM32C011J4M6, STM32C011J6M3, STM32C011J6M6, STM32C0316-DK, STM32C031C4T3, STM32C031C4T6, STM32C031C4U3, STM32C031C4U6, STM32C031C6T3, STM32C031C6T6, STM32C031C6U3, STM32C031C6U6, STM32C031F4P3, STM32C031F4P6, STM32C031F6P3, STM32C031F6P6, STM32C031G4U3, STM32C031G4U6, STM32C031G6U3, STM32C031G6U6, STM32C031K4T3, STM32C031K4T6, STM32C031K4U3, STM32C031K4U6, STM32C031K6T3, STM32C031K6T6, STM32C031K6U3, STM32C031K6U6, STM32C051C6T6, STM32C051C6U6, STM32C051C8T6, STM32C051C8U6, STM32C051D8Y6TR, STM32C051F6P6, STM32C051F8P6, STM32C051G6U6, STM32C051G8U6, STM32C051K6T6, STM32C051K6U6, STM32C051K8T6, STM32C071C8T6, STM32C071C8T6N, STM32C071C8U6, STM32C071C8U6N, STM32C071CBT6, STM32C071CBT6N, STM32C071CBU6, STM32C071CBU6N, STM32C071F8P6, STM32C071F8P6N, STM32C071FBP6, STM32C071FBP6N, STM32C071FBY6TR, STM32C071G8U6, STM32C071G8U6N, STM32C071GBU6, STM32C071GBU6N, STM32C071K8T6, STM32C071K8T6N, STM32C071K8U6, STM32C071K8U6N, STM32C071KBT6, STM32C071KBT6N, STM32C071KBU6, STM32C071KBU6N, STM32C071R8T6, STM32C071R8T6N, STM32C071RBI6N, STM32C071RBT6, STM32C071RBT6N, STM32C091CBT6, STM32C091CBU6, STM32C091CCT6, STM32C091CCU6, STM32C091ECY6TR, STM32C091FBP6, STM32C091FCP6, STM32C091GBU6, STM32C091GCU6, STM32C091KBT6, STM32C091KBU6, STM32C091KCT6, STM32C091KCU6, STM32C091RBT6, STM32C091RCI6, STM32C091RCT6, STM32C092CBT6, STM32C092CBU6, STM32C092CCT6, STM32C092CCU6, STM32C092ECY6TR, STM32C092FBP6, STM32C092FCP6, STM32C092GBU6, STM32C092GCU6, STM32C092KBT6, STM32C092KBU6, STM32C092KCT6, STM32C092KCU6, STM32C092RBT6, STM32C092RCI6, STM32C092RCT6, STM32G071K8TXN, STM32G071K8UXN, STM32G081GBU6N, STM32G081KBT6N, STM32G081KBUXN, STM32G0B1CCT6N, STM32G0B1KCT6, STM32G0B1NEY6TR, STM32G0B1RCT6N, STM32G0C1CCT6, STM32G0C1CCT6N, STM32G0C1CCU6N, STM32G0C1CET6N, STM32G0C1CEU6N, STM32G0C1KCT6, STM32G0C1NEY6TR, STM32G0C1RCI6N, STM32G0C1RCT6N, STM32G0C1REI6N, STM32G0C1RET6N, STM32G0C1VCI6, STM32G0C1VEI6, STM32G411C6T3, STM32G411C6T6, STM32G411C6U3, STM32G411C6U6, STM32G411C8T3, STM32G411C8T6, STM32G411C8U3, STM32G411C8U6, STM32G411CBT3, STM32G411CBT6, STM32G411CBU3, STM32G411CBU6, STM32G411K6T3, STM32G411K6T6, STM32G411K6U3, STM32G411K6U6, STM32G411K8T3, STM32G411K8T6, STM32G411K8U3, STM32G411K8U6, STM32G411KBT3, STM32G411KBT6, STM32G411KBU3, STM32G411KBU6, STM32G411M6T3, STM32G411M6T6, STM32G411M8T3, STM32G411M8T6, STM32G411MBT3, STM32G411MBT6, STM32G411R6T3, STM32G411R6T6, STM32G411R8T3, STM32G411R8T6, STM32G411RBT3, STM32G411RBT6, STM32G414CBT3, STM32G414CBT6, STM32G414CBU3, STM32G414CBU6, STM32G414CCT3, STM32G414CCT6, STM32G414CCU3, STM32G414CCU6, STM32G414MBT3, STM32G414MBT6, STM32G414MCT3, STM32G414MCT6, STM32G414RBT3, STM32G414RBT6, STM32G414RCT3, STM32G414RCT6, STM32G414VBT3, STM32G414VBT6, STM32G414VCT3, STM32G414VCT6, STM32G431CBT3Z, STM32G431RBT3Z, STM32G471CCT6, STM32G471CCU6, STM32G471CET3, STM32G471CET6, STM32G471CEU3, STM32G471CEU6, STM32G471MCT6, STM32G471MET3, STM32G471MET6, STM32G471MEY6TR, STM32G471QCT6, STM32G471QET3, STM32G471RCT6, STM32G471RET3, STM32G471RET6, STM32G471VCH6, STM32G471VCI6, STM32G471VCT6, STM32G471VEH3, STM32G471VEH6, STM32G471VEI3, STM32G471VEI6, STM32G471VET3, STM32G471VET6, STM32G473QET3Z, STM32G473RET3Z, STM32G474CCT6, STM32G491RET3Z, STM32H503CBT6, STM32H503CBU6, STM32H503EBY6TR, STM32H503KBU6, STM32H503RBT6, STM32H523CCT6, STM32H523CCU6, STM32H523CET6, STM32H523CEU6, STM32H523HEY6TR, STM32H523RCT6, STM32H523RET6, STM32H523VCI6, STM32H523VCT6, STM32H523VEI6, STM32H523VET6, STM32H523ZCJ6, STM32H523ZCT6, STM32H523ZEJ6, STM32H523ZET6, STM32H533CET6, STM32H533CEU6, STM32H533HEY6TR, STM32H533RET6, STM32H533VEI6, STM32H533VET6, STM32H533ZEJ6, STM32H533ZET6, STM32H562AGI6, STM32H562AII6, STM32H562IGK6, STM32H562IGT6, STM32H562IIK6, STM32H562IIT6, STM32H562RGT6, STM32H562RGV6, STM32H562RIT6, STM32H562RIV6, STM32H562VGT6, STM32H562VIT6, STM32H562ZGT6, STM32H562ZIT6, STM32H563AGI6, STM32H563AII3Q, STM32H563AII6, STM32H563IGK6, STM32H563IGT6, STM32H563IIK3Q, STM32H563IIK6, STM32H563IIT3Q, STM32H563IIT6, STM32H563MIY3QTR, STM32H563RGT6, STM32H563RGV6, STM32H563RIT6, STM32H563RIV6, STM32H563VGT6, STM32H563VIT3Q, STM32H563VIT6, STM32H563ZGT6, STM32H563ZIT3Q, STM32H563ZIT6, STM32H573AII3Q, STM32H573AII6, STM32H573I-DK, STM32H573IIK3Q, STM32H573IIK6, STM32H573IIT3Q, STM32H573IIT6, STM32H573MIY3QTR, STM32H573RIT6, STM32H573RIV6, STM32H573VIT3Q, STM32H573VIT6, STM32H573ZIT3Q, STM32H573ZIT6, STM32H7R3A8I6, STM32H7R3I8K6, STM32H7R3I8T6, STM32H7R3L8H6, STM32H7R3L8H6H, STM32H7R3R8V6, STM32H7R3V8H6, STM32H7R3V8T6, STM32H7R3V8Y6TR, STM32H7R3Z8J6, STM32H7R3Z8T6, STM32H7R7A8I6, STM32H7R7I8K6, STM32H7R7I8T6, STM32H7R7L8H6, STM32H7R7L8H6H, STM32H7R7Z8J6, STM32H7S3A8I6, STM32H7S3I8K6, STM32H7S3I8T6, STM32H7S3L8H6, STM32H7S3L8H6H, STM32H7S3R8V6, STM32H7S3V8H6, STM32H7S3V8T6, STM32H7S3V8Y6TR, STM32H7S3Z8J6, STM32H7S3Z8T6, STM32H7S78-DK, STM32H7S7A8I6, STM32H7S7I8K6, STM32H7S7I8T6, STM32H7S7L8H6, STM32H7S7L8H6H, STM32H7S7Z8J6, STM32L4R5QGI6STR, STM32MP131AAE3, STM32MP131AAF3, STM32MP131AAG3, STM32MP131CAE3, STM32MP131CAF3, STM32MP131CAG3, STM32MP131DAE7, STM32MP131DAF7, STM32MP131DAG7, STM32MP131FAE7, STM32MP131FAF7, STM32MP131FAG7, STM32MP133AAE3, STM32MP133AAF3, STM32MP133AAG3, STM32MP133CAE3, STM32MP133CAF3, STM32MP133CAG3, STM32MP133DAE7, STM32MP133DAF7, STM32MP133DAG7, STM32MP133FAE7, STM32MP133FAF7, STM32MP133FAG7, STM32MP135AAE3, STM32MP135AAF3, STM32MP135AAG3, STM32MP135CAE3, STM32MP135CAF3, STM32MP135CAG3, STM32MP135DAE7, STM32MP135DAF7, STM32MP135DAG7, STM32MP135F-DK, STM32MP135FAE7, STM32MP135FAF7, STM32MP135FAF7T, STM32MP135FAF7U, STM32MP135FAG7, STM32MP211AAL3, STM32MP211AAM3, STM32MP211AAN3, STM32MP211AAO3, STM32MP211CAL3, STM32MP211CAM3, STM32MP211CAN3, STM32MP211CAO3, STM32MP211DAL3, STM32MP211DAM3, STM32MP211DAN3, STM32MP211DAO3, STM32MP211FAL3, STM32MP211FAM3, STM32MP211FAN3, STM32MP211FAO3, STM32MP213AAL3, STM32MP213AAM3, STM32MP213AAN3, STM32MP213AAO3, STM32MP213CAL3, STM32MP213CAM3, STM32MP213CAN3, STM32MP213CAO3, STM32MP213DAL3, STM32MP213DAM3, STM32MP213DAN3, STM32MP213DAO3, STM32MP213FAL3, STM32MP213FAM3, STM32MP213FAN3, STM32MP213FAO3, STM32MP215AAL3, STM32MP215AAM3, STM32MP215AAN3, STM32MP215AAO3, STM32MP215CAL3, STM32MP215CAM3, STM32MP215CAN3, STM32MP215CAO3, STM32MP215DAL3, STM32MP215DAM3, STM32MP215DAN3, STM32MP215DAO3, STM32MP215F-DK, STM32MP215FAL3, STM32MP215FAM3, STM32MP215FAN3, STM32MP215FAO3, STM32MP231AAJ3, STM32MP231AAK3, STM32MP231AAL3, STM32MP231CAJ3, STM32MP231CAK3, STM32MP231CAL3, STM32MP231DAJ3, STM32MP231DAK3, STM32MP231DAL3, STM32MP231FAJ3, STM32MP231FAK3, STM32MP231FAL3, STM32MP233AAJ3, STM32MP233AAK3, STM32MP233AAL3, STM32MP233CAJ3, STM32MP233CAK3, STM32MP233CAL3, STM32MP233DAJ3, STM32MP233DAK3, STM32MP233DAL3, STM32MP233FAJ3, STM32MP233FAK3, STM32MP233FAL3, STM32MP235AAJ3, STM32MP235AAK3, STM32MP235AAL3, STM32MP235CAJ3, STM32MP235CAK3, STM32MP235CAL3, STM32MP235DAJ3, STM32MP235DAK3, STM32MP235DAL3, STM32MP235FAJ3, STM32MP235FAK3, STM32MP235FAL3, STM32MP251AAI3, STM32MP251AAK3, STM32MP251AAL3, STM32MP251CAI3, STM32MP251CAK3, STM32MP251CAL3, STM32MP251DAI3, STM32MP251DAK3, STM32MP251DAL3, STM32MP251FAI3, STM32MP251FAK3, STM32MP251FAL3, STM32MP253AAI3, STM32MP253AAK3, STM32MP253AAL3, STM32MP253CAI3, STM32MP253CAK3, STM32MP253CAL3, STM32MP253DAI3, STM32MP253DAK3, STM32MP253DAL3, STM32MP253FAI3, STM32MP253FAK3, STM32MP253FAL3, STM32MP255AAI3, STM32MP255AAK3, STM32MP255AAL3, STM32MP255CAI3, STM32MP255CAK3, STM32MP255CAL3, STM32MP255DAI3, STM32MP255DAK3, STM32MP255DAL3, STM32MP255FAI3, STM32MP255FAK3, STM32MP255FAL3, STM32MP257AAI3, STM32MP257AAK3, STM32MP257AAL3, STM32MP257CAI3, STM32MP257CAK3, STM32MP257CAL3, STM32MP257DAI3, STM32MP257DAK3, STM32MP257DAL3, STM32MP257F-DK, STM32MP257F-EV1, STM32MP257FAI3, STM32MP257FAK3, STM32MP257FAL3, STM32N645A0H3Q, STM32N645B0H3Q, STM32N645I0H3Q, STM32N645L0H3Q, STM32N645X0H3Q, STM32N645Z0H3Q, STM32N647A0H3Q, STM32N647B0H3Q, STM32N647I0H3Q, STM32N647L0H3Q, STM32N647X0H3Q, STM32N647Z0H3Q, STM32N655A0H3Q, STM32N655B0H3Q, STM32N655I0H3Q, STM32N655L0H3Q, STM32N655X0H3Q, STM32N655Z0H3Q, STM32N6570-DK, STM32N657A0H3Q, STM32N657B0H3Q, STM32N657I0H3Q, STM32N657L0H3Q, STM32N657X0H3Q, STM32N657Z0H3Q, STM32U031C6T6, STM32U031C6U6, STM32U031C8T6, STM32U031C8U6, STM32U031F4P6, STM32U031F6P6, STM32U031F8P6, STM32U031G6Y6TR, STM32U031G8Y6TR, STM32U031K4U6, STM32U031K6U6, STM32U031K8U6, STM32U031R6I6, STM32U031R6T6, STM32U031R8I6, STM32U031R8T6, STM32U073C8T6, STM32U073C8U6, STM32U073CBT6, STM32U073CBU6, STM32U073CCT6, STM32U073CCU6, STM32U073H8Y6TR, STM32U073HBY6TR, STM32U073HCY6TR, STM32U073K8U6, STM32U073KBU6, STM32U073KCU6, STM32U073M8I6, STM32U073M8T6, STM32U073MBI6, STM32U073MBT6, STM32U073MCI6, STM32U073MCT6, STM32U073R8I6, STM32U073R8T6, STM32U073RBI6, STM32U073RBT6, STM32U073RCI6, STM32U073RCT6, STM32U083C-DK, STM32U083CCT6, STM32U083CCU6, STM32U083HCY6TR, STM32U083KCU6, STM32U083MCI6, STM32U083MCT6, STM32U083RCI6, STM32U083RCT6, STM32U375CET6, STM32U375CET6Q, STM32U375CEU6, STM32U375CEU6Q, STM32U375CEY6QTR, STM32U375CGT6, STM32U375CGT6Q, STM32U375CGU6, STM32U375CGU6Q, STM32U375CGY6QTR, STM32U375KEU6, STM32U375KGU6, STM32U375REI6, STM32U375REI6Q, STM32U375RET6, STM32U375RET6Q, STM32U375REY6GTR, STM32U375REY6QTR, STM32U375RGI6, STM32U375RGI6Q, STM32U375RGT6, STM32U375RGT6Q, STM32U375RGY6GTR, STM32U375RGY6QTR, STM32U375VEI6, STM32U375VEI6Q, STM32U375VET6, STM32U375VET6Q, STM32U375VGI6, STM32U375VGI6Q, STM32U375VGT6, STM32U375VGT6Q, STM32U385CGT6, STM32U385CGT6Q, STM32U385CGU6, STM32U385CGU6Q, STM32U385CGY6QTR, STM32U385KGU6, STM32U385RGI6, STM32U385RGI6Q, STM32U385RGT6, STM32U385RGT6Q, STM32U385RGY6GTR, STM32U385RGY6QTR, STM32U385VGI6, STM32U385VGI6Q, STM32U385VGT6, STM32U385VGT6Q, STM32U535CBT6, STM32U535CBT6Q, STM32U535CBU6, STM32U535CBU6Q, STM32U535CCT6, STM32U535CCT6Q, STM32U535CCU6, STM32U535CCU6Q, STM32U535CET6, STM32U535CET6Q, STM32U535CEU6, STM32U535CEU6Q, STM32U535JEY6QTR, STM32U535NCY6QTR, STM32U535NEY6QTR, STM32U535RBI6, STM32U535RBI6Q, STM32U535RBT6, STM32U535RBT6Q, STM32U535RCI6, STM32U535RCI6Q, STM32U535RCT6, STM32U535RCT6Q, STM32U535REI6, STM32U535REI6Q, STM32U535RET6, STM32U535RET6Q, STM32U535VCI6, STM32U535VCI6Q, STM32U535VCT6, STM32U535VCT6Q, STM32U535VEI6, STM32U535VEI6Q, STM32U535VET6, STM32U535VET6Q, STM32U545CET6, STM32U545CET6Q, STM32U545CEU6, STM32U545CEU6Q, STM32U545JEY6QTR, STM32U545NEY6QTR, STM32U545REI6, STM32U545REI6Q, STM32U545RET6, STM32U545RET6Q, STM32U545VEI6, STM32U545VEI6Q, STM32U545VET6, STM32U545VET6Q, STM32U595AIH6, STM32U595AIH6Q, STM32U595AJH6, STM32U595AJH6Q, STM32U595QII6, STM32U595QII6Q, STM32U595QJI6, STM32U595QJI6Q, STM32U595RIT6, STM32U595RIT6Q, STM32U595RJT6, STM32U595RJT6Q, STM32U595VIT6, STM32U595VIT6Q, STM32U595VJT6, STM32U595VJT6Q, STM32U595ZIT6, STM32U595ZIT6Q, STM32U595ZIY6QTR, STM32U595ZJT6, STM32U595ZJT6Q, STM32U595ZJY6QTR, STM32U599BJY6QTR, STM32U599NIH6Q, STM32U599NJH6Q, STM32U599VIT6Q, STM32U599VJT6, STM32U599VJT6Q, STM32U599ZIT6Q, STM32U599ZIY6QTR, STM32U599ZJT6Q, STM32U599ZJY6QTR, STM32U5A5AJH6, STM32U5A5AJH6Q, STM32U5A5QII3Q , STM32U5A5QJI6, STM32U5A5QJI6Q, STM32U5A5RJT6, STM32U5A5RJT6Q, STM32U5A5VJT6, STM32U5A5VJT6Q, STM32U5A5ZJT6, STM32U5A5ZJT6Q, STM32U5A5ZJY6QTR, STM32U5A9BJY6QTR, STM32U5A9J-DK, STM32U5A9NJH6Q, STM32U5A9VJT6Q, STM32U5A9ZJT6Q, STM32U5A9ZJY6QTR, STM32U5F7VIT6, STM32U5F7VIT6Q, STM32U5F7VJT6, STM32U5F7VJT6Q, STM32U5F9BJY6QTR, STM32U5F9NJH6Q, STM32U5F9VIT6Q, STM32U5F9VJT6Q, STM32U5F9ZIJ6QTR, STM32U5F9ZIT6Q, STM32U5F9ZJJ6QTR, STM32U5F9ZJT6Q, STM32U5G7VJT6, STM32U5G7VJT6Q, STM32U5G9BJY6QTR, STM32U5G9J-DK1, STM32U5G9J-DK2, STM32U5G9NJH6Q, STM32U5G9VJT6Q, STM32U5G9ZJJ6QTR, STM32U5G9ZJT6Q, STM32WB05KZV6TR, STM32WB05KZV7TR, STM32WB05TZF6TR, STM32WB05TZF7TR, STM32WB06CCF6TR, STM32WB06CCF7TR, STM32WB06CCV6TR, STM32WB06CCV7TR, STM32WB06KCV6TR, STM32WB06KCV7TR, STM32WB07CCF6TR, STM32WB07CCF7TR, STM32WB07CCV6TR, STM32WB07CCV7TR, STM32WB07KCV6TR, STM32WB07KCV7TR, STM32WB09KEV6TR, STM32WB09KEV7TR, STM32WB09TEF6TR, STM32WB09TEF7TR, STM32WB1MMCH6, STM32WBA50KGU6, STM32WBA50KGU6TR, STM32WBA52CEU6, STM32WBA52CEU6TR, STM32WBA52CEU7, STM32WBA52CEU7TR, STM32WBA52CGU6, STM32WBA52CGU6TR, STM32WBA52CGU6U, STM32WBA52CGU7, STM32WBA52CGU7TR, STM32WBA52KEU6, STM32WBA52KEU6TR, STM32WBA52KGU6, STM32WBA52KGU6TR, STM32WBA54CEU6, STM32WBA54CEU6TR, STM32WBA54CEU7, STM32WBA54CEU7TR, STM32WBA54CGU6, STM32WBA54CGU6TR, STM32WBA54CGU7, STM32WBA54CGU7TR, STM32WBA54KEU6, STM32WBA54KEU6TR, STM32WBA54KEU7, STM32WBA54KEU7TR, STM32WBA54KGU6, STM32WBA54KGU6TR, STM32WBA54KGU7, STM32WBA54KGU7TR, STM32WBA55CEU6, STM32WBA55CEU6TR, STM32WBA55CEU7, STM32WBA55CEU7TR, STM32WBA55CGU6, STM32WBA55CGU6TR, STM32WBA55CGU6U, STM32WBA55CGU7, STM32WBA55CGU7TR, STM32WBA55G-DK1, STM32WBA55HEF6, STM32WBA55HEF7, STM32WBA55HGF6, STM32WBA55HGF7, STM32WBA55UEI6, STM32WBA55UEI6TR, STM32WBA55UEI7, STM32WBA55UEI7TR, STM32WBA55UGI6, STM32WBA55UGI6TR, STM32WBA55UGI7, STM32WBA55UGI7TR, STM32WBA5MMGH6TR, STM32WBA62MGF6, STM32WBA62MIF6, STM32WBA65MGF7, STM32WBA65MIF6, STM32WBA65MIF7, STM32WL30K8V6, STM32WL30KBV6, STM32WL31C8V6, STM32WL31CBV6, STM32WL31K8V6, STM32WL31KBV6, STM32WL33C8V6, STM32WL33C8V6X, STM32WL33CBV6, STM32WL33CBV6X, STM32WL33CCV6, STM32WL33CCV6A, STM32WL33CCV6X, STM32WL33K8V7, STM32WL33K8V7X, STM32WL33KBV7 , STM32WL33KBV7X, STM32WL33KCV7, STM32WL33KCV7X, STM32WL5MOCH6, STM32WL5MOCH6TR]
2026-07-10 09:07:18,798 [INFO] BoardInfo:889 - No configuration file found for board NUCLEO-H5E5ZJ
2026-07-10 09:07:18,798 [INFO] DbBoards:161 - Board is not supported: NUCLEO-H5E5ZJ
2026-07-10 09:07:18,828 [INFO] BoardInfo:889 - No configuration file found for board NUCLEO-U3C5ZI-Q
2026-07-10 09:07:18,828 [INFO] DbBoards:161 - Board is not supported: NUCLEO-U3C5ZI-Q
2026-07-10 09:07:18,844 [INFO] BoardInfo:889 - No configuration file found for board NUCLEO-WBA25CE1
2026-07-10 09:07:18,845 [INFO] DbBoards:161 - Board is not supported: NUCLEO-WBA25CE1
2026-07-10 09:07:18,849 [INFO] BoardInfo:889 - No configuration file found for board NUCLEO-WL3RKB1
2026-07-10 09:07:18,849 [INFO] DbBoards:161 - Board is not supported: NUCLEO-WL3RKB1
2026-07-10 09:07:18,849 [INFO] BoardInfo:889 - No configuration file found for board NUCLEO-WL3RKB2
2026-07-10 09:07:18,849 [INFO] DbBoards:161 - Board is not supported: NUCLEO-WL3RKB2
2026-07-10 09:07:18,853 [INFO] BoardInfo:889 - No configuration file found for board P-NUCLEO-WB55
2026-07-10 09:07:18,853 [INFO] DbBoards:161 - Kit is not supported: P-NUCLEO-WB55
2026-07-10 09:07:18,856 [INFO] BoardInfo:889 - No configuration file found for board STEVAL-BFA001V1B
2026-07-10 09:07:18,856 [INFO] DbBoards:161 - Kit is not supported: STEVAL-BFA001V1B
2026-07-10 09:07:18,856 [INFO] BoardInfo:889 - No configuration file found for board STEVAL-BFA001V2B
2026-07-10 09:07:18,857 [INFO] DbBoards:161 - Kit is not supported: STEVAL-BFA001V2B
2026-07-10 09:07:18,896 [INFO] BoardInfo:889 - No configuration file found for board STM32H5F5J-DK
2026-07-10 09:07:18,896 [INFO] DbBoards:161 - Board is not supported: STM32H5F5J-DK
2026-07-10 09:07:18,933 [INFO] DbBoards:168 - Found 218 boards, 209 are supported
2026-07-10 09:07:18,933 [INFO] DbBoards:169 - Found 218 boards, 43 of them is supported for  Bsp
2026-07-10 09:07:18,935 [INFO] ApiDb:423 - Load user favorites file /home/anton/.stm32cubeide/favorites.boards.txt: 0 item(s)
2026-07-10 09:07:18,935 [INFO] ApiDb:427 - User favorites Boards=[]
2026-07-10 09:07:18,935 [INFO] DbBoards:198 - Set 0 / 0 favorites Boards
2026-07-10 09:07:18,935 [INFO] McuFinderGlobals:76 - Set McuFinderConnectedMode to true
2026-07-10 09:07:18,941 [INFO] MultiScanPanel:200 - Auto-refresh data requested => check proxy status ongoing
2026-07-10 09:07:18,943 [INFO] FinderPluginLoader:96 - Searching for filters in installed packs
2026-07-10 09:07:19,914 [INFO] LoadUrlFilesThread:185 - End of LoadServerUrlFiles without Thread
2026-07-10 09:07:19,921 [INFO] DetailPanel:341 - Set advertising image to /home/anton/STM32Cube/Repository//en.prom-stm32wl3r-0526.jpg
2026-07-10 09:07:39,402 [INFO] MultiScanPanel:200 - Auto-refresh data requested => check proxy status ongoing
2026-07-10 09:07:39,494 [INFO] LoadUrlFilesThread:185 - End of LoadServerUrlFiles without Thread
2026-07-10 09:07:39,495 [INFO] DetailPanel:341 - Set advertising image to /home/anton/STM32Cube/Repository//en.prom-stm32wl3r-0526.jpg
2026-07-10 09:07:39,504 [INFO] DbBoards:642 - Loading board mini-images...
2026-07-10 09:07:41,194 [INFO] DbBoards:665 - Loaded 218 board mini-images
2026-07-10 09:08:31,488 [INFO] McuFinderGlobals:76 - Set McuFinderConnectedMode to true
2026-07-10 09:08:32,560 [INFO] ApiDb:448 - Save user favorites file /home/anton/.stm32cubeide/favorites.mcus.txt: 0 item(s)
2026-07-10 09:08:32,560 [INFO] ApiDb:452 - User favorites MCUs=[]
2026-07-10 09:08:32,561 [INFO] ApiDb:448 - Save user favorites file /home/anton/.stm32cubeide/favorites.boards.txt: 0 item(s)
2026-07-10 09:08:32,561 [INFO] ApiDb:452 - User favorites Boards=[]
2026-07-10 09:12:33,187 [ERROR] LogOutputStream:75 - [STDERR_REDIRECT] 
2026-07-10 09:12:44,448 [INFO] Activator:176 - 


2026-07-10 09:12:44,449 [INFO] Activator:177 - !SESSION log4j initialized
2026-07-10 09:12:46,497 [INFO] LogOutputStream:77 - [STDOUT_REDIRECT] 
2026-07-10 09:12:47,852 [INFO] ApplicationProperties:184 - Using Application install path: /opt/st/stm32cubeide_1.19.0/plugins/com.st.stm32cube.common.mx_6.15.0.202507011659
2026-07-10 09:12:47,861 [INFO] DbMcusXml:78 - Set database path to: /opt/st/stm32cubeide_1.19.0/plugins/com.st.stm32cube.common.mx_6.15.0.202507011659//db//mcu/
2026-07-10 09:12:47,861 [INFO] ApiDb:274 - Set plugin database path to: /opt/st/stm32cubeide_1.19.0/plugins/com.st.stm32cube.common.mx_6.15.0.202507011659//db//plugins/boardmanager/
2026-07-10 09:12:47,861 [WARN] ApiDb:259 - Overriding images path with different value:  => /opt/st/stm32cubeide_1.19.0/plugins/com.st.stm32cube.common.mx_6.15.0.202507011659//db//plugins/mcufinder/images/
2026-07-10 09:12:47,863 [INFO] ApiDb:250 - Set database path to: /home/anton/.stmcufinder/plugins/mcufinder//mcu/
2026-07-10 09:12:47,864 [INFO] DbMcusAds:125 - Set database path to: /home/anton/.stmcufinder/plugins/mcufinder//mcu/
2026-07-10 09:12:47,865 [INFO] CrossReferenceDbSqlite:203 - Set database path to: /home/anton/.stmcufinder/plugins/mcufinder//mcu/cs/
2026-07-10 09:12:47,928 [INFO] RulesReader:64 - Compatibility file has been processed (317 Rules)
2026-07-10 09:12:47,956 [INFO] DbMcusXml:78 - Set database path to: /opt/st/stm32cubeide_1.19.0/plugins/com.st.stm32cube.common.mx_6.15.0.202507011659//db//mcu/
2026-07-10 09:12:47,956 [INFO] ApiDb:274 - Set plugin database path to: /opt/st/stm32cubeide_1.19.0/plugins/com.st.stm32cube.common.mx_6.15.0.202507011659//db//plugins/boardmanager/
2026-07-10 09:12:47,957 [INFO] ApiDb:261 - Set plugin images path to: /opt/st/stm32cubeide_1.19.0/plugins/com.st.stm32cube.common.mx_6.15.0.202507011659//db//plugins/mcufinder/images/
2026-07-10 09:12:47,957 [WARN] DbFile:41 - Overriding database path with different value: /home/anton/.stmcufinder/plugins/mcufinder/ => /home/anton/.stmcufinder/plugins/mcufinder
2026-07-10 09:12:47,957 [INFO] ApiDb:250 - Set database path to: /home/anton/.stmcufinder/plugins/mcufinder//mcu/
2026-07-10 09:12:47,957 [WARN] DbFile:41 - Overriding database path with different value: /home/anton/.stmcufinder/plugins/mcufinder/ => /home/anton/.stmcufinder/plugins/mcufinder
2026-07-10 09:12:47,957 [INFO] DbMcusAds:125 - Set database path to: /home/anton/.stmcufinder/plugins/mcufinder//mcu/
2026-07-10 09:12:47,957 [WARN] DbFile:41 - Overriding database path with different value: /home/anton/.stmcufinder/plugins/mcufinder/ => /home/anton/.stmcufinder/plugins/mcufinder
2026-07-10 09:12:47,957 [WARN] DbFile:41 - Overriding database path with different value: /home/anton/.stmcufinder/plugins/mcufinder/ => /home/anton/.stmcufinder/plugins/mcufinder
2026-07-10 09:12:47,957 [INFO] CrossReferenceDbSqlite:203 - Set database path to: /home/anton/.stmcufinder/plugins/mcufinder//mcu/cs/
2026-07-10 09:12:47,987 [INFO] MainPanel:274 - HeapMemory: 268435456
2026-07-10 09:12:48,040 [INFO] DbMcusXml:78 - Set database path to: /opt/st/stm32cubeide_1.19.0/plugins/com.st.stm32cube.common.mx_6.15.0.202507011659//db//mcu/
2026-07-10 09:12:48,040 [INFO] ApiDb:274 - Set plugin database path to: /opt/st/stm32cubeide_1.19.0/plugins/com.st.stm32cube.common.mx_6.15.0.202507011659//db//plugins/boardmanager/
2026-07-10 09:12:48,040 [INFO] ApiDb:261 - Set plugin images path to: /opt/st/stm32cubeide_1.19.0/plugins/com.st.stm32cube.common.mx_6.15.0.202507011659//db//plugins/mcufinder/images/
2026-07-10 09:12:48,040 [WARN] DbFile:41 - Overriding database path with different value: /home/anton/.stmcufinder/plugins/mcufinder/ => /home/anton/.stmcufinder/plugins/mcufinder
2026-07-10 09:12:48,040 [INFO] ApiDb:250 - Set database path to: /home/anton/.stmcufinder/plugins/mcufinder//mcu/
2026-07-10 09:12:48,041 [WARN] DbFile:41 - Overriding database path with different value: /home/anton/.stmcufinder/plugins/mcufinder/ => /home/anton/.stmcufinder/plugins/mcufinder
2026-07-10 09:12:48,041 [INFO] DbMcusAds:125 - Set database path to: /home/anton/.stmcufinder/plugins/mcufinder//mcu/
2026-07-10 09:12:48,041 [WARN] DbFile:41 - Overriding database path with different value: /home/anton/.stmcufinder/plugins/mcufinder/ => /home/anton/.stmcufinder/plugins/mcufinder
2026-07-10 09:12:48,041 [WARN] DbFile:41 - Overriding database path with different value: /home/anton/.stmcufinder/plugins/mcufinder/ => /home/anton/.stmcufinder/plugins/mcufinder
2026-07-10 09:12:48,041 [INFO] CrossReferenceDbSqlite:203 - Set database path to: /home/anton/.stmcufinder/plugins/mcufinder//mcu/cs/
2026-07-10 09:12:48,048 [INFO] ApplicationProperties:184 - Using Application install path: /opt/st/stm32cubeide_1.19.0/plugins/com.st.stm32cube.common.mx_6.15.0.202507011659
2026-07-10 09:12:48,049 [INFO] PluginManage:196 - Search for loadable plugins [exclusion list=, ]
2026-07-10 09:12:48,051 [INFO] PluginManage:310 - Check plugin analytics
2026-07-10 09:12:48,138 [INFO] AnalyticsPlugin:253 - Accepted Software Licenses: STM32CubeMX.6.16.0
2026-07-10 09:12:48,138 [INFO] AnalyticsPlugin:255 - Accepted CMSIS Pack Licenses: 
2026-07-10 09:12:48,138 [INFO] AnalyticsPlugin:257 - Accepted Firmware Licenses: 
2026-07-10 09:12:48,140 [INFO] PluginManage:359 - Loaded plugin analytics (category:tool,tabindex:-1)
2026-07-10 09:12:48,140 [INFO] PluginManage:310 - Check plugin cadmodel
2026-07-10 09:12:48,143 [INFO] CADModel:105 - Init CAD model plugin
2026-07-10 09:12:48,143 [INFO] PluginManage:359 - Loaded plugin cadmodel (category:power,tabindex:5)
2026-07-10 09:12:48,143 [INFO] PluginManage:310 - Check plugin clock
2026-07-10 09:12:48,149 [INFO] PluginManage:359 - Loaded plugin clock (category:base,tabindex:2)
2026-07-10 09:12:48,149 [INFO] PluginManage:310 - Check plugin ddr
2026-07-10 09:12:48,150 [INFO] PluginManage:359 - Loaded plugin ddr (category:tool,tabindex:6)
2026-07-10 09:12:48,150 [INFO] PluginManage:310 - Check plugin filemanager
2026-07-10 09:12:48,231 [INFO] PluginManage:359 - Loaded plugin filemanager (category:base,tabindex:10)
2026-07-10 09:12:48,232 [INFO] PluginManage:310 - Check plugin ipmanager
2026-07-10 09:12:48,234 [INFO] PluginManage:359 - Loaded plugin ipmanager (category:base,tabindex:5)
2026-07-10 09:12:48,234 [INFO] PluginManage:310 - Check plugin lpbam
2026-07-10 09:12:48,239 [INFO] PluginManage:359 - Loaded plugin lpbam (category:base,tabindex:0)
2026-07-10 09:12:48,239 [INFO] PluginManage:310 - Check plugin memorymap
2026-07-10 09:12:48,245 [INFO] PluginManage:359 - Loaded plugin memorymap (category:base,tabindex:4)
2026-07-10 09:12:48,245 [INFO] PluginManage:310 - Check plugin pinoutandconfiguration
2026-07-10 09:12:48,248 [INFO] PluginManage:359 - Loaded plugin pinoutandconfiguration (category:base,tabindex:1)
2026-07-10 09:12:48,249 [INFO] PluginManage:310 - Check plugin pinoutconfig
2026-07-10 09:12:48,327 [WARN] SupportedApi:132 - Cannot load RTOS API schema: s4s-elt-must-match.1: The content of 'definitions' must match (annotation?, (simpleType | complexType)?, (unique | key | keyref)*)). A problem was found starting at: attribute.
2026-07-10 09:12:48,410 [INFO] PluginManage:359 - Loaded plugin pinoutconfig (category:base,tabindex:0)
2026-07-10 09:12:48,410 [INFO] PluginManage:310 - Check plugin power
2026-07-10 09:12:48,415 [INFO] PluginManage:359 - Loaded plugin power (category:power,tabindex:4)
2026-07-10 09:12:48,415 [INFO] PluginManage:310 - Check plugin projectmanager
2026-07-10 09:12:48,426 [INFO] PluginManage:359 - Loaded plugin projectmanager (category:projectmanager,tabindex:4)
2026-07-10 09:12:48,427 [INFO] PluginManage:310 - Check plugin rif
2026-07-10 09:12:48,431 [INFO] PluginManage:359 - Loaded plugin rif (category:base,tabindex:3)
2026-07-10 09:12:48,431 [INFO] PluginManage:310 - Check plugin thirdparty
2026-07-10 09:12:48,485 [INFO] PluginManage:359 - Loaded plugin thirdparty (category:base,tabindex:-1)
2026-07-10 09:12:48,485 [WARN] IntegrityCheckThread:84 - waiting for thirdparty lock release [integrity check]
2026-07-10 09:12:48,485 [INFO] PluginManage:310 - Check plugin tools
2026-07-10 09:12:48,485 [INFO] IntegrityCheckThread:86 - entering critical section [integrity check]
2026-07-10 09:12:48,486 [INFO] ThirdPartyUpdaterWithRetryManager:70 - Updater plugin not ready yet. [1/15]
2026-07-10 09:12:48,487 [INFO] PluginManage:359 - Loaded plugin tools (category:base,tabindex:7)
2026-07-10 09:12:48,487 [INFO] PluginManage:310 - Check plugin tutovideos
2026-07-10 09:12:48,582 [INFO] PluginManage:359 - Loaded plugin tutovideos (category:base,tabindex:-1)
2026-07-10 09:12:48,582 [INFO] PluginManage:310 - Check plugin updater
2026-07-10 09:12:48,596 [INFO] PluginManage:359 - Loaded plugin updater (category:base,tabindex:12)
2026-07-10 09:12:48,596 [INFO] PluginManage:310 - Check plugin userauth
2026-07-10 09:12:48,598 [INFO] UserAuth:118 - Init User Auth plugin
2026-07-10 09:12:48,599 [INFO] PluginManage:359 - Loaded plugin userauth (category:base,tabindex:14)
2026-07-10 09:12:48,599 [INFO] PluginManage:283 - PluginManage : Loaded plugins [18]
2026-07-10 09:12:48,686 [INFO] PinOutPanel:1589 - setPackage(No Configuration,No Configuration)
2026-07-10 09:12:48,725 [INFO] CADModel:165 - CPN selected for project level
2026-07-10 09:12:48,725 [INFO] CADModel:114 - Register for checkConnection events
2026-07-10 09:12:48,732 [INFO] IPUIPlugin:80 - create IPUIPlugin
2026-07-10 09:12:48,733 [INFO] PluginManager:220 - loadIPPluginJar : add i2s
2026-07-10 09:12:48,736 [INFO] IPUIPlugin:80 - create IPUIPlugin
2026-07-10 09:12:48,736 [INFO] PluginManager:220 - loadIPPluginJar : add dma
2026-07-10 09:12:48,737 [INFO] IPUIPlugin:80 - create IPUIPlugin
2026-07-10 09:12:48,737 [INFO] PluginManager:220 - loadIPPluginJar : add tim
2026-07-10 09:12:48,738 [INFO] IPUIPlugin:80 - create IPUIPlugin
2026-07-10 09:12:48,738 [INFO] PluginManager:220 - loadIPPluginJar : add ltdc
2026-07-10 09:12:48,739 [INFO] IPUIPlugin:80 - create IPUIPlugin
2026-07-10 09:12:48,739 [INFO] PluginManager:220 - loadIPPluginJar : add quadspi
2026-07-10 09:12:48,743 [INFO] IPUIPlugin:80 - create IPUIPlugin
2026-07-10 09:12:48,743 [INFO] PluginManager:220 - loadIPPluginJar : add stm32_wpan
2026-07-10 09:12:48,744 [INFO] IPUIPlugin:80 - create IPUIPlugin
2026-07-10 09:12:48,744 [INFO] PluginManager:220 - loadIPPluginJar : add ddr_ctrl_phy
2026-07-10 09:12:48,745 [INFO] IPUIPlugin:80 - create IPUIPlugin
2026-07-10 09:12:48,745 [INFO] PluginManager:220 - loadIPPluginJar : add can
2026-07-10 09:12:48,747 [INFO] IPUIPlugin:80 - create IPUIPlugin
2026-07-10 09:12:48,748 [INFO] PluginManager:220 - loadIPPluginJar : add gic
2026-07-10 09:12:48,749 [INFO] IPUIPlugin:80 - create IPUIPlugin
2026-07-10 09:12:48,749 [INFO] PluginManager:220 - loadIPPluginJar : add spi
2026-07-10 09:12:48,750 [INFO] IPUIPlugin:80 - create IPUIPlugin
2026-07-10 09:12:48,750 [INFO] PluginManager:220 - loadIPPluginJar : add openamp
2026-07-10 09:12:48,751 [INFO] IPUIPlugin:80 - create IPUIPlugin
2026-07-10 09:12:48,751 [INFO] PluginManager:220 - loadIPPluginJar : add aes
2026-07-10 09:12:48,752 [INFO] IPUIPlugin:80 - create IPUIPlugin
2026-07-10 09:12:48,752 [INFO] PluginManager:220 - loadIPPluginJar : add gtzc
2026-07-10 09:12:48,756 [INFO] IPUIPlugin:80 - create IPUIPlugin
2026-07-10 09:12:48,756 [INFO] PluginManager:220 - loadIPPluginJar : add linkedlist
2026-07-10 09:12:48,757 [INFO] IPUIPlugin:80 - create IPUIPlugin
2026-07-10 09:12:48,757 [INFO] PluginManager:220 - loadIPPluginJar : add fatfs
2026-07-10 09:12:48,758 [INFO] IPUIPlugin:80 - create IPUIPlugin
2026-07-10 09:12:48,758 [INFO] PluginManager:220 - loadIPPluginJar : add dma3
2026-07-10 09:12:48,761 [INFO] IPUIPlugin:80 - create IPUIPlugin
2026-07-10 09:12:48,761 [INFO] PluginManager:220 - loadIPPluginJar : add mdma
2026-07-10 09:12:48,762 [INFO] IPUIPlugin:80 - create IPUIPlugin
2026-07-10 09:12:48,762 [INFO] PluginManager:220 - loadIPPluginJar : add resmgrutility
2026-07-10 09:12:48,763 [INFO] IPUIPlugin:80 - create IPUIPlugin
2026-07-10 09:12:48,763 [INFO] PluginManager:220 - loadIPPluginJar : add genericplugin
2026-07-10 09:12:48,764 [INFO] IPUIPlugin:80 - create IPUIPlugin
2026-07-10 09:12:48,764 [INFO] PluginManager:220 - loadIPPluginJar : add hash
2026-07-10 09:12:48,765 [INFO] IPUIPlugin:80 - create IPUIPlugin
2026-07-10 09:12:48,765 [INFO] PluginManager:220 - loadIPPluginJar : add lorawan
2026-07-10 09:12:48,766 [INFO] IPUIPlugin:80 - create IPUIPlugin
2026-07-10 09:12:48,766 [INFO] PluginManager:220 - loadIPPluginJar : add tracer_emb
2026-07-10 09:12:48,767 [INFO] IPUIPlugin:80 - create IPUIPlugin
2026-07-10 09:12:48,767 [INFO] PluginManager:220 - loadIPPluginJar : add extmemmanager
2026-07-10 09:12:48,768 [INFO] IPUIPlugin:80 - create IPUIPlugin
2026-07-10 09:12:48,768 [INFO] PluginManager:220 - loadIPPluginJar : add nvic
2026-07-10 09:12:48,771 [INFO] IPUIPlugin:80 - create IPUIPlugin
2026-07-10 09:12:48,771 [INFO] PluginManager:220 - loadIPPluginJar : add fmc
2026-07-10 09:12:48,772 [INFO] IPUIPlugin:80 - create IPUIPlugin
2026-07-10 09:12:48,772 [INFO] PluginManager:220 - loadIPPluginJar : add ipddr
2026-07-10 09:12:48,774 [INFO] IPUIPlugin:80 - create IPUIPlugin
2026-07-10 09:12:48,774 [INFO] PluginManager:220 - loadIPPluginJar : add gpio
2026-07-10 09:12:48,775 [INFO] IPUIPlugin:80 - create IPUIPlugin
2026-07-10 09:12:48,775 [INFO] PluginManager:220 - loadIPPluginJar : add ts
2026-07-10 09:12:48,778 [INFO] IPUIPlugin:80 - create IPUIPlugin
2026-07-10 09:12:48,778 [INFO] PluginManager:220 - loadIPPluginJar : add freertos
2026-07-10 09:12:48,779 [INFO] IPUIPlugin:80 - create IPUIPlugin
2026-07-10 09:12:48,779 [INFO] PluginManager:220 - loadIPPluginJar : add radio
2026-07-10 09:12:48,780 [INFO] IPUIPlugin:80 - create IPUIPlugin
2026-07-10 09:12:48,780 [INFO] PluginManager:220 - loadIPPluginJar : add gfxmmu
2026-07-10 09:12:48,781 [INFO] IPUIPlugin:80 - create IPUIPlugin
2026-07-10 09:12:48,781 [INFO] PluginManager:220 - loadIPPluginJar : add dfsdm
2026-07-10 09:12:48,782 [INFO] IPUIPlugin:80 - create IPUIPlugin
2026-07-10 09:12:48,782 [INFO] PluginManager:220 - loadIPPluginJar : add opamp
2026-07-10 09:12:48,783 [INFO] IPUIPlugin:80 - create IPUIPlugin
2026-07-10 09:12:48,783 [INFO] PluginManager:220 - loadIPPluginJar : add tsc
2026-07-10 09:12:48,784 [INFO] IPUIPlugin:80 - create IPUIPlugin
2026-07-10 09:12:48,784 [INFO] PluginManager:220 - loadIPPluginJar : add i3c
2026-07-10 09:12:48,786 [INFO] IPUIPlugin:80 - create IPUIPlugin
2026-07-10 09:12:48,786 [INFO] PluginManager:220 - loadIPPluginJar : add sai
2026-07-10 09:12:48,788 [INFO] IPUIPlugin:80 - create IPUIPlugin
2026-07-10 09:12:48,788 [INFO] PluginManager:220 - loadIPPluginJar : add touchsensing
2026-07-10 09:12:48,789 [INFO] IPUIPlugin:80 - create IPUIPlugin
2026-07-10 09:12:48,789 [INFO] PluginManager:220 - loadIPPluginJar : add cryp
2026-07-10 09:12:48,790 [INFO] IPUIPlugin:80 - create IPUIPlugin
2026-07-10 09:12:48,791 [INFO] PluginManager:220 - loadIPPluginJar : add pdm2pcm
2026-07-10 09:12:48,791 [INFO] IPUIPlugin:80 - create IPUIPlugin
2026-07-10 09:12:48,791 [INFO] PluginManager:220 - loadIPPluginJar : add comp
2026-07-10 09:12:48,792 [INFO] IPUIPlugin:80 - create IPUIPlugin
2026-07-10 09:12:48,792 [INFO] PluginManager:220 - loadIPPluginJar : add usart
2026-07-10 09:12:48,793 [INFO] IPUIPlugin:80 - create IPUIPlugin
2026-07-10 09:12:48,793 [INFO] PluginManager:220 - loadIPPluginJar : add ucpd
2026-07-10 09:12:48,794 [INFO] IPUIPlugin:80 - create IPUIPlugin
2026-07-10 09:12:48,794 [INFO] PluginManager:220 - loadIPPluginJar : add i2c
2026-07-10 09:12:48,796 [INFO] IPUIPlugin:80 - create IPUIPlugin
2026-07-10 09:12:48,796 [INFO] PluginManager:220 - loadIPPluginJar : add usbx
2026-07-10 09:12:48,799 [INFO] IPUIPlugin:80 - create IPUIPlugin
2026-07-10 09:12:48,799 [INFO] PluginManager:220 - loadIPPluginJar : add adc
2026-07-10 09:12:48,802 [INFO] IPUIPlugin:80 - create IPUIPlugin
2026-07-10 09:12:48,804 [INFO] PluginManager:220 - loadIPPluginJar : add plateformsettings
2026-07-10 09:12:48,896 [FATAL] Updater:351 - Updater called before beeing initialized
2026-07-10 09:12:48,919 [INFO] RulesReader:64 - Compatibility file has been processed (317 Rules)
2026-07-10 09:12:48,930 [INFO] RulesReader:64 - Compatibility file has been processed (317 Rules)
2026-07-10 09:12:48,936 [INFO] CADModel:165 - CPN selected for project level
2026-07-10 09:12:48,936 [INFO] CADModel:114 - Register for checkConnection events
2026-07-10 09:12:48,936 [FATAL] Updater:351 - Updater called before beeing initialized
2026-07-10 09:12:48,936 [ERROR] CADModel:125 - Updater not yet initialized, retry later 
2026-07-10 09:12:49,003 [FATAL] Updater:351 - Updater called before beeing initialized
2026-07-10 09:12:49,004 [INFO] CADModel:165 - CPN selected for project level
2026-07-10 09:12:49,004 [INFO] CADModel:114 - Register for checkConnection events
2026-07-10 09:12:49,004 [FATAL] Updater:351 - Updater called before beeing initialized
2026-07-10 09:12:49,004 [ERROR] CADModel:125 - Updater not yet initialized, retry later 
2026-07-10 09:12:49,005 [FATAL] Updater:351 - Updater called before beeing initialized
2026-07-10 09:12:49,048 [FATAL] Updater:351 - Updater called before beeing initialized
2026-07-10 09:12:49,050 [INFO] DbMcusAds:53 - JSON generation date=Thu May 28 21:38:16 IST 2026 (1779984496216)
2026-07-10 09:12:49,051 [FATAL] Updater:351 - Updater called before beeing initialized
2026-07-10 09:12:49,070 [WARN] DetailPanel:346 - Failed to get advertising image, set to default
2026-07-10 09:12:49,117 [FATAL] Updater:351 - Updater called before beeing initialized
2026-07-10 09:12:49,119 [FATAL] Updater:351 - Updater called before beeing initialized
2026-07-10 09:12:49,119 [FATAL] Updater:351 - Updater called before beeing initialized
2026-07-10 09:12:49,119 [WARN] DetailPanel:346 - Failed to get advertising image, set to default
2026-07-10 09:12:49,119 [FATAL] Updater:351 - Updater called before beeing initialized
2026-07-10 09:12:49,137 [ERROR] Updater:1198 - MainUpdater not yet initialized. External WinMGr cannot be set.
2026-07-10 09:12:49,137 [INFO] Updater:1134 - Updater Version found : 6.15.0
2026-07-10 09:12:49,146 [INFO] ApplicationProperties:184 - Using Application install path: /opt/st/stm32cubeide_1.19.0/plugins/com.st.stm32cube.common.mx_6.15.0.202507011659
2026-07-10 09:12:49,423 [INFO] MainUpdater:2872 - connection check result : 10
2026-07-10 09:12:49,424 [INFO] MainUpdater:289 - Updater Check For Update Now.
2026-07-10 09:12:49,424 [INFO] MicroXplorer:498 - Change Database Version : DB.6.0.150
2026-07-10 09:12:49,428 [INFO] McuFinderGlobals:63 - Set McuFinder mode to 2 (CubeIDE integrated)
2026-07-10 09:12:49,428 [INFO] UserAuth:171 - activating auth plugin
2026-07-10 09:12:49,430 [INFO] UserAuth:487 - Internet connection configuration mode: 1
2026-07-10 09:12:49,440 [INFO] JxBrowserEngine:152 - Initiate JxBrowser Engine with user profile folder
2026-07-10 09:12:49,571 [INFO] CheckServerUpdateThread:120 - End of CheckServer Thread
2026-07-10 09:12:49,793 [INFO] WebApp:169 - Instantiating new browser for Auth
2026-07-10 09:12:50,124 [INFO] WebApp:463 - Apply proxy settings
2026-07-10 09:12:50,124 [INFO] WebApp:548 - Chromium requires no authentication
2026-07-10 09:12:50,129 [INFO] WebApp:491 - Direct internet connection detected
2026-07-10 09:12:50,138 [INFO] WebApp:900 - Register for checkConnection events
2026-07-10 09:12:50,138 [INFO] WebApp:463 - Apply proxy settings
2026-07-10 09:12:50,138 [INFO] WebApp:548 - Chromium requires no authentication
2026-07-10 09:12:50,138 [INFO] WebApp:491 - Direct internet connection detected
2026-07-10 09:12:50,203 [INFO] WebApp:225 - Starting web application
2026-07-10 09:12:50,203 [INFO] WebApp:593 - Web application path used /opt/st/stm32cubeide_1.19.0/plugins/com.st.stm32cube.common.mx_6.15.0.202507011659/db/plugins/mcufinder/reactClient1/index.html
2026-07-10 09:12:50,559 [INFO] WebApp:191 - Connection restablished
2026-07-10 09:12:51,597 [WARN] PackLoader:240 - Cannot read IP mode file for STMicroelectronics.X-CUBE-AZRTOS-H7.3.5.0
2026-07-10 09:12:51,608 [WARN] PackLoader:240 - Cannot read IP mode file for STMicroelectronics.FP-ATR-ASTRA1.2.0.2
2026-07-10 09:12:51,613 [ERROR] Engine:466 - /home/anton/.stm32cubemx/thirdparties/pdsc/STMicroelectronics.X-CUBE-SMBUS.2.1.1.pdsc: PDSC version is not supported
2026-07-10 09:12:51,643 [WARN] PackLoader:240 - Cannot read IP mode file for STMicroelectronics.X-CUBE-AZRTOS-F7.1.1.0
2026-07-10 09:12:51,654 [WARN] PackLoader:240 - Cannot read IP mode file for STMicroelectronics.X-CUBE-FREERTOS.1.6.0
2026-07-10 09:12:51,659 [WARN] PackLoader:240 - Cannot read IP mode file for STMicroelectronics.FP-SNS-MOTENV1.5.1.0
2026-07-10 09:12:51,675 [WARN] PackLoader:240 - Cannot read IP mode file for STMicroelectronics.X-CUBE-AZRTOS-H7RS.1.3.0
2026-07-10 09:12:51,682 [WARN] PackLoader:240 - Cannot read IP mode file for WES.I-CUBE-Cesium.1.4.0
2026-07-10 09:12:51,686 [WARN] PackLoader:240 - Cannot read IP mode file for STMicroelectronics.X-CUBE-DISPLAY.3.0.0
2026-07-10 09:12:51,693 [WARN] PackLoader:240 - Cannot read IP mode file for STMicroelectronics.X-CUBE-GNSS1.7.1.1
2026-07-10 09:12:51,696 [WARN] PackLoader:240 - Cannot read IP mode file for STMicroelectronics.FP-SNS-MOTENVWB1.1.5.0
2026-07-10 09:12:51,698 [WARN] PackLoader:240 - Cannot read IP mode file for wolfSSL.I-CUBE-wolfSSL.5.9.1
2026-07-10 09:12:51,702 [WARN] PackLoader:240 - Cannot read IP mode file for STMicroelectronics.X-CUBE-NFC10.1.0.0
2026-07-10 09:12:51,705 [WARN] PackLoader:240 - Cannot read IP mode file for STMicroelectronics.X-CUBE-ST60.1.1.0
2026-07-10 09:12:51,708 [WARN] PackLoader:240 - Cannot read IP mode file for emotas.I-CUBE-CANOPEN.1.3.0
2026-07-10 09:12:51,709 [ERROR] Engine:466 - /home/anton/.stm32cubemx/thirdparties/pdsc/STMicroelectronics.X-CUBE-WBA.1.1.0.pdsc: PDSC version is not supported
2026-07-10 09:12:51,712 [WARN] PackLoader:240 - Cannot read IP mode file for STMicroelectronics.FP-SNS-STBOX1.2.1.0
2026-07-10 09:12:51,716 [WARN] PackLoader:240 - Cannot read IP mode file for STMicroelectronics.FP-SNS-SMARTAG2.1.2.0
2026-07-10 09:12:51,718 [WARN] PackLoader:240 - Cannot read IP mode file for STMicroelectronics.FP-SNS-FLIGHT1.5.1.0
2026-07-10 09:12:51,722 [INFO] LogOutputStream:77 - [STDOUT_REDIRECT] 1 : Invalid condition id : UX_CORESTACK_Condition cause : null
2026-07-10 09:12:51,723 [INFO] LogOutputStream:77 - [STDOUT_REDIRECT] 1 : Invalid condition id : UX_CORESTACK_Condition cause : null
2026-07-10 09:12:51,723 [INFO] LogOutputStream:77 - [STDOUT_REDIRECT] 1 : Invalid condition id : UX_CORESTACK_Condition cause : null
2026-07-10 09:12:51,723 [INFO] LogOutputStream:77 - [STDOUT_REDIRECT] 1 : Invalid condition id : UX_CORESTACK_Condition cause : null
2026-07-10 09:12:51,723 [INFO] LogOutputStream:77 - [STDOUT_REDIRECT] 1 : Invalid condition id : UX_CORESTACK_Condition cause : null
2026-07-10 09:12:51,725 [WARN] PackLoader:240 - Cannot read IP mode file for STMicroelectronics.X-CUBE-AZRTOS-WL.2.0.0
2026-07-10 09:12:51,729 [WARN] PackLoader:240 - Cannot read IP mode file for STMicroelectronics.X-CUBE-BLE2.3.3.0
2026-07-10 09:12:51,747 [WARN] PackLoader:240 - Cannot read IP mode file for Infineon.AIROC-Wi-Fi-Bluetooth-STM32.1.8.0
2026-07-10 09:12:51,752 [WARN] PackLoader:240 - Cannot read IP mode file for STMicroelectronics.X-CUBE-NFC9.1.0.0
2026-07-10 09:12:51,755 [WARN] PackLoader:240 - Cannot read IP mode file for STMicroelectronics.X-CUBE-BLE1.7.1.0
2026-07-10 09:12:51,757 [WARN] PackLoader:240 - Cannot read IP mode file for wolfSSL.I-CUBE-wolfMQTT.1.19.2
2026-07-10 09:12:51,759 [WARN] PackLoader:240 - Cannot read IP mode file for STMicroelectronics.X-CUBE-EEPRMA1.5.2.0
2026-07-10 09:12:51,763 [WARN] PackLoader:240 - Cannot read IP mode file for STMicroelectronics.FP-SNS-STAIOTCFT.1.1.0
2026-07-10 09:12:51,772 [WARN] PackLoader:240 - Cannot read IP mode file for STMicroelectronics.X-CUBE-AZRTOS-G0.1.1.0
2026-07-10 09:12:51,775 [WARN] PackLoader:240 - Cannot read IP mode file for STMicroelectronics.X-CUBE-NFC4.3.0.0
2026-07-10 09:12:51,780 [WARN] PackLoader:240 - Cannot read IP mode file for EmbeddedOffice.I-CUBE-FS-RTOS.1.0.1
2026-07-10 09:12:51,782 [WARN] PackLoader:240 - Cannot read IP mode file for wolfSSL.I-CUBE-wolfTPM.3.8.0
2026-07-10 09:12:51,785 [WARN] PackLoader:240 - Cannot read IP mode file for STMicroelectronics.X-CUBE-TCPP.4.2.0
2026-07-10 09:12:51,789 [WARN] PackLoader:240 - Cannot read IP mode file for RealThread.X-CUBE-RT-Thread_Nano.4.1.1
2026-07-10 09:12:51,790 [WARN] PackLoader:240 - Cannot read IP mode file for STMicroelectronics.FP-ATR-SIGFOX1.3.2.0
2026-07-10 09:12:51,793 [WARN] PackLoader:240 - Cannot read IP mode file for ITTIA_DB.I-CUBE-ITTIADB.8.9.0
2026-07-10 09:12:51,794 [WARN] PackLoader:240 - Cannot read IP mode file for Cesanta.I-CUBE-Mongoose.7.21.7
2026-07-10 09:12:51,798 [WARN] PackLoader:240 - Cannot read IP mode file for STMicroelectronics.X-CUBE-NFC6.3.2.0
2026-07-10 09:12:51,801 [WARN] PackLoader:240 - Cannot read IP mode file for STMicroelectronics.X-CUBE-AI.10.2.1
2026-07-10 09:12:51,839 [WARN] PackLoader:240 - Cannot read IP mode file for STMicroelectronics.X-CUBE-MEMS1.12.1.0
2026-07-10 09:12:51,976 [WARN] PackLoader:240 - Cannot read IP mode file for SEGGER.I-CUBE-embOS.1.3.1
2026-07-10 09:12:52,009 [WARN] PackLoader:240 - Cannot read IP mode file for STMicroelectronics.X-CUBE-NFC13.1.0.0
2026-07-10 09:12:52,012 [WARN] PackLoader:240 - Cannot read IP mode file for STMicroelectronics.X-CUBE-PM33A1.1.0.0
2026-07-10 09:12:52,020 [WARN] PackLoader:240 - Cannot read IP mode file for STMicroelectronics.X-CUBE-AZRTOS-F4.1.1.0
2026-07-10 09:12:52,023 [WARN] PackLoader:240 - Cannot read IP mode file for STMicroelectronics.X-CUBE-ISPU.2.1.0
2026-07-10 09:12:52,029 [WARN] PackLoader:240 - Cannot read IP mode file for STMicroelectronics.X-CUBE-IPS.3.2.0
2026-07-10 09:12:52,036 [WARN] PackLoader:240 - Cannot read IP mode file for STMicroelectronics.eDS-WB_DPC_TT-BIDIR.2.1.1
2026-07-10 09:12:52,039 [WARN] PackLoader:240 - Cannot read IP mode file for STMicroelectronics.X-CUBE-NFC12.1.0.0
2026-07-10 09:12:52,047 [WARN] PackLoader:240 - Cannot read IP mode file for STMicroelectronics.X-CUBE-AZRTOS-L5.2.0.0
2026-07-10 09:12:52,051 [WARN] PackLoader:240 - Cannot read IP mode file for STMicroelectronics.X-CUBE-ALGOBUILD.1.5.0
2026-07-10 09:12:52,053 [WARN] PackLoader:240 - Cannot read IP mode file for STMicroelectronics.eDS-WB_DPC_VIENNA.1.2.0
2026-07-10 09:12:52,056 [WARN] PackLoader:240 - Cannot read IP mode file for STMicroelectronics.eDS-WB_DPC_3PH2L-BIDIR.1.1.1
2026-07-10 09:12:52,058 [ERROR] Engine:466 - /home/anton/.stm32cubemx/thirdparties/pdsc/STMicroelectronics.X-CUBE-ST67W61.1.3.0.pdsc: PDSC version is not supported
2026-07-10 09:12:52,060 [WARN] PackLoader:240 - Cannot read IP mode file for STMicroelectronics.X-CUBE-TOUCHGFX.4.26.1
2026-07-10 09:12:52,063 [WARN] PackLoader:240 - Cannot read IP mode file for STMicroelectronics.X-CUBE-DPower.1.3.0
2026-07-10 09:12:52,072 [WARN] ConditionMgr:438 - getConditionDescription Invalid condition id : LAN8742 Phy interface Condition cause : null
2026-07-10 09:12:52,072 [WARN] PackLoader:240 - Cannot read IP mode file for STMicroelectronics.X-CUBE-AZRTOS-L4.2.0.0
2026-07-10 09:12:52,073 [WARN] ConditionMgr:1044 - genDependencies : Invalid condition id : LAN8742 Phy interface Condition cause : null
2026-07-10 09:12:52,073 [WARN] ConditionMgr:1044 - genDependencies : Invalid condition id : LAN8742 Phy interface Condition cause : null
2026-07-10 09:12:52,074 [WARN] ConditionMgr:1044 - genDependencies : Invalid condition id : LAN8742 Phy interface Condition cause : null
2026-07-10 09:12:52,077 [WARN] PackLoader:240 - Cannot read IP mode file for STMicroelectronics.X-CUBE-SFXS2LP1.4.0.0
2026-07-10 09:12:52,080 [WARN] PackLoader:240 - Cannot read IP mode file for STMicroelectronics.X-CUBE-WB05N.2.1.0
2026-07-10 09:12:52,085 [WARN] ConditionMgr:438 - getConditionDescription Invalid condition id : UX DEVICE CLASS RTOS Condition cause : null
2026-07-10 09:12:52,086 [WARN] ConditionMgr:438 - getConditionDescription Invalid condition id : UX DEVICE CLASS RTOS Condition cause : null
2026-07-10 09:12:52,087 [WARN] PackLoader:240 - Cannot read IP mode file for STMicroelectronics.X-CUBE-AZRTOS-WB.2.0.0
2026-07-10 09:12:52,087 [WARN] ConditionMgr:1044 - genDependencies : Invalid condition id : UX DEVICE CLASS RTOS Condition cause : null
2026-07-10 09:12:52,087 [WARN] ConditionMgr:1044 - genDependencies : Invalid condition id : UX DEVICE CLASS RTOS Condition cause : null
2026-07-10 09:12:52,087 [WARN] ConditionMgr:1044 - genDependencies : Invalid condition id : UX DEVICE CLASS RTOS Condition cause : null
2026-07-10 09:12:52,087 [WARN] ConditionMgr:1044 - genDependencies : Invalid condition id : UX DEVICE CLASS RTOS Condition cause : null
2026-07-10 09:12:52,087 [WARN] ConditionMgr:1044 - genDependencies : Invalid condition id : UX DEVICE CLASS RTOS Condition cause : null
2026-07-10 09:12:52,089 [WARN] ConditionMgr:438 - getConditionDescription Invalid condition id : Cortex-A Device cause : null
2026-07-10 09:12:52,094 [WARN] ConditionMgr:1044 - genDependencies : Invalid condition id : Cortex-A Device cause : null
2026-07-10 09:12:52,094 [WARN] ConditionMgr:1044 - genDependencies : Invalid condition id : Cortex-A Device cause : null
2026-07-10 09:12:52,094 [WARN] ConditionMgr:1044 - genDependencies : Invalid condition id : Cortex-A Device cause : null
2026-07-10 09:12:52,098 [WARN] PackLoader:240 - Cannot read IP mode file for STMicroelectronics.X-CUBE-STSE01.2.0.0
2026-07-10 09:12:52,104 [WARN] PackLoader:240 - Cannot read IP mode file for STMicroelectronics.X-CUBE-SUBG2.5.0.0
2026-07-10 09:12:52,113 [WARN] PackLoader:240 - Cannot read IP mode file for STMicroelectronics.X-CUBE-AZRTOS-G4.2.0.0
2026-07-10 09:12:52,115 [WARN] PackLoader:240 - Cannot read IP mode file for wolfSSL.I-CUBE-wolfSSH.1.4.20
2026-07-10 09:12:52,117 [WARN] PackLoader:240 - Cannot read IP mode file for STMicroelectronics.X-CUBE-NFC7.2.0.0
2026-07-10 09:12:52,120 [ERROR] Engine:466 - /home/anton/.stm32cubemx/thirdparties/pdsc/STMicroelectronics.X-CUBE-BLEMGR.4.2.0.pdsc: PDSC version is not supported
2026-07-10 09:12:52,122 [WARN] PackLoader:240 - Cannot read IP mode file for STMicroelectronics.X-CUBE-ALS.1.0.2
2026-07-10 09:12:52,128 [WARN] PackLoader:240 - Cannot read IP mode file for STMicroelectronics.X-CUBE-TOF1.3.4.3
2026-07-10 09:12:52,136 [INFO] ThirdParty:978 - Integrity check success = true
2026-07-10 09:12:52,136 [INFO] IntegrityCheckThread:100 - exiting critical section [integrity check]
2026-07-10 09:12:52,136 [INFO] IntegrityCheckThread:103 - End integrity checks thread
2026-07-10 10:03:25,027 [ERROR] LogOutputStream:75 - [STDERR_REDIRECT] 
2026-07-10 10:03:38,262 [INFO] Activator:176 - 


2026-07-10 10:03:38,263 [INFO] Activator:177 - !SESSION log4j initialized
2026-07-10 10:03:45,747 [INFO] LogOutputStream:77 - [STDOUT_REDIRECT] 
2026-07-10 10:03:46,283 [INFO] ApplicationProperties:184 - Using Application install path: /opt/st/stm32cubeide_1.19.0/plugins/com.st.stm32cube.common.mx_6.15.0.202507011659
2026-07-10 10:03:46,292 [INFO] DbMcusXml:78 - Set database path to: /opt/st/stm32cubeide_1.19.0/plugins/com.st.stm32cube.common.mx_6.15.0.202507011659//db//mcu/
2026-07-10 10:03:46,292 [INFO] ApiDb:274 - Set plugin database path to: /opt/st/stm32cubeide_1.19.0/plugins/com.st.stm32cube.common.mx_6.15.0.202507011659//db//plugins/boardmanager/
2026-07-10 10:03:46,292 [WARN] ApiDb:259 - Overriding images path with different value:  => /opt/st/stm32cubeide_1.19.0/plugins/com.st.stm32cube.common.mx_6.15.0.202507011659//db//plugins/mcufinder/images/
2026-07-10 10:03:46,296 [INFO] ApiDb:250 - Set database path to: /home/anton/.stmcufinder/plugins/mcufinder//mcu/
2026-07-10 10:03:46,297 [INFO] DbMcusAds:125 - Set database path to: /home/anton/.stmcufinder/plugins/mcufinder//mcu/
2026-07-10 10:03:46,298 [INFO] CrossReferenceDbSqlite:203 - Set database path to: /home/anton/.stmcufinder/plugins/mcufinder//mcu/cs/
2026-07-10 10:03:46,332 [INFO] DbMcusXml:78 - Set database path to: /opt/st/stm32cubeide_1.19.0/plugins/com.st.stm32cube.common.mx_6.15.0.202507011659//db//mcu/
2026-07-10 10:03:46,332 [INFO] ApiDb:274 - Set plugin database path to: /opt/st/stm32cubeide_1.19.0/plugins/com.st.stm32cube.common.mx_6.15.0.202507011659//db//plugins/boardmanager/
2026-07-10 10:03:46,332 [INFO] ApiDb:261 - Set plugin images path to: /opt/st/stm32cubeide_1.19.0/plugins/com.st.stm32cube.common.mx_6.15.0.202507011659//db//plugins/mcufinder/images/
2026-07-10 10:03:46,332 [WARN] DbFile:41 - Overriding database path with different value: /home/anton/.stmcufinder/plugins/mcufinder/ => /home/anton/.stmcufinder/plugins/mcufinder
2026-07-10 10:03:46,333 [INFO] ApiDb:250 - Set database path to: /home/anton/.stmcufinder/plugins/mcufinder//mcu/
2026-07-10 10:03:46,333 [WARN] DbFile:41 - Overriding database path with different value: /home/anton/.stmcufinder/plugins/mcufinder/ => /home/anton/.stmcufinder/plugins/mcufinder
2026-07-10 10:03:46,333 [INFO] DbMcusAds:125 - Set database path to: /home/anton/.stmcufinder/plugins/mcufinder//mcu/
2026-07-10 10:03:46,333 [WARN] DbFile:41 - Overriding database path with different value: /home/anton/.stmcufinder/plugins/mcufinder/ => /home/anton/.stmcufinder/plugins/mcufinder
2026-07-10 10:03:46,333 [WARN] DbFile:41 - Overriding database path with different value: /home/anton/.stmcufinder/plugins/mcufinder/ => /home/anton/.stmcufinder/plugins/mcufinder
2026-07-10 10:03:46,333 [INFO] CrossReferenceDbSqlite:203 - Set database path to: /home/anton/.stmcufinder/plugins/mcufinder//mcu/cs/
2026-07-10 10:03:46,365 [INFO] MainPanel:274 - HeapMemory: 268435456
2026-07-10 10:03:46,420 [INFO] DbMcusXml:78 - Set database path to: /opt/st/stm32cubeide_1.19.0/plugins/com.st.stm32cube.common.mx_6.15.0.202507011659//db//mcu/
2026-07-10 10:03:46,421 [INFO] ApiDb:274 - Set plugin database path to: /opt/st/stm32cubeide_1.19.0/plugins/com.st.stm32cube.common.mx_6.15.0.202507011659//db//plugins/boardmanager/
2026-07-10 10:03:46,421 [INFO] ApiDb:261 - Set plugin images path to: /opt/st/stm32cubeide_1.19.0/plugins/com.st.stm32cube.common.mx_6.15.0.202507011659//db//plugins/mcufinder/images/
2026-07-10 10:03:46,421 [WARN] DbFile:41 - Overriding database path with different value: /home/anton/.stmcufinder/plugins/mcufinder/ => /home/anton/.stmcufinder/plugins/mcufinder
2026-07-10 10:03:46,421 [INFO] ApiDb:250 - Set database path to: /home/anton/.stmcufinder/plugins/mcufinder//mcu/
2026-07-10 10:03:46,421 [WARN] DbFile:41 - Overriding database path with different value: /home/anton/.stmcufinder/plugins/mcufinder/ => /home/anton/.stmcufinder/plugins/mcufinder
2026-07-10 10:03:46,421 [INFO] DbMcusAds:125 - Set database path to: /home/anton/.stmcufinder/plugins/mcufinder//mcu/
2026-07-10 10:03:46,421 [WARN] DbFile:41 - Overriding database path with different value: /home/anton/.stmcufinder/plugins/mcufinder/ => /home/anton/.stmcufinder/plugins/mcufinder
2026-07-10 10:03:46,421 [WARN] DbFile:41 - Overriding database path with different value: /home/anton/.stmcufinder/plugins/mcufinder/ => /home/anton/.stmcufinder/plugins/mcufinder
2026-07-10 10:03:46,421 [INFO] CrossReferenceDbSqlite:203 - Set database path to: /home/anton/.stmcufinder/plugins/mcufinder//mcu/cs/
2026-07-10 10:03:46,429 [INFO] ApplicationProperties:184 - Using Application install path: /opt/st/stm32cubeide_1.19.0/plugins/com.st.stm32cube.common.mx_6.15.0.202507011659
2026-07-10 10:03:46,430 [INFO] PluginManage:196 - Search for loadable plugins [exclusion list=, ]
2026-07-10 10:03:46,430 [INFO] PluginManage:310 - Check plugin analytics
2026-07-10 10:03:46,526 [INFO] AnalyticsPlugin:253 - Accepted Software Licenses: STM32CubeMX.6.16.0
2026-07-10 10:03:46,526 [INFO] AnalyticsPlugin:255 - Accepted CMSIS Pack Licenses: 
2026-07-10 10:03:46,526 [INFO] AnalyticsPlugin:257 - Accepted Firmware Licenses: 
2026-07-10 10:03:46,528 [INFO] PluginManage:359 - Loaded plugin analytics (category:tool,tabindex:-1)
2026-07-10 10:03:46,528 [INFO] PluginManage:310 - Check plugin cadmodel
2026-07-10 10:03:46,530 [INFO] CADModel:105 - Init CAD model plugin
2026-07-10 10:03:46,530 [INFO] PluginManage:359 - Loaded plugin cadmodel (category:power,tabindex:5)
2026-07-10 10:03:46,530 [INFO] PluginManage:310 - Check plugin clock
2026-07-10 10:03:46,535 [INFO] PluginManage:359 - Loaded plugin clock (category:base,tabindex:2)
2026-07-10 10:03:46,535 [INFO] PluginManage:310 - Check plugin ddr
2026-07-10 10:03:46,536 [INFO] PluginManage:359 - Loaded plugin ddr (category:tool,tabindex:6)
2026-07-10 10:03:46,536 [INFO] PluginManage:310 - Check plugin filemanager
2026-07-10 10:03:46,615 [INFO] PluginManage:359 - Loaded plugin filemanager (category:base,tabindex:10)
2026-07-10 10:03:46,616 [INFO] PluginManage:310 - Check plugin ipmanager
2026-07-10 10:03:46,618 [INFO] PluginManage:359 - Loaded plugin ipmanager (category:base,tabindex:5)
2026-07-10 10:03:46,618 [INFO] PluginManage:310 - Check plugin lpbam
2026-07-10 10:03:46,623 [INFO] PluginManage:359 - Loaded plugin lpbam (category:base,tabindex:0)
2026-07-10 10:03:46,623 [INFO] PluginManage:310 - Check plugin memorymap
2026-07-10 10:03:46,629 [INFO] PluginManage:359 - Loaded plugin memorymap (category:base,tabindex:4)
2026-07-10 10:03:46,629 [INFO] PluginManage:310 - Check plugin pinoutandconfiguration
2026-07-10 10:03:46,633 [INFO] PluginManage:359 - Loaded plugin pinoutandconfiguration (category:base,tabindex:1)
2026-07-10 10:03:46,633 [INFO] PluginManage:310 - Check plugin pinoutconfig
2026-07-10 10:03:46,680 [WARN] SupportedApi:132 - Cannot load RTOS API schema: s4s-elt-must-match.1: The content of 'definitions' must match (annotation?, (simpleType | complexType)?, (unique | key | keyref)*)). A problem was found starting at: attribute.
2026-07-10 10:03:46,747 [INFO] PluginManage:359 - Loaded plugin pinoutconfig (category:base,tabindex:0)
2026-07-10 10:03:46,747 [INFO] PluginManage:310 - Check plugin power
2026-07-10 10:03:46,751 [INFO] PluginManage:359 - Loaded plugin power (category:power,tabindex:4)
2026-07-10 10:03:46,752 [INFO] PluginManage:310 - Check plugin projectmanager
2026-07-10 10:03:46,760 [INFO] PluginManage:359 - Loaded plugin projectmanager (category:projectmanager,tabindex:4)
2026-07-10 10:03:46,760 [INFO] PluginManage:310 - Check plugin rif
2026-07-10 10:03:46,766 [INFO] PluginManage:359 - Loaded plugin rif (category:base,tabindex:3)
2026-07-10 10:03:46,766 [INFO] PluginManage:310 - Check plugin thirdparty
2026-07-10 10:03:46,836 [INFO] PluginManage:359 - Loaded plugin thirdparty (category:base,tabindex:-1)
2026-07-10 10:03:46,835 [WARN] IntegrityCheckThread:84 - waiting for thirdparty lock release [integrity check]
2026-07-10 10:03:46,836 [INFO] IntegrityCheckThread:86 - entering critical section [integrity check]
2026-07-10 10:03:46,836 [INFO] PluginManage:310 - Check plugin tools
2026-07-10 10:03:46,836 [INFO] ThirdPartyUpdaterWithRetryManager:70 - Updater plugin not ready yet. [1/15]
2026-07-10 10:03:46,837 [INFO] PluginManage:359 - Loaded plugin tools (category:base,tabindex:7)
2026-07-10 10:03:46,837 [INFO] PluginManage:310 - Check plugin tutovideos
2026-07-10 10:03:46,942 [INFO] PluginManage:359 - Loaded plugin tutovideos (category:base,tabindex:-1)
2026-07-10 10:03:46,942 [INFO] PluginManage:310 - Check plugin updater
2026-07-10 10:03:46,955 [INFO] PluginManage:359 - Loaded plugin updater (category:base,tabindex:12)
2026-07-10 10:03:46,955 [INFO] PluginManage:310 - Check plugin userauth
2026-07-10 10:03:46,957 [INFO] UserAuth:118 - Init User Auth plugin
2026-07-10 10:03:46,958 [INFO] PluginManage:359 - Loaded plugin userauth (category:base,tabindex:14)
2026-07-10 10:03:46,958 [INFO] PluginManage:283 - PluginManage : Loaded plugins [18]
2026-07-10 10:03:47,069 [INFO] PinOutPanel:1589 - setPackage(No Configuration,No Configuration)
2026-07-10 10:03:47,119 [INFO] CADModel:165 - CPN selected for project level
2026-07-10 10:03:47,120 [INFO] CADModel:114 - Register for checkConnection events
2026-07-10 10:03:47,127 [INFO] IPUIPlugin:80 - create IPUIPlugin
2026-07-10 10:03:47,127 [INFO] PluginManager:220 - loadIPPluginJar : add i2s
2026-07-10 10:03:47,131 [INFO] IPUIPlugin:80 - create IPUIPlugin
2026-07-10 10:03:47,131 [INFO] PluginManager:220 - loadIPPluginJar : add dma
2026-07-10 10:03:47,132 [INFO] IPUIPlugin:80 - create IPUIPlugin
2026-07-10 10:03:47,132 [INFO] PluginManager:220 - loadIPPluginJar : add tim
2026-07-10 10:03:47,133 [INFO] IPUIPlugin:80 - create IPUIPlugin
2026-07-10 10:03:47,133 [INFO] PluginManager:220 - loadIPPluginJar : add ltdc
2026-07-10 10:03:47,134 [INFO] IPUIPlugin:80 - create IPUIPlugin
2026-07-10 10:03:47,134 [INFO] PluginManager:220 - loadIPPluginJar : add quadspi
2026-07-10 10:03:47,139 [INFO] IPUIPlugin:80 - create IPUIPlugin
2026-07-10 10:03:47,139 [INFO] PluginManager:220 - loadIPPluginJar : add stm32_wpan
2026-07-10 10:03:47,141 [INFO] IPUIPlugin:80 - create IPUIPlugin
2026-07-10 10:03:47,141 [INFO] PluginManager:220 - loadIPPluginJar : add ddr_ctrl_phy
2026-07-10 10:03:47,143 [INFO] IPUIPlugin:80 - create IPUIPlugin
2026-07-10 10:03:47,143 [INFO] PluginManager:220 - loadIPPluginJar : add can
2026-07-10 10:03:47,146 [INFO] IPUIPlugin:80 - create IPUIPlugin
2026-07-10 10:03:47,146 [INFO] PluginManager:220 - loadIPPluginJar : add gic
2026-07-10 10:03:47,147 [INFO] IPUIPlugin:80 - create IPUIPlugin
2026-07-10 10:03:47,147 [INFO] PluginManager:220 - loadIPPluginJar : add spi
2026-07-10 10:03:47,149 [INFO] IPUIPlugin:80 - create IPUIPlugin
2026-07-10 10:03:47,149 [INFO] PluginManager:220 - loadIPPluginJar : add openamp
2026-07-10 10:03:47,150 [INFO] IPUIPlugin:80 - create IPUIPlugin
2026-07-10 10:03:47,150 [INFO] PluginManager:220 - loadIPPluginJar : add aes
2026-07-10 10:03:47,152 [INFO] IPUIPlugin:80 - create IPUIPlugin
2026-07-10 10:03:47,152 [INFO] PluginManager:220 - loadIPPluginJar : add gtzc
2026-07-10 10:03:47,157 [INFO] IPUIPlugin:80 - create IPUIPlugin
2026-07-10 10:03:47,158 [INFO] PluginManager:220 - loadIPPluginJar : add linkedlist
2026-07-10 10:03:47,158 [INFO] IPUIPlugin:80 - create IPUIPlugin
2026-07-10 10:03:47,159 [INFO] PluginManager:220 - loadIPPluginJar : add fatfs
2026-07-10 10:03:47,160 [INFO] IPUIPlugin:80 - create IPUIPlugin
2026-07-10 10:03:47,160 [INFO] PluginManager:220 - loadIPPluginJar : add dma3
2026-07-10 10:03:47,164 [INFO] IPUIPlugin:80 - create IPUIPlugin
2026-07-10 10:03:47,164 [INFO] PluginManager:220 - loadIPPluginJar : add mdma
2026-07-10 10:03:47,166 [INFO] IPUIPlugin:80 - create IPUIPlugin
2026-07-10 10:03:47,166 [INFO] PluginManager:220 - loadIPPluginJar : add resmgrutility
2026-07-10 10:03:47,167 [INFO] IPUIPlugin:80 - create IPUIPlugin
2026-07-10 10:03:47,167 [INFO] PluginManager:220 - loadIPPluginJar : add genericplugin
2026-07-10 10:03:47,168 [INFO] IPUIPlugin:80 - create IPUIPlugin
2026-07-10 10:03:47,168 [INFO] PluginManager:220 - loadIPPluginJar : add hash
2026-07-10 10:03:47,170 [INFO] IPUIPlugin:80 - create IPUIPlugin
2026-07-10 10:03:47,170 [INFO] PluginManager:220 - loadIPPluginJar : add lorawan
2026-07-10 10:03:47,170 [INFO] IPUIPlugin:80 - create IPUIPlugin
2026-07-10 10:03:47,171 [INFO] PluginManager:220 - loadIPPluginJar : add tracer_emb
2026-07-10 10:03:47,172 [INFO] IPUIPlugin:80 - create IPUIPlugin
2026-07-10 10:03:47,172 [INFO] PluginManager:220 - loadIPPluginJar : add extmemmanager
2026-07-10 10:03:47,174 [INFO] IPUIPlugin:80 - create IPUIPlugin
2026-07-10 10:03:47,174 [INFO] PluginManager:220 - loadIPPluginJar : add nvic
2026-07-10 10:03:47,177 [INFO] IPUIPlugin:80 - create IPUIPlugin
2026-07-10 10:03:47,177 [INFO] PluginManager:220 - loadIPPluginJar : add fmc
2026-07-10 10:03:47,179 [INFO] IPUIPlugin:80 - create IPUIPlugin
2026-07-10 10:03:47,179 [INFO] PluginManager:220 - loadIPPluginJar : add ipddr
2026-07-10 10:03:47,182 [INFO] IPUIPlugin:80 - create IPUIPlugin
2026-07-10 10:03:47,182 [INFO] PluginManager:220 - loadIPPluginJar : add gpio
2026-07-10 10:03:47,183 [INFO] IPUIPlugin:80 - create IPUIPlugin
2026-07-10 10:03:47,183 [INFO] PluginManager:220 - loadIPPluginJar : add ts
2026-07-10 10:03:47,186 [INFO] IPUIPlugin:80 - create IPUIPlugin
2026-07-10 10:03:47,187 [INFO] PluginManager:220 - loadIPPluginJar : add freertos
2026-07-10 10:03:47,187 [INFO] IPUIPlugin:80 - create IPUIPlugin
2026-07-10 10:03:47,188 [INFO] PluginManager:220 - loadIPPluginJar : add radio
2026-07-10 10:03:47,188 [INFO] IPUIPlugin:80 - create IPUIPlugin
2026-07-10 10:03:47,188 [INFO] PluginManager:220 - loadIPPluginJar : add gfxmmu
2026-07-10 10:03:47,189 [INFO] IPUIPlugin:80 - create IPUIPlugin
2026-07-10 10:03:47,189 [INFO] PluginManager:220 - loadIPPluginJar : add dfsdm
2026-07-10 10:03:47,191 [INFO] IPUIPlugin:80 - create IPUIPlugin
2026-07-10 10:03:47,191 [INFO] PluginManager:220 - loadIPPluginJar : add opamp
2026-07-10 10:03:47,191 [INFO] IPUIPlugin:80 - create IPUIPlugin
2026-07-10 10:03:47,191 [INFO] PluginManager:220 - loadIPPluginJar : add tsc
2026-07-10 10:03:47,193 [INFO] IPUIPlugin:80 - create IPUIPlugin
2026-07-10 10:03:47,193 [INFO] PluginManager:220 - loadIPPluginJar : add i3c
2026-07-10 10:03:47,194 [INFO] IPUIPlugin:80 - create IPUIPlugin
2026-07-10 10:03:47,195 [INFO] PluginManager:220 - loadIPPluginJar : add sai
2026-07-10 10:03:47,196 [INFO] IPUIPlugin:80 - create IPUIPlugin
2026-07-10 10:03:47,197 [INFO] PluginManager:220 - loadIPPluginJar : add touchsensing
2026-07-10 10:03:47,198 [INFO] IPUIPlugin:80 - create IPUIPlugin
2026-07-10 10:03:47,198 [INFO] PluginManager:220 - loadIPPluginJar : add cryp
2026-07-10 10:03:47,199 [INFO] IPUIPlugin:80 - create IPUIPlugin
2026-07-10 10:03:47,199 [INFO] PluginManager:220 - loadIPPluginJar : add pdm2pcm
2026-07-10 10:03:47,199 [INFO] IPUIPlugin:80 - create IPUIPlugin
2026-07-10 10:03:47,199 [INFO] PluginManager:220 - loadIPPluginJar : add comp
2026-07-10 10:03:47,201 [INFO] IPUIPlugin:80 - create IPUIPlugin
2026-07-10 10:03:47,201 [INFO] PluginManager:220 - loadIPPluginJar : add usart
2026-07-10 10:03:47,202 [INFO] IPUIPlugin:80 - create IPUIPlugin
2026-07-10 10:03:47,202 [INFO] PluginManager:220 - loadIPPluginJar : add ucpd
2026-07-10 10:03:47,203 [INFO] IPUIPlugin:80 - create IPUIPlugin
2026-07-10 10:03:47,203 [INFO] PluginManager:220 - loadIPPluginJar : add i2c
2026-07-10 10:03:47,205 [INFO] IPUIPlugin:80 - create IPUIPlugin
2026-07-10 10:03:47,205 [INFO] PluginManager:220 - loadIPPluginJar : add usbx
2026-07-10 10:03:47,209 [INFO] IPUIPlugin:80 - create IPUIPlugin
2026-07-10 10:03:47,209 [INFO] PluginManager:220 - loadIPPluginJar : add adc
2026-07-10 10:03:47,212 [INFO] IPUIPlugin:80 - create IPUIPlugin
2026-07-10 10:03:47,214 [INFO] PluginManager:220 - loadIPPluginJar : add plateformsettings
2026-07-10 10:03:47,306 [FATAL] Updater:351 - Updater called before beeing initialized
2026-07-10 10:03:47,397 [INFO] RulesReader:64 - Compatibility file has been processed (317 Rules)
2026-07-10 10:03:47,406 [INFO] RulesReader:64 - Compatibility file has been processed (317 Rules)
2026-07-10 10:03:47,411 [INFO] CADModel:165 - CPN selected for project level
2026-07-10 10:03:47,411 [INFO] CADModel:114 - Register for checkConnection events
2026-07-10 10:03:47,411 [FATAL] Updater:351 - Updater called before beeing initialized
2026-07-10 10:03:47,412 [ERROR] CADModel:125 - Updater not yet initialized, retry later 
2026-07-10 10:03:47,482 [FATAL] Updater:351 - Updater called before beeing initialized
2026-07-10 10:03:47,483 [INFO] CADModel:165 - CPN selected for project level
2026-07-10 10:03:47,483 [INFO] CADModel:114 - Register for checkConnection events
2026-07-10 10:03:47,483 [FATAL] Updater:351 - Updater called before beeing initialized
2026-07-10 10:03:47,483 [ERROR] CADModel:125 - Updater not yet initialized, retry later 
2026-07-10 10:03:47,485 [FATAL] Updater:351 - Updater called before beeing initialized
2026-07-10 10:03:47,536 [FATAL] Updater:351 - Updater called before beeing initialized
2026-07-10 10:03:47,539 [INFO] DbMcusAds:53 - JSON generation date=Thu May 28 21:38:16 IST 2026 (1779984496216)
2026-07-10 10:03:47,539 [FATAL] Updater:351 - Updater called before beeing initialized
2026-07-10 10:03:47,559 [WARN] DetailPanel:346 - Failed to get advertising image, set to default
2026-07-10 10:03:47,607 [FATAL] Updater:351 - Updater called before beeing initialized
2026-07-10 10:03:47,609 [FATAL] Updater:351 - Updater called before beeing initialized
2026-07-10 10:03:47,609 [FATAL] Updater:351 - Updater called before beeing initialized
2026-07-10 10:03:47,609 [WARN] DetailPanel:346 - Failed to get advertising image, set to default
2026-07-10 10:03:47,610 [FATAL] Updater:351 - Updater called before beeing initialized
2026-07-10 10:03:47,632 [ERROR] Updater:1198 - MainUpdater not yet initialized. External WinMGr cannot be set.
2026-07-10 10:03:47,633 [INFO] Updater:1134 - Updater Version found : 6.15.0
2026-07-10 10:03:47,644 [INFO] ApplicationProperties:184 - Using Application install path: /opt/st/stm32cubeide_1.19.0/plugins/com.st.stm32cube.common.mx_6.15.0.202507011659
2026-07-10 10:03:48,229 [INFO] MainUpdater:2872 - connection check result : 10
2026-07-10 10:03:48,230 [INFO] MainUpdater:289 - Updater Check For Update Now.
2026-07-10 10:03:48,231 [INFO] MicroXplorer:498 - Change Database Version : DB.6.0.150
2026-07-10 10:03:48,237 [INFO] McuFinderGlobals:63 - Set McuFinder mode to 2 (CubeIDE integrated)
2026-07-10 10:03:48,237 [INFO] UserAuth:171 - activating auth plugin
2026-07-10 10:03:48,240 [INFO] UserAuth:487 - Internet connection configuration mode: 1
2026-07-10 10:03:48,249 [INFO] JxBrowserEngine:152 - Initiate JxBrowser Engine with user profile folder
2026-07-10 10:03:48,383 [INFO] CheckServerUpdateThread:120 - End of CheckServer Thread
2026-07-10 10:03:48,618 [INFO] WebApp:169 - Instantiating new browser for Auth
2026-07-10 10:03:48,955 [INFO] WebApp:463 - Apply proxy settings
2026-07-10 10:03:48,956 [INFO] WebApp:548 - Chromium requires no authentication
2026-07-10 10:03:48,960 [INFO] WebApp:491 - Direct internet connection detected
2026-07-10 10:03:48,972 [INFO] WebApp:900 - Register for checkConnection events
2026-07-10 10:03:48,972 [INFO] WebApp:463 - Apply proxy settings
2026-07-10 10:03:48,972 [INFO] WebApp:548 - Chromium requires no authentication
2026-07-10 10:03:48,972 [INFO] WebApp:491 - Direct internet connection detected
2026-07-10 10:03:49,050 [INFO] WebApp:225 - Starting web application
2026-07-10 10:03:49,050 [INFO] WebApp:593 - Web application path used /opt/st/stm32cubeide_1.19.0/plugins/com.st.stm32cube.common.mx_6.15.0.202507011659/db/plugins/mcufinder/reactClient1/index.html
2026-07-10 10:03:49,709 [INFO] WebApp:191 - Connection restablished
2026-07-10 10:03:49,932 [WARN] PackLoader:240 - Cannot read IP mode file for STMicroelectronics.X-CUBE-AZRTOS-H7.3.5.0
2026-07-10 10:03:49,940 [WARN] PackLoader:240 - Cannot read IP mode file for STMicroelectronics.FP-ATR-ASTRA1.2.0.2
2026-07-10 10:03:49,943 [ERROR] Engine:466 - /home/anton/.stm32cubemx/thirdparties/pdsc/STMicroelectronics.X-CUBE-SMBUS.2.1.1.pdsc: PDSC version is not supported
2026-07-10 10:03:49,956 [WARN] PackLoader:240 - Cannot read IP mode file for STMicroelectronics.X-CUBE-AZRTOS-F7.1.1.0
2026-07-10 10:03:49,964 [WARN] PackLoader:240 - Cannot read IP mode file for STMicroelectronics.X-CUBE-FREERTOS.1.6.0
2026-07-10 10:03:49,968 [WARN] PackLoader:240 - Cannot read IP mode file for STMicroelectronics.FP-SNS-MOTENV1.5.1.0
2026-07-10 10:03:49,989 [WARN] PackLoader:240 - Cannot read IP mode file for STMicroelectronics.X-CUBE-AZRTOS-H7RS.1.3.0
2026-07-10 10:03:50,000 [WARN] PackLoader:240 - Cannot read IP mode file for WES.I-CUBE-Cesium.1.4.0
2026-07-10 10:03:50,005 [WARN] PackLoader:240 - Cannot read IP mode file for STMicroelectronics.X-CUBE-DISPLAY.3.0.0
2026-07-10 10:03:50,016 [WARN] PackLoader:240 - Cannot read IP mode file for STMicroelectronics.X-CUBE-GNSS1.7.1.1
2026-07-10 10:03:50,020 [WARN] PackLoader:240 - Cannot read IP mode file for STMicroelectronics.FP-SNS-MOTENVWB1.1.5.0
2026-07-10 10:03:50,023 [WARN] PackLoader:240 - Cannot read IP mode file for wolfSSL.I-CUBE-wolfSSL.5.9.1
2026-07-10 10:03:50,028 [WARN] PackLoader:240 - Cannot read IP mode file for STMicroelectronics.X-CUBE-NFC10.1.0.0
2026-07-10 10:03:50,034 [WARN] PackLoader:240 - Cannot read IP mode file for STMicroelectronics.X-CUBE-ST60.1.1.0
2026-07-10 10:03:50,038 [WARN] PackLoader:240 - Cannot read IP mode file for emotas.I-CUBE-CANOPEN.1.3.0
2026-07-10 10:03:50,040 [ERROR] Engine:466 - /home/anton/.stm32cubemx/thirdparties/pdsc/STMicroelectronics.X-CUBE-WBA.1.1.0.pdsc: PDSC version is not supported
2026-07-10 10:03:50,046 [WARN] PackLoader:240 - Cannot read IP mode file for STMicroelectronics.FP-SNS-STBOX1.2.1.0
2026-07-10 10:03:50,051 [WARN] PackLoader:240 - Cannot read IP mode file for STMicroelectronics.FP-SNS-SMARTAG2.1.2.0
2026-07-10 10:03:50,054 [WARN] PackLoader:240 - Cannot read IP mode file for STMicroelectronics.FP-SNS-FLIGHT1.5.1.0
2026-07-10 10:03:50,061 [INFO] LogOutputStream:77 - [STDOUT_REDIRECT] 1 : Invalid condition id : UX_CORESTACK_Condition cause : null
2026-07-10 10:03:50,061 [INFO] LogOutputStream:77 - [STDOUT_REDIRECT] 1 : Invalid condition id : UX_CORESTACK_Condition cause : null
2026-07-10 10:03:50,062 [INFO] LogOutputStream:77 - [STDOUT_REDIRECT] 1 : Invalid condition id : UX_CORESTACK_Condition cause : null
2026-07-10 10:03:50,062 [INFO] LogOutputStream:77 - [STDOUT_REDIRECT] 1 : Invalid condition id : UX_CORESTACK_Condition cause : null
2026-07-10 10:03:50,062 [INFO] LogOutputStream:77 - [STDOUT_REDIRECT] 1 : Invalid condition id : UX_CORESTACK_Condition cause : null
2026-07-10 10:03:50,065 [WARN] PackLoader:240 - Cannot read IP mode file for STMicroelectronics.X-CUBE-AZRTOS-WL.2.0.0
2026-07-10 10:03:50,070 [WARN] PackLoader:240 - Cannot read IP mode file for STMicroelectronics.X-CUBE-BLE2.3.3.0
2026-07-10 10:03:50,119 [WARN] PackLoader:240 - Cannot read IP mode file for Infineon.AIROC-Wi-Fi-Bluetooth-STM32.1.8.0
2026-07-10 10:03:50,129 [WARN] PackLoader:240 - Cannot read IP mode file for STMicroelectronics.X-CUBE-NFC9.1.0.0
2026-07-10 10:03:50,135 [WARN] PackLoader:240 - Cannot read IP mode file for STMicroelectronics.X-CUBE-BLE1.7.1.0
2026-07-10 10:03:50,137 [WARN] PackLoader:240 - Cannot read IP mode file for wolfSSL.I-CUBE-wolfMQTT.1.19.2
2026-07-10 10:03:50,141 [WARN] PackLoader:240 - Cannot read IP mode file for STMicroelectronics.X-CUBE-EEPRMA1.5.2.0
2026-07-10 10:03:50,149 [WARN] PackLoader:240 - Cannot read IP mode file for STMicroelectronics.FP-SNS-STAIOTCFT.1.1.0
2026-07-10 10:03:50,163 [WARN] PackLoader:240 - Cannot read IP mode file for STMicroelectronics.X-CUBE-AZRTOS-G0.1.1.0
2026-07-10 10:03:50,168 [WARN] PackLoader:240 - Cannot read IP mode file for STMicroelectronics.X-CUBE-NFC4.3.0.0
2026-07-10 10:03:50,175 [WARN] PackLoader:240 - Cannot read IP mode file for EmbeddedOffice.I-CUBE-FS-RTOS.1.0.1
2026-07-10 10:03:50,180 [WARN] PackLoader:240 - Cannot read IP mode file for wolfSSL.I-CUBE-wolfTPM.3.8.0
2026-07-10 10:03:50,184 [WARN] PackLoader:240 - Cannot read IP mode file for STMicroelectronics.X-CUBE-TCPP.4.2.0
2026-07-10 10:03:50,188 [WARN] PackLoader:240 - Cannot read IP mode file for RealThread.X-CUBE-RT-Thread_Nano.4.1.1
2026-07-10 10:03:50,191 [WARN] PackLoader:240 - Cannot read IP mode file for STMicroelectronics.FP-ATR-SIGFOX1.3.2.0
2026-07-10 10:03:50,195 [WARN] PackLoader:240 - Cannot read IP mode file for ITTIA_DB.I-CUBE-ITTIADB.8.9.0
2026-07-10 10:03:50,198 [WARN] PackLoader:240 - Cannot read IP mode file for Cesanta.I-CUBE-Mongoose.7.21.7
2026-07-10 10:03:50,203 [WARN] PackLoader:240 - Cannot read IP mode file for STMicroelectronics.X-CUBE-NFC6.3.2.0
2026-07-10 10:03:50,208 [WARN] PackLoader:240 - Cannot read IP mode file for STMicroelectronics.X-CUBE-AI.10.2.1
2026-07-10 10:03:50,249 [WARN] PackLoader:240 - Cannot read IP mode file for STMicroelectronics.X-CUBE-MEMS1.12.1.0
2026-07-10 10:03:50,354 [WARN] PackLoader:240 - Cannot read IP mode file for SEGGER.I-CUBE-embOS.1.3.1
2026-07-10 10:03:50,418 [WARN] PackLoader:240 - Cannot read IP mode file for STMicroelectronics.X-CUBE-NFC13.1.0.0
2026-07-10 10:03:50,423 [WARN] PackLoader:240 - Cannot read IP mode file for STMicroelectronics.X-CUBE-PM33A1.1.0.0
2026-07-10 10:03:50,439 [WARN] PackLoader:240 - Cannot read IP mode file for STMicroelectronics.X-CUBE-AZRTOS-F4.1.1.0
2026-07-10 10:03:50,446 [WARN] PackLoader:240 - Cannot read IP mode file for STMicroelectronics.X-CUBE-ISPU.2.1.0
2026-07-10 10:03:50,460 [WARN] PackLoader:240 - Cannot read IP mode file for STMicroelectronics.X-CUBE-IPS.3.2.0
2026-07-10 10:03:50,470 [WARN] PackLoader:240 - Cannot read IP mode file for STMicroelectronics.eDS-WB_DPC_TT-BIDIR.2.1.1
2026-07-10 10:03:50,475 [WARN] PackLoader:240 - Cannot read IP mode file for STMicroelectronics.X-CUBE-NFC12.1.0.0
2026-07-10 10:03:50,489 [WARN] PackLoader:240 - Cannot read IP mode file for STMicroelectronics.X-CUBE-AZRTOS-L5.2.0.0
2026-07-10 10:03:50,495 [WARN] PackLoader:240 - Cannot read IP mode file for STMicroelectronics.X-CUBE-ALGOBUILD.1.5.0
2026-07-10 10:03:50,498 [WARN] PackLoader:240 - Cannot read IP mode file for STMicroelectronics.eDS-WB_DPC_VIENNA.1.2.0
2026-07-10 10:03:50,500 [WARN] PackLoader:240 - Cannot read IP mode file for STMicroelectronics.eDS-WB_DPC_3PH2L-BIDIR.1.1.1
2026-07-10 10:03:50,502 [ERROR] Engine:466 - /home/anton/.stm32cubemx/thirdparties/pdsc/STMicroelectronics.X-CUBE-ST67W61.1.3.0.pdsc: PDSC version is not supported
2026-07-10 10:03:50,505 [WARN] PackLoader:240 - Cannot read IP mode file for STMicroelectronics.X-CUBE-TOUCHGFX.4.26.1
2026-07-10 10:03:50,508 [WARN] PackLoader:240 - Cannot read IP mode file for STMicroelectronics.X-CUBE-DPower.1.3.0
2026-07-10 10:03:50,520 [WARN] ConditionMgr:438 - getConditionDescription Invalid condition id : LAN8742 Phy interface Condition cause : null
2026-07-10 10:03:50,520 [WARN] PackLoader:240 - Cannot read IP mode file for STMicroelectronics.X-CUBE-AZRTOS-L4.2.0.0
2026-07-10 10:03:50,521 [WARN] ConditionMgr:1044 - genDependencies : Invalid condition id : LAN8742 Phy interface Condition cause : null
2026-07-10 10:03:50,521 [WARN] ConditionMgr:1044 - genDependencies : Invalid condition id : LAN8742 Phy interface Condition cause : null
2026-07-10 10:03:50,522 [WARN] ConditionMgr:1044 - genDependencies : Invalid condition id : LAN8742 Phy interface Condition cause : null
2026-07-10 10:03:50,525 [WARN] PackLoader:240 - Cannot read IP mode file for STMicroelectronics.X-CUBE-SFXS2LP1.4.0.0
2026-07-10 10:03:50,530 [WARN] PackLoader:240 - Cannot read IP mode file for STMicroelectronics.X-CUBE-WB05N.2.1.0
2026-07-10 10:03:50,536 [WARN] ConditionMgr:438 - getConditionDescription Invalid condition id : UX DEVICE CLASS RTOS Condition cause : null
2026-07-10 10:03:50,536 [WARN] ConditionMgr:438 - getConditionDescription Invalid condition id : UX DEVICE CLASS RTOS Condition cause : null
2026-07-10 10:03:50,537 [WARN] PackLoader:240 - Cannot read IP mode file for STMicroelectronics.X-CUBE-AZRTOS-WB.2.0.0
2026-07-10 10:03:50,537 [WARN] ConditionMgr:1044 - genDependencies : Invalid condition id : UX DEVICE CLASS RTOS Condition cause : null
2026-07-10 10:03:50,538 [WARN] ConditionMgr:1044 - genDependencies : Invalid condition id : UX DEVICE CLASS RTOS Condition cause : null
2026-07-10 10:03:50,538 [WARN] ConditionMgr:1044 - genDependencies : Invalid condition id : UX DEVICE CLASS RTOS Condition cause : null
2026-07-10 10:03:50,538 [WARN] ConditionMgr:1044 - genDependencies : Invalid condition id : UX DEVICE CLASS RTOS Condition cause : null
2026-07-10 10:03:50,538 [WARN] ConditionMgr:1044 - genDependencies : Invalid condition id : UX DEVICE CLASS RTOS Condition cause : null
2026-07-10 10:03:50,550 [WARN] ConditionMgr:438 - getConditionDescription Invalid condition id : Cortex-A Device cause : null
2026-07-10 10:03:50,556 [WARN] ConditionMgr:1044 - genDependencies : Invalid condition id : Cortex-A Device cause : null
2026-07-10 10:03:50,557 [WARN] ConditionMgr:1044 - genDependencies : Invalid condition id : Cortex-A Device cause : null
2026-07-10 10:03:50,557 [WARN] ConditionMgr:1044 - genDependencies : Invalid condition id : Cortex-A Device cause : null
2026-07-10 10:03:50,562 [WARN] PackLoader:240 - Cannot read IP mode file for STMicroelectronics.X-CUBE-STSE01.2.0.0
2026-07-10 10:03:50,569 [WARN] PackLoader:240 - Cannot read IP mode file for STMicroelectronics.X-CUBE-SUBG2.5.0.0
2026-07-10 10:03:50,578 [WARN] PackLoader:240 - Cannot read IP mode file for STMicroelectronics.X-CUBE-AZRTOS-G4.2.0.0
2026-07-10 10:03:50,581 [WARN] PackLoader:240 - Cannot read IP mode file for wolfSSL.I-CUBE-wolfSSH.1.4.20
2026-07-10 10:03:50,583 [WARN] PackLoader:240 - Cannot read IP mode file for STMicroelectronics.X-CUBE-NFC7.2.0.0
2026-07-10 10:03:50,586 [ERROR] Engine:466 - /home/anton/.stm32cubemx/thirdparties/pdsc/STMicroelectronics.X-CUBE-BLEMGR.4.2.0.pdsc: PDSC version is not supported
2026-07-10 10:03:50,588 [WARN] PackLoader:240 - Cannot read IP mode file for STMicroelectronics.X-CUBE-ALS.1.0.2
2026-07-10 10:03:50,594 [WARN] PackLoader:240 - Cannot read IP mode file for STMicroelectronics.X-CUBE-TOF1.3.4.3
2026-07-10 10:03:50,602 [INFO] ThirdParty:978 - Integrity check success = true
2026-07-10 10:03:50,602 [INFO] IntegrityCheckThread:100 - exiting critical section [integrity check]
2026-07-10 10:03:50,602 [INFO] IntegrityCheckThread:103 - End integrity checks thread
2026-07-10 10:07:50,891 [INFO] McuFinderGlobals:63 - Set McuFinder mode to 2 (CubeIDE integrated)
2026-07-10 10:07:58,154 [INFO] MainUpdater:2872 - connection check result : 10
2026-07-10 10:07:58,154 [INFO] MainUpdater:2872 - connection check result : 10
2026-07-10 10:07:58,168 [INFO] MicroXplorer:468 - Change Database Path : 
2026-07-10 10:07:58,169 [INFO] MicroXplorer:498 - Change Database Version : DB.6.0.150
2026-07-10 10:07:58,173 [WARN] ThirdParty:871 - waiting for thirdparty lock release [close project]
2026-07-10 10:07:58,173 [INFO] ThirdParty:873 - entering critical section [close project]
2026-07-10 10:07:58,174 [INFO] ThirdParty:883 - exiting critical section [close project]
2026-07-10 10:07:58,176 [INFO] PinOutPanel:1589 - setPackage(No Configuration,No Configuration)
2026-07-10 10:07:58,177 [INFO] UtilMem:75 - Begin LoadConfig() Used Memory: 794421648 Bytes (953155584)
2026-07-10 10:07:58,178 [INFO] MicroXplorer:468 - Change Database Path : 
2026-07-10 10:07:58,178 [INFO] MicroXplorer:498 - Change Database Version : DB.6.0.150
2026-07-10 10:07:58,179 [INFO] OpenFileManager:355 - Change cursor
2026-07-10 10:07:58,211 [INFO] Mcu:2029 - Initializing MCU STM32F446R(C-E)Tx STM32F446RETx STM32F446RET6
2026-07-10 10:07:59,238 [INFO] Context:786 - Trying to add GPIOservice into a context  which must be forbidden
2026-07-10 10:07:59,565 [INFO] ImportTextPane:234 - (OptionalMessage_ERROR) Pin0 (VP_RIF_VS_RIF1) cannot be retrieved for this MCU
2026-07-10 10:07:59,621 [INFO] RtosManager:558 - Registered RTOS mode: class=CMSIS, group=RTOS, mode=CMSIS_V1, owner=FREERTOS
2026-07-10 10:07:59,621 [INFO] RtosManager:558 - Registered RTOS mode: class=CMSIS, group=RTOS2, mode=CMSIS_V2, owner=FREERTOS
2026-07-10 10:07:59,621 [INFO] RtosManager:558 - Registered RTOS mode: class=RTOS, group=Core, mode=CMSIS_V1, owner=FREERTOS
2026-07-10 10:07:59,621 [INFO] RtosManager:558 - Registered RTOS mode: class=RTOS, group=Core, mode=CMSIS_V2, owner=FREERTOS
2026-07-10 10:07:59,622 [WARN] ModelIntegratedComponent:184 - Missing modes for component STMicroelectronics:FreeRTOS:0.0.1:STMicroelectronics:RTOS:FreeRTOS:Core:::10.2.0:
2026-07-10 10:07:59,632 [WARN] ModelIntegratedComponent:63 - No mode defined for component null
2026-07-10 10:07:59,632 [WARN] ModelIntegratedComponent:63 - No mode defined for component null
2026-07-10 10:07:59,632 [WARN] ModelIntegratedComponent:63 - No mode defined for component null
2026-07-10 10:07:59,632 [WARN] ModelIntegratedComponent:63 - No mode defined for component null
2026-07-10 10:07:59,632 [WARN] ModelIntegratedComponent:63 - No mode defined for component null
2026-07-10 10:07:59,632 [WARN] ModelIntegratedComponent:63 - No mode defined for component null
2026-07-10 10:07:59,632 [WARN] ModelIntegratedComponent:63 - No mode defined for component null
2026-07-10 10:07:59,632 [WARN] ModelIntegratedComponent:63 - No mode defined for component null
2026-07-10 10:07:59,632 [WARN] ModelIntegratedComponent:63 - No mode defined for component null
2026-07-10 10:07:59,633 [WARN] ModelIntegratedComponent:63 - No mode defined for component null
2026-07-10 10:07:59,633 [WARN] ModelIntegratedComponent:63 - No mode defined for component null
2026-07-10 10:07:59,633 [WARN] ModelIntegratedComponent:63 - No mode defined for component null
2026-07-10 10:07:59,633 [WARN] ModelIntegratedComponent:63 - No mode defined for component null
2026-07-10 10:07:59,633 [WARN] ModelIntegratedComponent:63 - No mode defined for component null
2026-07-10 10:07:59,633 [WARN] ModelIntegratedComponent:63 - No mode defined for component null
2026-07-10 10:07:59,633 [WARN] ModelIntegratedComponent:63 - No mode defined for component null
2026-07-10 10:07:59,633 [WARN] ModelIntegratedComponent:63 - No mode defined for component null
2026-07-10 10:07:59,633 [WARN] ModelIntegratedComponent:63 - No mode defined for component null
2026-07-10 10:07:59,633 [WARN] ModelIntegratedComponent:63 - No mode defined for component null
2026-07-10 10:07:59,633 [WARN] ModelIntegratedComponent:63 - No mode defined for component null
2026-07-10 10:07:59,633 [WARN] ModelIntegratedComponent:63 - No mode defined for component null
2026-07-10 10:07:59,633 [WARN] ModelIntegratedComponent:63 - No mode defined for component null
2026-07-10 10:07:59,633 [WARN] ModelIntegratedComponent:63 - No mode defined for component null
2026-07-10 10:07:59,633 [WARN] ModelIntegratedComponent:63 - No mode defined for component null
2026-07-10 10:07:59,633 [WARN] ModelIntegratedComponent:63 - No mode defined for component null
2026-07-10 10:07:59,633 [WARN] ModelIntegratedComponent:63 - No mode defined for component null
2026-07-10 10:07:59,633 [WARN] ModelIntegratedComponent:63 - No mode defined for component null
2026-07-10 10:07:59,633 [WARN] ModelIntegratedComponent:63 - No mode defined for component null
2026-07-10 10:07:59,633 [WARN] ModelIntegratedComponent:63 - No mode defined for component null
2026-07-10 10:07:59,633 [WARN] ModelIntegratedComponent:63 - No mode defined for component null
2026-07-10 10:07:59,633 [WARN] ModelIntegratedComponent:63 - No mode defined for component null
2026-07-10 10:07:59,633 [WARN] ModelIntegratedComponent:63 - No mode defined for component null
2026-07-10 10:07:59,633 [WARN] ModelIntegratedComponent:63 - No mode defined for component null
2026-07-10 10:07:59,634 [WARN] ModelIntegratedComponent:63 - No mode defined for component null
2026-07-10 10:07:59,634 [WARN] ModelIntegratedComponent:63 - No mode defined for component null
2026-07-10 10:07:59,634 [WARN] ModelPack:524 - Component already loaded: STMicroelectronics:HAL Drivers:0.0.0:STMicroelectronics:Device:STMicro_Driver:XSPI:HAL::0.0.1:HAL_XSPI
2026-07-10 10:07:59,689 [INFO] ThirdPartyModel:298 - Start build external matchings
2026-07-10 10:07:59,861 [INFO] ThirdPartyModel:316 - End build external matchings
2026-07-10 10:08:00,021 [INFO] ApiDb:581 - Connected to CubeFinder SQLite database (/home/anton/.stmcufinder/plugins/mcufinder/mcu/cube-finder-db.db)
2026-07-10 10:08:00,052 [INFO] ApiDb:668 - CubeFinder database Data Model version=2.1
2026-07-10 10:08:00,052 [INFO] ApiDb:669 - CubeFinder database Configuration version=3.0.42
2026-07-10 10:08:00,052 [INFO] ApiDb:670 - CubeFinder database generation date=2026-06-23 (1782213372)
2026-07-10 10:08:00,053 [INFO] ApiDb:671 - CubeFinder database FW Pack versions=[FP-ATR-ASTRA1_V2.0.0, FP-SNS-FLIGHT1_V5.1.0, FP-SNS-MOTENV1_V5.1.0, FP-SNS-MOTENVWB1_V1.5.0, FP-SNS-SMARTAG2_V1.2.0, FP-SNS-STBOX1_V2.1.0, STM32Cube_FW_C0_V1.4.0, STM32Cube_FW_F4_V1.28.3, STM32Cube_FW_F7_V1.17.4, STM32Cube_FW_G0_V1.6.3, STM32Cube_FW_G4_V1.6.2, STM32Cube_FW_H5_V1.7.0, STM32Cube_FW_H7RS_V1.3.0, STM32Cube_FW_H7_V1.13.0, STM32Cube_FW_L0_V1.12.2, STM32Cube_FW_L4_V1.18.2, STM32Cube_FW_L5_V1.6.0, STM32Cube_FW_N6_V1.4.0, STM32Cube_FW_U0_V1.3.0, STM32Cube_FW_U3_V1.4.0, STM32Cube_FW_U5_V1.9.0, STM32Cube_FW_WB0_V1.5.0, STM32Cube_FW_WBA_V1.10.0, STM32Cube_FW_WB_V1.24.0, STM32Cube_FW_WL3_V1.5.0, STM32Cube_FW_WL_V1.6.0, X-CUBE-ALGOBUILD_V1.5.0, X-CUBE-ALS_V1.0.2, X-CUBE-AZRTOS-F4_V1.1.0, X-CUBE-AZRTOS-F7_V1.1.0, X-CUBE-AZRTOS-G0_V1.1.0, X-CUBE-AZRTOS-G4_V2.0.0, X-CUBE-AZRTOS-H7RS_V1.1.0, X-CUBE-AZRTOS-H7_V3.5.0, X-CUBE-AZRTOS-L4_V2.0.0, X-CUBE-AZRTOS-L5_V2.0.0, X-CUBE-AZRTOS-WB_V2.0.0, X-CUBE-AZRTOS-WL_V2.0.0, X-CUBE-BLE1_V7.1.0, X-CUBE-BLE2_V3.3.0, X-CUBE-BLEMGR_V4.1.0, X-CUBE-EEPRMA1_V5.2.0, X-CUBE-FREERTOS_V1.5.0, X-CUBE-GNSS1_V7.1.1, X-CUBE-MEMS1_V12.1.0, X-CUBE-NFC4_V3.0.0, X-CUBE-NFC7_V2.0.0, X-CUBE-SFXS2LP1_V4.0.0, X-CUBE-ST67W61_V1.3.0, X-CUBE-SUBG2_V5.0.0, X-CUBE-TOF1_V3.4.3]
2026-07-10 10:08:00,087 [INFO] DbBoardsSqlite:226 - include board P-NUCLEO-WB55-NUCLEO as a kit item of type 'Nucleo-64'
2026-07-10 10:08:00,087 [INFO] DbBoardsSqlite:226 - include board P-NUCLEO-WB55-USBDONGLE as a kit item of type 'Nucleo USB Dongle'
2026-07-10 10:08:00,088 [INFO] DbBoardsSqlite:226 - include board STEVAL-IDP005V1 as a kit item of type 'Evaluation Board'
2026-07-10 10:08:00,088 [INFO] DbBoardsSqlite:226 - include board STEVAL-IDP005V2 as a kit item of type 'Evaluation Board'
2026-07-10 10:08:00,116 [INFO] ApiDb:240 - Found 880 in-development CPN: [B-G473E-ZEST1S, B-WB1M-WPAN1, B-WBA5M-WPAN, B-WL5M-SUBG1, NUCLEO-C031C6, NUCLEO-C051C8, NUCLEO-C071RB, NUCLEO-C092RC, NUCLEO-H503RB, NUCLEO-H533RE, NUCLEO-H563ZI, NUCLEO-H7S3L8, NUCLEO-N657X0-Q, NUCLEO-U031R8, NUCLEO-U083RC, NUCLEO-U385RG-Q, NUCLEO-U545RE-Q, NUCLEO-U5A5ZJ-Q, NUCLEO-WB05KZ, NUCLEO-WB07CC, NUCLEO-WB09KE, NUCLEO-WBA52CG, NUCLEO-WBA55CG, NUCLEO-WL33CC1, NUCLEO-WL33CC2, STEVAL-PROTEUS1, STEVAL-SMARTAG2, STEVAL-STWINBX1, STM320518-EVAL, STM32C0116-DK, STM32C011D6Y3TR, STM32C011D6Y6TR, STM32C011F4P3, STM32C011F4P6, STM32C011F4U3, STM32C011F4U6TR, STM32C011F6P3, STM32C011F6P6, STM32C011F6U3, STM32C011F6U6TR, STM32C011J4M3, STM32C011J4M6, STM32C011J6M3, STM32C011J6M6, STM32C0316-DK, STM32C031C4T3, STM32C031C4T6, STM32C031C4U3, STM32C031C4U6, STM32C031C6T3, STM32C031C6T6, STM32C031C6U3, STM32C031C6U6, STM32C031F4P3, STM32C031F4P6, STM32C031F6P3, STM32C031F6P6, STM32C031G4U3, STM32C031G4U6, STM32C031G6U3, STM32C031G6U6, STM32C031K4T3, STM32C031K4T6, STM32C031K4U3, STM32C031K4U6, STM32C031K6T3, STM32C031K6T6, STM32C031K6U3, STM32C031K6U6, STM32C051C6T6, STM32C051C6U6, STM32C051C8T6, STM32C051C8U6, STM32C051D8Y6TR, STM32C051F6P6, STM32C051F8P6, STM32C051G6U6, STM32C051G8U6, STM32C051K6T6, STM32C051K6U6, STM32C051K8T6, STM32C071C8T6, STM32C071C8T6N, STM32C071C8U6, STM32C071C8U6N, STM32C071CBT6, STM32C071CBT6N, STM32C071CBU6, STM32C071CBU6N, STM32C071F8P6, STM32C071F8P6N, STM32C071FBP6, STM32C071FBP6N, STM32C071FBY6TR, STM32C071G8U6, STM32C071G8U6N, STM32C071GBU6, STM32C071GBU6N, STM32C071K8T6, STM32C071K8T6N, STM32C071K8U6, STM32C071K8U6N, STM32C071KBT6, STM32C071KBT6N, STM32C071KBU6, STM32C071KBU6N, STM32C071R8T6, STM32C071R8T6N, STM32C071RBI6N, STM32C071RBT6, STM32C071RBT6N, STM32C091CBT6, STM32C091CBU6, STM32C091CCT6, STM32C091CCU6, STM32C091ECY6TR, STM32C091FBP6, STM32C091FCP6, STM32C091GBU6, STM32C091GCU6, STM32C091KBT6, STM32C091KBU6, STM32C091KCT6, STM32C091KCU6, STM32C091RBT6, STM32C091RCI6, STM32C091RCT6, STM32C092CBT6, STM32C092CBU6, STM32C092CCT6, STM32C092CCU6, STM32C092ECY6TR, STM32C092FBP6, STM32C092FCP6, STM32C092GBU6, STM32C092GCU6, STM32C092KBT6, STM32C092KBU6, STM32C092KCT6, STM32C092KCU6, STM32C092RBT6, STM32C092RCI6, STM32C092RCT6, STM32G071K8TXN, STM32G071K8UXN, STM32G081GBU6N, STM32G081KBT6N, STM32G081KBUXN, STM32G0B1CCT6N, STM32G0B1KCT6, STM32G0B1NEY6TR, STM32G0B1RCT6N, STM32G0C1CCT6, STM32G0C1CCT6N, STM32G0C1CCU6N, STM32G0C1CET6N, STM32G0C1CEU6N, STM32G0C1KCT6, STM32G0C1NEY6TR, STM32G0C1RCI6N, STM32G0C1RCT6N, STM32G0C1REI6N, STM32G0C1RET6N, STM32G0C1VCI6, STM32G0C1VEI6, STM32G411C6T3, STM32G411C6T6, STM32G411C6U3, STM32G411C6U6, STM32G411C8T3, STM32G411C8T6, STM32G411C8U3, STM32G411C8U6, STM32G411CBT3, STM32G411CBT6, STM32G411CBU3, STM32G411CBU6, STM32G411K6T3, STM32G411K6T6, STM32G411K6U3, STM32G411K6U6, STM32G411K8T3, STM32G411K8T6, STM32G411K8U3, STM32G411K8U6, STM32G411KBT3, STM32G411KBT6, STM32G411KBU3, STM32G411KBU6, STM32G411M6T3, STM32G411M6T6, STM32G411M8T3, STM32G411M8T6, STM32G411MBT3, STM32G411MBT6, STM32G411R6T3, STM32G411R6T6, STM32G411R8T3, STM32G411R8T6, STM32G411RBT3, STM32G411RBT6, STM32G414CBT3, STM32G414CBT6, STM32G414CBU3, STM32G414CBU6, STM32G414CCT3, STM32G414CCT6, STM32G414CCU3, STM32G414CCU6, STM32G414MBT3, STM32G414MBT6, STM32G414MCT3, STM32G414MCT6, STM32G414RBT3, STM32G414RBT6, STM32G414RCT3, STM32G414RCT6, STM32G414VBT3, STM32G414VBT6, STM32G414VCT3, STM32G414VCT6, STM32G431CBT3Z, STM32G431RBT3Z, STM32G471CCT6, STM32G471CCU6, STM32G471CET3, STM32G471CET6, STM32G471CEU3, STM32G471CEU6, STM32G471MCT6, STM32G471MET3, STM32G471MET6, STM32G471MEY6TR, STM32G471QCT6, STM32G471QET3, STM32G471RCT6, STM32G471RET3, STM32G471RET6, STM32G471VCH6, STM32G471VCI6, STM32G471VCT6, STM32G471VEH3, STM32G471VEH6, STM32G471VEI3, STM32G471VEI6, STM32G471VET3, STM32G471VET6, STM32G473QET3Z, STM32G473RET3Z, STM32G474CCT6, STM32G491RET3Z, STM32H503CBT6, STM32H503CBU6, STM32H503EBY6TR, STM32H503KBU6, STM32H503RBT6, STM32H523CCT6, STM32H523CCU6, STM32H523CET6, STM32H523CEU6, STM32H523HEY6TR, STM32H523RCT6, STM32H523RET6, STM32H523VCI6, STM32H523VCT6, STM32H523VEI6, STM32H523VET6, STM32H523ZCJ6, STM32H523ZCT6, STM32H523ZEJ6, STM32H523ZET6, STM32H533CET6, STM32H533CEU6, STM32H533HEY6TR, STM32H533RET6, STM32H533VEI6, STM32H533VET6, STM32H533ZEJ6, STM32H533ZET6, STM32H562AGI6, STM32H562AII6, STM32H562IGK6, STM32H562IGT6, STM32H562IIK6, STM32H562IIT6, STM32H562RGT6, STM32H562RGV6, STM32H562RIT6, STM32H562RIV6, STM32H562VGT6, STM32H562VIT6, STM32H562ZGT6, STM32H562ZIT6, STM32H563AGI6, STM32H563AII3Q, STM32H563AII6, STM32H563IGK6, STM32H563IGT6, STM32H563IIK3Q, STM32H563IIK6, STM32H563IIT3Q, STM32H563IIT6, STM32H563MIY3QTR, STM32H563RGT6, STM32H563RGV6, STM32H563RIT6, STM32H563RIV6, STM32H563VGT6, STM32H563VIT3Q, STM32H563VIT6, STM32H563ZGT6, STM32H563ZIT3Q, STM32H563ZIT6, STM32H573AII3Q, STM32H573AII6, STM32H573I-DK, STM32H573IIK3Q, STM32H573IIK6, STM32H573IIT3Q, STM32H573IIT6, STM32H573MIY3QTR, STM32H573RIT6, STM32H573RIV6, STM32H573VIT3Q, STM32H573VIT6, STM32H573ZIT3Q, STM32H573ZIT6, STM32H7R3A8I6, STM32H7R3I8K6, STM32H7R3I8T6, STM32H7R3L8H6, STM32H7R3L8H6H, STM32H7R3R8V6, STM32H7R3V8H6, STM32H7R3V8T6, STM32H7R3V8Y6TR, STM32H7R3Z8J6, STM32H7R3Z8T6, STM32H7R7A8I6, STM32H7R7I8K6, STM32H7R7I8T6, STM32H7R7L8H6, STM32H7R7L8H6H, STM32H7R7Z8J6, STM32H7S3A8I6, STM32H7S3I8K6, STM32H7S3I8T6, STM32H7S3L8H6, STM32H7S3L8H6H, STM32H7S3R8V6, STM32H7S3V8H6, STM32H7S3V8T6, STM32H7S3V8Y6TR, STM32H7S3Z8J6, STM32H7S3Z8T6, STM32H7S78-DK, STM32H7S7A8I6, STM32H7S7I8K6, STM32H7S7I8T6, STM32H7S7L8H6, STM32H7S7L8H6H, STM32H7S7Z8J6, STM32L4R5QGI6STR, STM32MP131AAE3, STM32MP131AAF3, STM32MP131AAG3, STM32MP131CAE3, STM32MP131CAF3, STM32MP131CAG3, STM32MP131DAE7, STM32MP131DAF7, STM32MP131DAG7, STM32MP131FAE7, STM32MP131FAF7, STM32MP131FAG7, STM32MP133AAE3, STM32MP133AAF3, STM32MP133AAG3, STM32MP133CAE3, STM32MP133CAF3, STM32MP133CAG3, STM32MP133DAE7, STM32MP133DAF7, STM32MP133DAG7, STM32MP133FAE7, STM32MP133FAF7, STM32MP133FAG7, STM32MP135AAE3, STM32MP135AAF3, STM32MP135AAG3, STM32MP135CAE3, STM32MP135CAF3, STM32MP135CAG3, STM32MP135DAE7, STM32MP135DAF7, STM32MP135DAG7, STM32MP135F-DK, STM32MP135FAE7, STM32MP135FAF7, STM32MP135FAF7T, STM32MP135FAF7U, STM32MP135FAG7, STM32MP211AAL3, STM32MP211AAM3, STM32MP211AAN3, STM32MP211AAO3, STM32MP211CAL3, STM32MP211CAM3, STM32MP211CAN3, STM32MP211CAO3, STM32MP211DAL3, STM32MP211DAM3, STM32MP211DAN3, STM32MP211DAO3, STM32MP211FAL3, STM32MP211FAM3, STM32MP211FAN3, STM32MP211FAO3, STM32MP213AAL3, STM32MP213AAM3, STM32MP213AAN3, STM32MP213AAO3, STM32MP213CAL3, STM32MP213CAM3, STM32MP213CAN3, STM32MP213CAO3, STM32MP213DAL3, STM32MP213DAM3, STM32MP213DAN3, STM32MP213DAO3, STM32MP213FAL3, STM32MP213FAM3, STM32MP213FAN3, STM32MP213FAO3, STM32MP215AAL3, STM32MP215AAM3, STM32MP215AAN3, STM32MP215AAO3, STM32MP215CAL3, STM32MP215CAM3, STM32MP215CAN3, STM32MP215CAO3, STM32MP215DAL3, STM32MP215DAM3, STM32MP215DAN3, STM32MP215DAO3, STM32MP215F-DK, STM32MP215FAL3, STM32MP215FAM3, STM32MP215FAN3, STM32MP215FAO3, STM32MP231AAJ3, STM32MP231AAK3, STM32MP231AAL3, STM32MP231CAJ3, STM32MP231CAK3, STM32MP231CAL3, STM32MP231DAJ3, STM32MP231DAK3, STM32MP231DAL3, STM32MP231FAJ3, STM32MP231FAK3, STM32MP231FAL3, STM32MP233AAJ3, STM32MP233AAK3, STM32MP233AAL3, STM32MP233CAJ3, STM32MP233CAK3, STM32MP233CAL3, STM32MP233DAJ3, STM32MP233DAK3, STM32MP233DAL3, STM32MP233FAJ3, STM32MP233FAK3, STM32MP233FAL3, STM32MP235AAJ3, STM32MP235AAK3, STM32MP235AAL3, STM32MP235CAJ3, STM32MP235CAK3, STM32MP235CAL3, STM32MP235DAJ3, STM32MP235DAK3, STM32MP235DAL3, STM32MP235FAJ3, STM32MP235FAK3, STM32MP235FAL3, STM32MP251AAI3, STM32MP251AAK3, STM32MP251AAL3, STM32MP251CAI3, STM32MP251CAK3, STM32MP251CAL3, STM32MP251DAI3, STM32MP251DAK3, STM32MP251DAL3, STM32MP251FAI3, STM32MP251FAK3, STM32MP251FAL3, STM32MP253AAI3, STM32MP253AAK3, STM32MP253AAL3, STM32MP253CAI3, STM32MP253CAK3, STM32MP253CAL3, STM32MP253DAI3, STM32MP253DAK3, STM32MP253DAL3, STM32MP253FAI3, STM32MP253FAK3, STM32MP253FAL3, STM32MP255AAI3, STM32MP255AAK3, STM32MP255AAL3, STM32MP255CAI3, STM32MP255CAK3, STM32MP255CAL3, STM32MP255DAI3, STM32MP255DAK3, STM32MP255DAL3, STM32MP255FAI3, STM32MP255FAK3, STM32MP255FAL3, STM32MP257AAI3, STM32MP257AAK3, STM32MP257AAL3, STM32MP257CAI3, STM32MP257CAK3, STM32MP257CAL3, STM32MP257DAI3, STM32MP257DAK3, STM32MP257DAL3, STM32MP257F-DK, STM32MP257F-EV1, STM32MP257FAI3, STM32MP257FAK3, STM32MP257FAL3, STM32N645A0H3Q, STM32N645B0H3Q, STM32N645I0H3Q, STM32N645L0H3Q, STM32N645X0H3Q, STM32N645Z0H3Q, STM32N647A0H3Q, STM32N647B0H3Q, STM32N647I0H3Q, STM32N647L0H3Q, STM32N647X0H3Q, STM32N647Z0H3Q, STM32N655A0H3Q, STM32N655B0H3Q, STM32N655I0H3Q, STM32N655L0H3Q, STM32N655X0H3Q, STM32N655Z0H3Q, STM32N6570-DK, STM32N657A0H3Q, STM32N657B0H3Q, STM32N657I0H3Q, STM32N657L0H3Q, STM32N657X0H3Q, STM32N657Z0H3Q, STM32U031C6T6, STM32U031C6U6, STM32U031C8T6, STM32U031C8U6, STM32U031F4P6, STM32U031F6P6, STM32U031F8P6, STM32U031G6Y6TR, STM32U031G8Y6TR, STM32U031K4U6, STM32U031K6U6, STM32U031K8U6, STM32U031R6I6, STM32U031R6T6, STM32U031R8I6, STM32U031R8T6, STM32U073C8T6, STM32U073C8U6, STM32U073CBT6, STM32U073CBU6, STM32U073CCT6, STM32U073CCU6, STM32U073H8Y6TR, STM32U073HBY6TR, STM32U073HCY6TR, STM32U073K8U6, STM32U073KBU6, STM32U073KCU6, STM32U073M8I6, STM32U073M8T6, STM32U073MBI6, STM32U073MBT6, STM32U073MCI6, STM32U073MCT6, STM32U073R8I6, STM32U073R8T6, STM32U073RBI6, STM32U073RBT6, STM32U073RCI6, STM32U073RCT6, STM32U083C-DK, STM32U083CCT6, STM32U083CCU6, STM32U083HCY6TR, STM32U083KCU6, STM32U083MCI6, STM32U083MCT6, STM32U083RCI6, STM32U083RCT6, STM32U375CET6, STM32U375CET6Q, STM32U375CEU6, STM32U375CEU6Q, STM32U375CEY6QTR, STM32U375CGT6, STM32U375CGT6Q, STM32U375CGU6, STM32U375CGU6Q, STM32U375CGY6QTR, STM32U375KEU6, STM32U375KGU6, STM32U375REI6, STM32U375REI6Q, STM32U375RET6, STM32U375RET6Q, STM32U375REY6GTR, STM32U375REY6QTR, STM32U375RGI6, STM32U375RGI6Q, STM32U375RGT6, STM32U375RGT6Q, STM32U375RGY6GTR, STM32U375RGY6QTR, STM32U375VEI6, STM32U375VEI6Q, STM32U375VET6, STM32U375VET6Q, STM32U375VGI6, STM32U375VGI6Q, STM32U375VGT6, STM32U375VGT6Q, STM32U385CGT6, STM32U385CGT6Q, STM32U385CGU6, STM32U385CGU6Q, STM32U385CGY6QTR, STM32U385KGU6, STM32U385RGI6, STM32U385RGI6Q, STM32U385RGT6, STM32U385RGT6Q, STM32U385RGY6GTR, STM32U385RGY6QTR, STM32U385VGI6, STM32U385VGI6Q, STM32U385VGT6, STM32U385VGT6Q, STM32U535CBT6, STM32U535CBT6Q, STM32U535CBU6, STM32U535CBU6Q, STM32U535CCT6, STM32U535CCT6Q, STM32U535CCU6, STM32U535CCU6Q, STM32U535CET6, STM32U535CET6Q, STM32U535CEU6, STM32U535CEU6Q, STM32U535JEY6QTR, STM32U535NCY6QTR, STM32U535NEY6QTR, STM32U535RBI6, STM32U535RBI6Q, STM32U535RBT6, STM32U535RBT6Q, STM32U535RCI6, STM32U535RCI6Q, STM32U535RCT6, STM32U535RCT6Q, STM32U535REI6, STM32U535REI6Q, STM32U535RET6, STM32U535RET6Q, STM32U535VCI6, STM32U535VCI6Q, STM32U535VCT6, STM32U535VCT6Q, STM32U535VEI6, STM32U535VEI6Q, STM32U535VET6, STM32U535VET6Q, STM32U545CET6, STM32U545CET6Q, STM32U545CEU6, STM32U545CEU6Q, STM32U545JEY6QTR, STM32U545NEY6QTR, STM32U545REI6, STM32U545REI6Q, STM32U545RET6, STM32U545RET6Q, STM32U545VEI6, STM32U545VEI6Q, STM32U545VET6, STM32U545VET6Q, STM32U595AIH6, STM32U595AIH6Q, STM32U595AJH6, STM32U595AJH6Q, STM32U595QII6, STM32U595QII6Q, STM32U595QJI6, STM32U595QJI6Q, STM32U595RIT6, STM32U595RIT6Q, STM32U595RJT6, STM32U595RJT6Q, STM32U595VIT6, STM32U595VIT6Q, STM32U595VJT6, STM32U595VJT6Q, STM32U595ZIT6, STM32U595ZIT6Q, STM32U595ZIY6QTR, STM32U595ZJT6, STM32U595ZJT6Q, STM32U595ZJY6QTR, STM32U599BJY6QTR, STM32U599NIH6Q, STM32U599NJH6Q, STM32U599VIT6Q, STM32U599VJT6, STM32U599VJT6Q, STM32U599ZIT6Q, STM32U599ZIY6QTR, STM32U599ZJT6Q, STM32U599ZJY6QTR, STM32U5A5AJH6, STM32U5A5AJH6Q, STM32U5A5QII3Q , STM32U5A5QJI6, STM32U5A5QJI6Q, STM32U5A5RJT6, STM32U5A5RJT6Q, STM32U5A5VJT6, STM32U5A5VJT6Q, STM32U5A5ZJT6, STM32U5A5ZJT6Q, STM32U5A5ZJY6QTR, STM32U5A9BJY6QTR, STM32U5A9J-DK, STM32U5A9NJH6Q, STM32U5A9VJT6Q, STM32U5A9ZJT6Q, STM32U5A9ZJY6QTR, STM32U5F7VIT6, STM32U5F7VIT6Q, STM32U5F7VJT6, STM32U5F7VJT6Q, STM32U5F9BJY6QTR, STM32U5F9NJH6Q, STM32U5F9VIT6Q, STM32U5F9VJT6Q, STM32U5F9ZIJ6QTR, STM32U5F9ZIT6Q, STM32U5F9ZJJ6QTR, STM32U5F9ZJT6Q, STM32U5G7VJT6, STM32U5G7VJT6Q, STM32U5G9BJY6QTR, STM32U5G9J-DK1, STM32U5G9J-DK2, STM32U5G9NJH6Q, STM32U5G9VJT6Q, STM32U5G9ZJJ6QTR, STM32U5G9ZJT6Q, STM32WB05KZV6TR, STM32WB05KZV7TR, STM32WB05TZF6TR, STM32WB05TZF7TR, STM32WB06CCF6TR, STM32WB06CCF7TR, STM32WB06CCV6TR, STM32WB06CCV7TR, STM32WB06KCV6TR, STM32WB06KCV7TR, STM32WB07CCF6TR, STM32WB07CCF7TR, STM32WB07CCV6TR, STM32WB07CCV7TR, STM32WB07KCV6TR, STM32WB07KCV7TR, STM32WB09KEV6TR, STM32WB09KEV7TR, STM32WB09TEF6TR, STM32WB09TEF7TR, STM32WB1MMCH6, STM32WBA50KGU6, STM32WBA50KGU6TR, STM32WBA52CEU6, STM32WBA52CEU6TR, STM32WBA52CEU7, STM32WBA52CEU7TR, STM32WBA52CGU6, STM32WBA52CGU6TR, STM32WBA52CGU6U, STM32WBA52CGU7, STM32WBA52CGU7TR, STM32WBA52KEU6, STM32WBA52KEU6TR, STM32WBA52KGU6, STM32WBA52KGU6TR, STM32WBA54CEU6, STM32WBA54CEU6TR, STM32WBA54CEU7, STM32WBA54CEU7TR, STM32WBA54CGU6, STM32WBA54CGU6TR, STM32WBA54CGU7, STM32WBA54CGU7TR, STM32WBA54KEU6, STM32WBA54KEU6TR, STM32WBA54KEU7, STM32WBA54KEU7TR, STM32WBA54KGU6, STM32WBA54KGU6TR, STM32WBA54KGU7, STM32WBA54KGU7TR, STM32WBA55CEU6, STM32WBA55CEU6TR, STM32WBA55CEU7, STM32WBA55CEU7TR, STM32WBA55CGU6, STM32WBA55CGU6TR, STM32WBA55CGU6U, STM32WBA55CGU7, STM32WBA55CGU7TR, STM32WBA55G-DK1, STM32WBA55HEF6, STM32WBA55HEF7, STM32WBA55HGF6, STM32WBA55HGF7, STM32WBA55UEI6, STM32WBA55UEI6TR, STM32WBA55UEI7, STM32WBA55UEI7TR, STM32WBA55UGI6, STM32WBA55UGI6TR, STM32WBA55UGI7, STM32WBA55UGI7TR, STM32WBA5MMGH6TR, STM32WBA62MGF6, STM32WBA62MIF6, STM32WBA65MGF7, STM32WBA65MIF6, STM32WBA65MIF7, STM32WL30K8V6, STM32WL30KBV6, STM32WL31C8V6, STM32WL31CBV6, STM32WL31K8V6, STM32WL31KBV6, STM32WL33C8V6, STM32WL33C8V6X, STM32WL33CBV6, STM32WL33CBV6X, STM32WL33CCV6, STM32WL33CCV6A, STM32WL33CCV6X, STM32WL33K8V7, STM32WL33K8V7X, STM32WL33KBV7 , STM32WL33KBV7X, STM32WL33KCV7, STM32WL33KCV7X, STM32WL5MOCH6, STM32WL5MOCH6TR]
2026-07-10 10:08:00,119 [INFO] ApiDb:668 - CubeFinder database Data Model version=2.1
2026-07-10 10:08:00,119 [INFO] ApiDb:669 - CubeFinder database Configuration version=3.0.42
2026-07-10 10:08:00,119 [INFO] ApiDb:670 - CubeFinder database generation date=2026-06-23 (1782213372)
2026-07-10 10:08:00,119 [INFO] ApiDb:671 - CubeFinder database FW Pack versions=[FP-ATR-ASTRA1_V2.0.0, FP-SNS-FLIGHT1_V5.1.0, FP-SNS-MOTENV1_V5.1.0, FP-SNS-MOTENVWB1_V1.5.0, FP-SNS-SMARTAG2_V1.2.0, FP-SNS-STBOX1_V2.1.0, STM32Cube_FW_C0_V1.4.0, STM32Cube_FW_F4_V1.28.3, STM32Cube_FW_F7_V1.17.4, STM32Cube_FW_G0_V1.6.3, STM32Cube_FW_G4_V1.6.2, STM32Cube_FW_H5_V1.7.0, STM32Cube_FW_H7RS_V1.3.0, STM32Cube_FW_H7_V1.13.0, STM32Cube_FW_L0_V1.12.2, STM32Cube_FW_L4_V1.18.2, STM32Cube_FW_L5_V1.6.0, STM32Cube_FW_N6_V1.4.0, STM32Cube_FW_U0_V1.3.0, STM32Cube_FW_U3_V1.4.0, STM32Cube_FW_U5_V1.9.0, STM32Cube_FW_WB0_V1.5.0, STM32Cube_FW_WBA_V1.10.0, STM32Cube_FW_WB_V1.24.0, STM32Cube_FW_WL3_V1.5.0, STM32Cube_FW_WL_V1.6.0, X-CUBE-ALGOBUILD_V1.5.0, X-CUBE-ALS_V1.0.2, X-CUBE-AZRTOS-F4_V1.1.0, X-CUBE-AZRTOS-F7_V1.1.0, X-CUBE-AZRTOS-G0_V1.1.0, X-CUBE-AZRTOS-G4_V2.0.0, X-CUBE-AZRTOS-H7RS_V1.1.0, X-CUBE-AZRTOS-H7_V3.5.0, X-CUBE-AZRTOS-L4_V2.0.0, X-CUBE-AZRTOS-L5_V2.0.0, X-CUBE-AZRTOS-WB_V2.0.0, X-CUBE-AZRTOS-WL_V2.0.0, X-CUBE-BLE1_V7.1.0, X-CUBE-BLE2_V3.3.0, X-CUBE-BLEMGR_V4.1.0, X-CUBE-EEPRMA1_V5.2.0, X-CUBE-FREERTOS_V1.5.0, X-CUBE-GNSS1_V7.1.1, X-CUBE-MEMS1_V12.1.0, X-CUBE-NFC4_V3.0.0, X-CUBE-NFC7_V2.0.0, X-CUBE-SFXS2LP1_V4.0.0, X-CUBE-ST67W61_V1.3.0, X-CUBE-SUBG2_V5.0.0, X-CUBE-TOF1_V3.4.3]
2026-07-10 10:08:01,820 [INFO] ApiDb:240 - Found 880 in-development CPN: [B-G473E-ZEST1S, B-WB1M-WPAN1, B-WBA5M-WPAN, B-WL5M-SUBG1, NUCLEO-C031C6, NUCLEO-C051C8, NUCLEO-C071RB, NUCLEO-C092RC, NUCLEO-H503RB, NUCLEO-H533RE, NUCLEO-H563ZI, NUCLEO-H7S3L8, NUCLEO-N657X0-Q, NUCLEO-U031R8, NUCLEO-U083RC, NUCLEO-U385RG-Q, NUCLEO-U545RE-Q, NUCLEO-U5A5ZJ-Q, NUCLEO-WB05KZ, NUCLEO-WB07CC, NUCLEO-WB09KE, NUCLEO-WBA52CG, NUCLEO-WBA55CG, NUCLEO-WL33CC1, NUCLEO-WL33CC2, STEVAL-PROTEUS1, STEVAL-SMARTAG2, STEVAL-STWINBX1, STM320518-EVAL, STM32C0116-DK, STM32C011D6Y3TR, STM32C011D6Y6TR, STM32C011F4P3, STM32C011F4P6, STM32C011F4U3, STM32C011F4U6TR, STM32C011F6P3, STM32C011F6P6, STM32C011F6U3, STM32C011F6U6TR, STM32C011J4M3, STM32C011J4M6, STM32C011J6M3, STM32C011J6M6, STM32C0316-DK, STM32C031C4T3, STM32C031C4T6, STM32C031C4U3, STM32C031C4U6, STM32C031C6T3, STM32C031C6T6, STM32C031C6U3, STM32C031C6U6, STM32C031F4P3, STM32C031F4P6, STM32C031F6P3, STM32C031F6P6, STM32C031G4U3, STM32C031G4U6, STM32C031G6U3, STM32C031G6U6, STM32C031K4T3, STM32C031K4T6, STM32C031K4U3, STM32C031K4U6, STM32C031K6T3, STM32C031K6T6, STM32C031K6U3, STM32C031K6U6, STM32C051C6T6, STM32C051C6U6, STM32C051C8T6, STM32C051C8U6, STM32C051D8Y6TR, STM32C051F6P6, STM32C051F8P6, STM32C051G6U6, STM32C051G8U6, STM32C051K6T6, STM32C051K6U6, STM32C051K8T6, STM32C071C8T6, STM32C071C8T6N, STM32C071C8U6, STM32C071C8U6N, STM32C071CBT6, STM32C071CBT6N, STM32C071CBU6, STM32C071CBU6N, STM32C071F8P6, STM32C071F8P6N, STM32C071FBP6, STM32C071FBP6N, STM32C071FBY6TR, STM32C071G8U6, STM32C071G8U6N, STM32C071GBU6, STM32C071GBU6N, STM32C071K8T6, STM32C071K8T6N, STM32C071K8U6, STM32C071K8U6N, STM32C071KBT6, STM32C071KBT6N, STM32C071KBU6, STM32C071KBU6N, STM32C071R8T6, STM32C071R8T6N, STM32C071RBI6N, STM32C071RBT6, STM32C071RBT6N, STM32C091CBT6, STM32C091CBU6, STM32C091CCT6, STM32C091CCU6, STM32C091ECY6TR, STM32C091FBP6, STM32C091FCP6, STM32C091GBU6, STM32C091GCU6, STM32C091KBT6, STM32C091KBU6, STM32C091KCT6, STM32C091KCU6, STM32C091RBT6, STM32C091RCI6, STM32C091RCT6, STM32C092CBT6, STM32C092CBU6, STM32C092CCT6, STM32C092CCU6, STM32C092ECY6TR, STM32C092FBP6, STM32C092FCP6, STM32C092GBU6, STM32C092GCU6, STM32C092KBT6, STM32C092KBU6, STM32C092KCT6, STM32C092KCU6, STM32C092RBT6, STM32C092RCI6, STM32C092RCT6, STM32G071K8TXN, STM32G071K8UXN, STM32G081GBU6N, STM32G081KBT6N, STM32G081KBUXN, STM32G0B1CCT6N, STM32G0B1KCT6, STM32G0B1NEY6TR, STM32G0B1RCT6N, STM32G0C1CCT6, STM32G0C1CCT6N, STM32G0C1CCU6N, STM32G0C1CET6N, STM32G0C1CEU6N, STM32G0C1KCT6, STM32G0C1NEY6TR, STM32G0C1RCI6N, STM32G0C1RCT6N, STM32G0C1REI6N, STM32G0C1RET6N, STM32G0C1VCI6, STM32G0C1VEI6, STM32G411C6T3, STM32G411C6T6, STM32G411C6U3, STM32G411C6U6, STM32G411C8T3, STM32G411C8T6, STM32G411C8U3, STM32G411C8U6, STM32G411CBT3, STM32G411CBT6, STM32G411CBU3, STM32G411CBU6, STM32G411K6T3, STM32G411K6T6, STM32G411K6U3, STM32G411K6U6, STM32G411K8T3, STM32G411K8T6, STM32G411K8U3, STM32G411K8U6, STM32G411KBT3, STM32G411KBT6, STM32G411KBU3, STM32G411KBU6, STM32G411M6T3, STM32G411M6T6, STM32G411M8T3, STM32G411M8T6, STM32G411MBT3, STM32G411MBT6, STM32G411R6T3, STM32G411R6T6, STM32G411R8T3, STM32G411R8T6, STM32G411RBT3, STM32G411RBT6, STM32G414CBT3, STM32G414CBT6, STM32G414CBU3, STM32G414CBU6, STM32G414CCT3, STM32G414CCT6, STM32G414CCU3, STM32G414CCU6, STM32G414MBT3, STM32G414MBT6, STM32G414MCT3, STM32G414MCT6, STM32G414RBT3, STM32G414RBT6, STM32G414RCT3, STM32G414RCT6, STM32G414VBT3, STM32G414VBT6, STM32G414VCT3, STM32G414VCT6, STM32G431CBT3Z, STM32G431RBT3Z, STM32G471CCT6, STM32G471CCU6, STM32G471CET3, STM32G471CET6, STM32G471CEU3, STM32G471CEU6, STM32G471MCT6, STM32G471MET3, STM32G471MET6, STM32G471MEY6TR, STM32G471QCT6, STM32G471QET3, STM32G471RCT6, STM32G471RET3, STM32G471RET6, STM32G471VCH6, STM32G471VCI6, STM32G471VCT6, STM32G471VEH3, STM32G471VEH6, STM32G471VEI3, STM32G471VEI6, STM32G471VET3, STM32G471VET6, STM32G473QET3Z, STM32G473RET3Z, STM32G474CCT6, STM32G491RET3Z, STM32H503CBT6, STM32H503CBU6, STM32H503EBY6TR, STM32H503KBU6, STM32H503RBT6, STM32H523CCT6, STM32H523CCU6, STM32H523CET6, STM32H523CEU6, STM32H523HEY6TR, STM32H523RCT6, STM32H523RET6, STM32H523VCI6, STM32H523VCT6, STM32H523VEI6, STM32H523VET6, STM32H523ZCJ6, STM32H523ZCT6, STM32H523ZEJ6, STM32H523ZET6, STM32H533CET6, STM32H533CEU6, STM32H533HEY6TR, STM32H533RET6, STM32H533VEI6, STM32H533VET6, STM32H533ZEJ6, STM32H533ZET6, STM32H562AGI6, STM32H562AII6, STM32H562IGK6, STM32H562IGT6, STM32H562IIK6, STM32H562IIT6, STM32H562RGT6, STM32H562RGV6, STM32H562RIT6, STM32H562RIV6, STM32H562VGT6, STM32H562VIT6, STM32H562ZGT6, STM32H562ZIT6, STM32H563AGI6, STM32H563AII3Q, STM32H563AII6, STM32H563IGK6, STM32H563IGT6, STM32H563IIK3Q, STM32H563IIK6, STM32H563IIT3Q, STM32H563IIT6, STM32H563MIY3QTR, STM32H563RGT6, STM32H563RGV6, STM32H563RIT6, STM32H563RIV6, STM32H563VGT6, STM32H563VIT3Q, STM32H563VIT6, STM32H563ZGT6, STM32H563ZIT3Q, STM32H563ZIT6, STM32H573AII3Q, STM32H573AII6, STM32H573I-DK, STM32H573IIK3Q, STM32H573IIK6, STM32H573IIT3Q, STM32H573IIT6, STM32H573MIY3QTR, STM32H573RIT6, STM32H573RIV6, STM32H573VIT3Q, STM32H573VIT6, STM32H573ZIT3Q, STM32H573ZIT6, STM32H7R3A8I6, STM32H7R3I8K6, STM32H7R3I8T6, STM32H7R3L8H6, STM32H7R3L8H6H, STM32H7R3R8V6, STM32H7R3V8H6, STM32H7R3V8T6, STM32H7R3V8Y6TR, STM32H7R3Z8J6, STM32H7R3Z8T6, STM32H7R7A8I6, STM32H7R7I8K6, STM32H7R7I8T6, STM32H7R7L8H6, STM32H7R7L8H6H, STM32H7R7Z8J6, STM32H7S3A8I6, STM32H7S3I8K6, STM32H7S3I8T6, STM32H7S3L8H6, STM32H7S3L8H6H, STM32H7S3R8V6, STM32H7S3V8H6, STM32H7S3V8T6, STM32H7S3V8Y6TR, STM32H7S3Z8J6, STM32H7S3Z8T6, STM32H7S78-DK, STM32H7S7A8I6, STM32H7S7I8K6, STM32H7S7I8T6, STM32H7S7L8H6, STM32H7S7L8H6H, STM32H7S7Z8J6, STM32L4R5QGI6STR, STM32MP131AAE3, STM32MP131AAF3, STM32MP131AAG3, STM32MP131CAE3, STM32MP131CAF3, STM32MP131CAG3, STM32MP131DAE7, STM32MP131DAF7, STM32MP131DAG7, STM32MP131FAE7, STM32MP131FAF7, STM32MP131FAG7, STM32MP133AAE3, STM32MP133AAF3, STM32MP133AAG3, STM32MP133CAE3, STM32MP133CAF3, STM32MP133CAG3, STM32MP133DAE7, STM32MP133DAF7, STM32MP133DAG7, STM32MP133FAE7, STM32MP133FAF7, STM32MP133FAG7, STM32MP135AAE3, STM32MP135AAF3, STM32MP135AAG3, STM32MP135CAE3, STM32MP135CAF3, STM32MP135CAG3, STM32MP135DAE7, STM32MP135DAF7, STM32MP135DAG7, STM32MP135F-DK, STM32MP135FAE7, STM32MP135FAF7, STM32MP135FAF7T, STM32MP135FAF7U, STM32MP135FAG7, STM32MP211AAL3, STM32MP211AAM3, STM32MP211AAN3, STM32MP211AAO3, STM32MP211CAL3, STM32MP211CAM3, STM32MP211CAN3, STM32MP211CAO3, STM32MP211DAL3, STM32MP211DAM3, STM32MP211DAN3, STM32MP211DAO3, STM32MP211FAL3, STM32MP211FAM3, STM32MP211FAN3, STM32MP211FAO3, STM32MP213AAL3, STM32MP213AAM3, STM32MP213AAN3, STM32MP213AAO3, STM32MP213CAL3, STM32MP213CAM3, STM32MP213CAN3, STM32MP213CAO3, STM32MP213DAL3, STM32MP213DAM3, STM32MP213DAN3, STM32MP213DAO3, STM32MP213FAL3, STM32MP213FAM3, STM32MP213FAN3, STM32MP213FAO3, STM32MP215AAL3, STM32MP215AAM3, STM32MP215AAN3, STM32MP215AAO3, STM32MP215CAL3, STM32MP215CAM3, STM32MP215CAN3, STM32MP215CAO3, STM32MP215DAL3, STM32MP215DAM3, STM32MP215DAN3, STM32MP215DAO3, STM32MP215F-DK, STM32MP215FAL3, STM32MP215FAM3, STM32MP215FAN3, STM32MP215FAO3, STM32MP231AAJ3, STM32MP231AAK3, STM32MP231AAL3, STM32MP231CAJ3, STM32MP231CAK3, STM32MP231CAL3, STM32MP231DAJ3, STM32MP231DAK3, STM32MP231DAL3, STM32MP231FAJ3, STM32MP231FAK3, STM32MP231FAL3, STM32MP233AAJ3, STM32MP233AAK3, STM32MP233AAL3, STM32MP233CAJ3, STM32MP233CAK3, STM32MP233CAL3, STM32MP233DAJ3, STM32MP233DAK3, STM32MP233DAL3, STM32MP233FAJ3, STM32MP233FAK3, STM32MP233FAL3, STM32MP235AAJ3, STM32MP235AAK3, STM32MP235AAL3, STM32MP235CAJ3, STM32MP235CAK3, STM32MP235CAL3, STM32MP235DAJ3, STM32MP235DAK3, STM32MP235DAL3, STM32MP235FAJ3, STM32MP235FAK3, STM32MP235FAL3, STM32MP251AAI3, STM32MP251AAK3, STM32MP251AAL3, STM32MP251CAI3, STM32MP251CAK3, STM32MP251CAL3, STM32MP251DAI3, STM32MP251DAK3, STM32MP251DAL3, STM32MP251FAI3, STM32MP251FAK3, STM32MP251FAL3, STM32MP253AAI3, STM32MP253AAK3, STM32MP253AAL3, STM32MP253CAI3, STM32MP253CAK3, STM32MP253CAL3, STM32MP253DAI3, STM32MP253DAK3, STM32MP253DAL3, STM32MP253FAI3, STM32MP253FAK3, STM32MP253FAL3, STM32MP255AAI3, STM32MP255AAK3, STM32MP255AAL3, STM32MP255CAI3, STM32MP255CAK3, STM32MP255CAL3, STM32MP255DAI3, STM32MP255DAK3, STM32MP255DAL3, STM32MP255FAI3, STM32MP255FAK3, STM32MP255FAL3, STM32MP257AAI3, STM32MP257AAK3, STM32MP257AAL3, STM32MP257CAI3, STM32MP257CAK3, STM32MP257CAL3, STM32MP257DAI3, STM32MP257DAK3, STM32MP257DAL3, STM32MP257F-DK, STM32MP257F-EV1, STM32MP257FAI3, STM32MP257FAK3, STM32MP257FAL3, STM32N645A0H3Q, STM32N645B0H3Q, STM32N645I0H3Q, STM32N645L0H3Q, STM32N645X0H3Q, STM32N645Z0H3Q, STM32N647A0H3Q, STM32N647B0H3Q, STM32N647I0H3Q, STM32N647L0H3Q, STM32N647X0H3Q, STM32N647Z0H3Q, STM32N655A0H3Q, STM32N655B0H3Q, STM32N655I0H3Q, STM32N655L0H3Q, STM32N655X0H3Q, STM32N655Z0H3Q, STM32N6570-DK, STM32N657A0H3Q, STM32N657B0H3Q, STM32N657I0H3Q, STM32N657L0H3Q, STM32N657X0H3Q, STM32N657Z0H3Q, STM32U031C6T6, STM32U031C6U6, STM32U031C8T6, STM32U031C8U6, STM32U031F4P6, STM32U031F6P6, STM32U031F8P6, STM32U031G6Y6TR, STM32U031G8Y6TR, STM32U031K4U6, STM32U031K6U6, STM32U031K8U6, STM32U031R6I6, STM32U031R6T6, STM32U031R8I6, STM32U031R8T6, STM32U073C8T6, STM32U073C8U6, STM32U073CBT6, STM32U073CBU6, STM32U073CCT6, STM32U073CCU6, STM32U073H8Y6TR, STM32U073HBY6TR, STM32U073HCY6TR, STM32U073K8U6, STM32U073KBU6, STM32U073KCU6, STM32U073M8I6, STM32U073M8T6, STM32U073MBI6, STM32U073MBT6, STM32U073MCI6, STM32U073MCT6, STM32U073R8I6, STM32U073R8T6, STM32U073RBI6, STM32U073RBT6, STM32U073RCI6, STM32U073RCT6, STM32U083C-DK, STM32U083CCT6, STM32U083CCU6, STM32U083HCY6TR, STM32U083KCU6, STM32U083MCI6, STM32U083MCT6, STM32U083RCI6, STM32U083RCT6, STM32U375CET6, STM32U375CET6Q, STM32U375CEU6, STM32U375CEU6Q, STM32U375CEY6QTR, STM32U375CGT6, STM32U375CGT6Q, STM32U375CGU6, STM32U375CGU6Q, STM32U375CGY6QTR, STM32U375KEU6, STM32U375KGU6, STM32U375REI6, STM32U375REI6Q, STM32U375RET6, STM32U375RET6Q, STM32U375REY6GTR, STM32U375REY6QTR, STM32U375RGI6, STM32U375RGI6Q, STM32U375RGT6, STM32U375RGT6Q, STM32U375RGY6GTR, STM32U375RGY6QTR, STM32U375VEI6, STM32U375VEI6Q, STM32U375VET6, STM32U375VET6Q, STM32U375VGI6, STM32U375VGI6Q, STM32U375VGT6, STM32U375VGT6Q, STM32U385CGT6, STM32U385CGT6Q, STM32U385CGU6, STM32U385CGU6Q, STM32U385CGY6QTR, STM32U385KGU6, STM32U385RGI6, STM32U385RGI6Q, STM32U385RGT6, STM32U385RGT6Q, STM32U385RGY6GTR, STM32U385RGY6QTR, STM32U385VGI6, STM32U385VGI6Q, STM32U385VGT6, STM32U385VGT6Q, STM32U535CBT6, STM32U535CBT6Q, STM32U535CBU6, STM32U535CBU6Q, STM32U535CCT6, STM32U535CCT6Q, STM32U535CCU6, STM32U535CCU6Q, STM32U535CET6, STM32U535CET6Q, STM32U535CEU6, STM32U535CEU6Q, STM32U535JEY6QTR, STM32U535NCY6QTR, STM32U535NEY6QTR, STM32U535RBI6, STM32U535RBI6Q, STM32U535RBT6, STM32U535RBT6Q, STM32U535RCI6, STM32U535RCI6Q, STM32U535RCT6, STM32U535RCT6Q, STM32U535REI6, STM32U535REI6Q, STM32U535RET6, STM32U535RET6Q, STM32U535VCI6, STM32U535VCI6Q, STM32U535VCT6, STM32U535VCT6Q, STM32U535VEI6, STM32U535VEI6Q, STM32U535VET6, STM32U535VET6Q, STM32U545CET6, STM32U545CET6Q, STM32U545CEU6, STM32U545CEU6Q, STM32U545JEY6QTR, STM32U545NEY6QTR, STM32U545REI6, STM32U545REI6Q, STM32U545RET6, STM32U545RET6Q, STM32U545VEI6, STM32U545VEI6Q, STM32U545VET6, STM32U545VET6Q, STM32U595AIH6, STM32U595AIH6Q, STM32U595AJH6, STM32U595AJH6Q, STM32U595QII6, STM32U595QII6Q, STM32U595QJI6, STM32U595QJI6Q, STM32U595RIT6, STM32U595RIT6Q, STM32U595RJT6, STM32U595RJT6Q, STM32U595VIT6, STM32U595VIT6Q, STM32U595VJT6, STM32U595VJT6Q, STM32U595ZIT6, STM32U595ZIT6Q, STM32U595ZIY6QTR, STM32U595ZJT6, STM32U595ZJT6Q, STM32U595ZJY6QTR, STM32U599BJY6QTR, STM32U599NIH6Q, STM32U599NJH6Q, STM32U599VIT6Q, STM32U599VJT6, STM32U599VJT6Q, STM32U599ZIT6Q, STM32U599ZIY6QTR, STM32U599ZJT6Q, STM32U599ZJY6QTR, STM32U5A5AJH6, STM32U5A5AJH6Q, STM32U5A5QII3Q , STM32U5A5QJI6, STM32U5A5QJI6Q, STM32U5A5RJT6, STM32U5A5RJT6Q, STM32U5A5VJT6, STM32U5A5VJT6Q, STM32U5A5ZJT6, STM32U5A5ZJT6Q, STM32U5A5ZJY6QTR, STM32U5A9BJY6QTR, STM32U5A9J-DK, STM32U5A9NJH6Q, STM32U5A9VJT6Q, STM32U5A9ZJT6Q, STM32U5A9ZJY6QTR, STM32U5F7VIT6, STM32U5F7VIT6Q, STM32U5F7VJT6, STM32U5F7VJT6Q, STM32U5F9BJY6QTR, STM32U5F9NJH6Q, STM32U5F9VIT6Q, STM32U5F9VJT6Q, STM32U5F9ZIJ6QTR, STM32U5F9ZIT6Q, STM32U5F9ZJJ6QTR, STM32U5F9ZJT6Q, STM32U5G7VJT6, STM32U5G7VJT6Q, STM32U5G9BJY6QTR, STM32U5G9J-DK1, STM32U5G9J-DK2, STM32U5G9NJH6Q, STM32U5G9VJT6Q, STM32U5G9ZJJ6QTR, STM32U5G9ZJT6Q, STM32WB05KZV6TR, STM32WB05KZV7TR, STM32WB05TZF6TR, STM32WB05TZF7TR, STM32WB06CCF6TR, STM32WB06CCF7TR, STM32WB06CCV6TR, STM32WB06CCV7TR, STM32WB06KCV6TR, STM32WB06KCV7TR, STM32WB07CCF6TR, STM32WB07CCF7TR, STM32WB07CCV6TR, STM32WB07CCV7TR, STM32WB07KCV6TR, STM32WB07KCV7TR, STM32WB09KEV6TR, STM32WB09KEV7TR, STM32WB09TEF6TR, STM32WB09TEF7TR, STM32WB1MMCH6, STM32WBA50KGU6, STM32WBA50KGU6TR, STM32WBA52CEU6, STM32WBA52CEU6TR, STM32WBA52CEU7, STM32WBA52CEU7TR, STM32WBA52CGU6, STM32WBA52CGU6TR, STM32WBA52CGU6U, STM32WBA52CGU7, STM32WBA52CGU7TR, STM32WBA52KEU6, STM32WBA52KEU6TR, STM32WBA52KGU6, STM32WBA52KGU6TR, STM32WBA54CEU6, STM32WBA54CEU6TR, STM32WBA54CEU7, STM32WBA54CEU7TR, STM32WBA54CGU6, STM32WBA54CGU6TR, STM32WBA54CGU7, STM32WBA54CGU7TR, STM32WBA54KEU6, STM32WBA54KEU6TR, STM32WBA54KEU7, STM32WBA54KEU7TR, STM32WBA54KGU6, STM32WBA54KGU6TR, STM32WBA54KGU7, STM32WBA54KGU7TR, STM32WBA55CEU6, STM32WBA55CEU6TR, STM32WBA55CEU7, STM32WBA55CEU7TR, STM32WBA55CGU6, STM32WBA55CGU6TR, STM32WBA55CGU6U, STM32WBA55CGU7, STM32WBA55CGU7TR, STM32WBA55G-DK1, STM32WBA55HEF6, STM32WBA55HEF7, STM32WBA55HGF6, STM32WBA55HGF7, STM32WBA55UEI6, STM32WBA55UEI6TR, STM32WBA55UEI7, STM32WBA55UEI7TR, STM32WBA55UGI6, STM32WBA55UGI6TR, STM32WBA55UGI7, STM32WBA55UGI7TR, STM32WBA5MMGH6TR, STM32WBA62MGF6, STM32WBA62MIF6, STM32WBA65MGF7, STM32WBA65MIF6, STM32WBA65MIF7, STM32WL30K8V6, STM32WL30KBV6, STM32WL31C8V6, STM32WL31CBV6, STM32WL31K8V6, STM32WL31KBV6, STM32WL33C8V6, STM32WL33C8V6X, STM32WL33CBV6, STM32WL33CBV6X, STM32WL33CCV6, STM32WL33CCV6A, STM32WL33CCV6X, STM32WL33K8V7, STM32WL33K8V7X, STM32WL33KBV7 , STM32WL33KBV7X, STM32WL33KCV7, STM32WL33KCV7X, STM32WL5MOCH6, STM32WL5MOCH6TR]
2026-07-10 10:08:01,825 [INFO] DbMcus:218 - Found 5250 MCUs, 5097 are supported
2026-07-10 10:08:01,826 [INFO] ApiDb:423 - Load user favorites file /home/anton/.stm32cubeide/favorites.mcus.txt: 0 item(s)
2026-07-10 10:08:01,826 [INFO] ApiDb:427 - User favorites MCUs=[]
2026-07-10 10:08:01,826 [INFO] DbMcus:224 - Set 0 / 0 favorites MCUs
2026-07-10 10:08:02,095 [INFO] BoardInfo:889 - No configuration file found for board NUCLEO-H5E5ZJ
2026-07-10 10:08:02,095 [INFO] DbBoards:161 - Board is not supported: NUCLEO-H5E5ZJ
2026-07-10 10:08:02,118 [INFO] BoardInfo:889 - No configuration file found for board NUCLEO-U3C5ZI-Q
2026-07-10 10:08:02,118 [INFO] DbBoards:161 - Board is not supported: NUCLEO-U3C5ZI-Q
2026-07-10 10:08:02,123 [INFO] BoardInfo:889 - No configuration file found for board NUCLEO-WBA25CE1
2026-07-10 10:08:02,124 [INFO] DbBoards:161 - Board is not supported: NUCLEO-WBA25CE1
2026-07-10 10:08:02,127 [INFO] BoardInfo:889 - No configuration file found for board NUCLEO-WL3RKB1
2026-07-10 10:08:02,127 [INFO] DbBoards:161 - Board is not supported: NUCLEO-WL3RKB1
2026-07-10 10:08:02,128 [INFO] BoardInfo:889 - No configuration file found for board NUCLEO-WL3RKB2
2026-07-10 10:08:02,128 [INFO] DbBoards:161 - Board is not supported: NUCLEO-WL3RKB2
2026-07-10 10:08:02,131 [INFO] BoardInfo:889 - No configuration file found for board P-NUCLEO-WB55
2026-07-10 10:08:02,131 [INFO] DbBoards:161 - Kit is not supported: P-NUCLEO-WB55
2026-07-10 10:08:02,133 [INFO] BoardInfo:889 - No configuration file found for board STEVAL-BFA001V1B
2026-07-10 10:08:02,134 [INFO] DbBoards:161 - Kit is not supported: STEVAL-BFA001V1B
2026-07-10 10:08:02,134 [INFO] BoardInfo:889 - No configuration file found for board STEVAL-BFA001V2B
2026-07-10 10:08:02,134 [INFO] DbBoards:161 - Kit is not supported: STEVAL-BFA001V2B
2026-07-10 10:08:02,177 [INFO] BoardInfo:889 - No configuration file found for board STM32H5F5J-DK
2026-07-10 10:08:02,178 [INFO] DbBoards:161 - Board is not supported: STM32H5F5J-DK
2026-07-10 10:08:02,216 [INFO] DbBoards:168 - Found 218 boards, 209 are supported
2026-07-10 10:08:02,216 [INFO] DbBoards:169 - Found 218 boards, 43 of them is supported for  Bsp
2026-07-10 10:08:02,219 [INFO] ApiDb:423 - Load user favorites file /home/anton/.stm32cubeide/favorites.boards.txt: 0 item(s)
2026-07-10 10:08:02,219 [INFO] ApiDb:427 - User favorites Boards=[]
2026-07-10 10:08:02,220 [INFO] DbBoards:198 - Set 0 / 0 favorites Boards
2026-07-10 10:08:02,262 [INFO] UtilMem:75 - End LoadConfig() Used Memory: 648668712 Bytes (1073741824)
2026-07-10 10:08:02,338 [WARN] ThirdParty:833 - waiting for thirdparty lock release [change project]
2026-07-10 10:08:02,338 [INFO] ThirdParty:835 - entering critical section [change project]
2026-07-10 10:08:02,338 [INFO] ThirdParty:1030 - CMSIS Pack Vendor :STMicroelectronics X-CUBE-AZRTOS-H7 3.5.0
2026-07-10 10:08:02,338 [INFO] ThirdParty:1030 - CMSIS Pack Vendor :STMicroelectronics X-CUBE-PM33A1 1.0.0
2026-07-10 10:08:02,338 [INFO] ThirdParty:1030 - CMSIS Pack Vendor :STMicroelectronics USBPD 4.1
2026-07-10 10:08:02,339 [INFO] ThirdParty:1030 - CMSIS Pack Vendor :STMicroelectronics X-CUBE-NFC9 1.0.0
2026-07-10 10:08:02,339 [INFO] ThirdParty:1030 - CMSIS Pack Vendor :STMicroelectronics USB_HOST 2.0.0
2026-07-10 10:08:02,339 [INFO] ThirdParty:1030 - CMSIS Pack Vendor :STMicroelectronics X-CUBE-AZRTOS-F4 1.1.0
2026-07-10 10:08:02,339 [INFO] ThirdParty:1030 - CMSIS Pack Vendor :STMicroelectronics LIBJPEG 8.0.0
2026-07-10 10:08:02,339 [INFO] ThirdParty:1030 - CMSIS Pack Vendor :STMicroelectronics FP-ATR-ASTRA1 2.0.2
2026-07-10 10:08:02,339 [INFO] ThirdParty:1030 - CMSIS Pack Vendor :STMicroelectronics X-CUBE-BLE1 7.1.0
2026-07-10 10:08:02,339 [INFO] ThirdParty:1030 - CMSIS Pack Vendor :wolfSSL I-CUBE-wolfMQTT 1.19.2
2026-07-10 10:08:02,339 [INFO] ThirdParty:1030 - CMSIS Pack Vendor :STMicroelectronics USB_DEVICE 3.0.0
2026-07-10 10:08:02,339 [INFO] ThirdParty:1030 - CMSIS Pack Vendor :STMicroelectronics X-CUBE-ISPU 2.1.0
2026-07-10 10:08:02,339 [INFO] ThirdParty:1030 - CMSIS Pack Vendor :STMicroelectronics X-CUBE-EEPRMA1 5.2.0
2026-07-10 10:08:02,339 [INFO] ThirdParty:1030 - CMSIS Pack Vendor :STMicroelectronics X-CUBE-IPS 3.2.0
2026-07-10 10:08:02,339 [INFO] ThirdParty:1030 - CMSIS Pack Vendor :STMicroelectronics eDS-WB_DPC_TT-BIDIR 2.1.1
2026-07-10 10:08:02,339 [INFO] ThirdParty:1030 - CMSIS Pack Vendor :STMicroelectronics X-CUBE-AZRTOS-WB 2.0.0
2026-07-10 10:08:02,339 [INFO] ThirdParty:1030 - CMSIS Pack Vendor :STMicroelectronics X-CUBE-NFC12 1.0.0
2026-07-10 10:08:02,339 [INFO] ThirdParty:1030 - CMSIS Pack Vendor :STMicroelectronics X-CUBE-AZRTOS-F7 1.1.0
2026-07-10 10:08:02,339 [INFO] ThirdParty:1030 - CMSIS Pack Vendor :STMicroelectronics X-CUBE-AZRTOS-L5 2.0.0
2026-07-10 10:08:02,339 [INFO] ThirdParty:1030 - CMSIS Pack Vendor :STMicroelectronics USB_DEVICE 2.0.0
2026-07-10 10:08:02,339 [INFO] ThirdParty:1030 - CMSIS Pack Vendor :STMicroelectronics X-CUBE-FREERTOS 1.6.0
2026-07-10 10:08:02,339 [INFO] ThirdParty:1030 - CMSIS Pack Vendor :STMicroelectronics FP-SNS-STAIOTCFT 1.1.0
2026-07-10 10:08:02,339 [INFO] ThirdParty:1030 - CMSIS Pack Vendor :quantropi X-CUBE-qispace-sdk-base 2.1.0
2026-07-10 10:08:02,339 [INFO] ThirdParty:1030 - CMSIS Pack Vendor :STMicroelectronics X-CUBE-STSE01 2.0.0
2026-07-10 10:08:02,339 [INFO] ThirdParty:1030 - CMSIS Pack Vendor :STMicroelectronics X-CUBE-ALGOBUILD 1.5.0
2026-07-10 10:08:02,339 [INFO] ThirdParty:1030 - CMSIS Pack Vendor :STMicroelectronics FP-SNS-MOTENV1 5.1.0
2026-07-10 10:08:02,339 [INFO] ThirdParty:1030 - CMSIS Pack Vendor :STMicroelectronics FreeRTOS 0.0.1
2026-07-10 10:08:02,339 [INFO] ThirdParty:1030 - CMSIS Pack Vendor :STMicroelectronics X-CUBE-AZRTOS-H7RS 1.3.0
2026-07-10 10:08:02,339 [INFO] ThirdParty:1030 - CMSIS Pack Vendor :STMicroelectronics X-CUBE-AZRTOS-G0 1.1.0
2026-07-10 10:08:02,339 [INFO] ThirdParty:1030 - CMSIS Pack Vendor :STMicroelectronics X-CUBE-NFC4 3.0.0
2026-07-10 10:08:02,340 [INFO] ThirdParty:1030 - CMSIS Pack Vendor :STMicroelectronics X-CUBE-SUBG2 5.0.0
2026-07-10 10:08:02,340 [INFO] ThirdParty:1030 - CMSIS Pack Vendor :STMicroelectronics STM32_WPAN 1.0.0
2026-07-10 10:08:02,340 [INFO] ThirdParty:1030 - CMSIS Pack Vendor :STMicroelectronics eDS-WB_DPC_VIENNA 1.2.0
2026-07-10 10:08:02,340 [INFO] ThirdParty:1030 - CMSIS Pack Vendor :EmbeddedOffice I-CUBE-FS-RTOS 1.0.1
2026-07-10 10:08:02,340 [INFO] ThirdParty:1030 - CMSIS Pack Vendor :STMicroelectronics lwIP 2.0.3
2026-07-10 10:08:02,340 [INFO] ThirdParty:1030 - CMSIS Pack Vendor :WES I-CUBE-Cesium 1.4.0
2026-07-10 10:08:02,340 [INFO] ThirdParty:1030 - CMSIS Pack Vendor :STMicroelectronics eDS-WB_DPC_3PH2L-BIDIR 1.1.1
2026-07-10 10:08:02,340 [INFO] ThirdParty:1030 - CMSIS Pack Vendor :STMicroelectronics USB_HOST 1.0.0
2026-07-10 10:08:02,340 [INFO] ThirdParty:1030 - CMSIS Pack Vendor :STMicroelectronics X-CUBE-AZRTOS-G4 2.0.0
2026-07-10 10:08:02,340 [INFO] ThirdParty:1030 - CMSIS Pack Vendor :STMicroelectronics PDM2PCM 3.1.0
2026-07-10 10:08:02,340 [INFO] ThirdParty:1030 - CMSIS Pack Vendor :STMicroelectronics PDM2PCM 3.3.0
2026-07-10 10:08:02,340 [INFO] ThirdParty:1030 - CMSIS Pack Vendor :wolfSSL I-CUBE-wolfTPM 3.8.0
2026-07-10 10:08:02,340 [INFO] ThirdParty:1030 - CMSIS Pack Vendor :STMicroelectronics X-CUBE-DISPLAY 3.0.0
2026-07-10 10:08:02,340 [INFO] ThirdParty:1030 - CMSIS Pack Vendor :wolfSSL I-CUBE-wolfSSH 1.4.20
2026-07-10 10:08:02,340 [INFO] ThirdParty:1030 - CMSIS Pack Vendor :STMicroelectronics X-CUBE-NFC7 2.0.0
2026-07-10 10:08:02,340 [INFO] ThirdParty:1030 - CMSIS Pack Vendor :STMicroelectronics X-CUBE-GNSS1 7.1.1
2026-07-10 10:08:02,340 [INFO] ThirdParty:1030 - CMSIS Pack Vendor :STMicroelectronics FP-SNS-MOTENVWB1 1.5.0
2026-07-10 10:08:02,340 [INFO] ThirdParty:1030 - CMSIS Pack Vendor :STMicroelectronics X-CUBE-TCPP 4.2.0
2026-07-10 10:08:02,340 [INFO] ThirdParty:1030 - CMSIS Pack Vendor :RealThread X-CUBE-RT-Thread_Nano 4.1.1
2026-07-10 10:08:02,340 [INFO] ThirdParty:1030 - CMSIS Pack Vendor :wolfSSL I-CUBE-wolfSSL 5.9.1
2026-07-10 10:08:02,340 [INFO] ThirdParty:1030 - CMSIS Pack Vendor :STMicroelectronics FP-ATR-SIGFOX1 3.2.0
2026-07-10 10:08:02,340 [INFO] ThirdParty:1030 - CMSIS Pack Vendor :STMicroelectronics X-CUBE-NFC10 1.0.0
2026-07-10 10:08:02,340 [INFO] ThirdParty:1030 - CMSIS Pack Vendor :STMicroelectronics HAL Drivers 0.0.0
2026-07-10 10:08:02,340 [INFO] ThirdParty:1030 - CMSIS Pack Vendor :STMicroelectronics MBEDTLS 2.16.2
2026-07-10 10:08:02,341 [INFO] ThirdParty:1030 - CMSIS Pack Vendor :STMicroelectronics X-CUBE-ST60 1.1.0
2026-07-10 10:08:02,341 [INFO] ThirdParty:1030 - CMSIS Pack Vendor :STMicroelectronics X-CUBE-ALS 1.0.2
2026-07-10 10:08:02,341 [INFO] ThirdParty:1030 - CMSIS Pack Vendor :emotas I-CUBE-CANOPEN 1.3.0
2026-07-10 10:08:02,341 [INFO] ThirdParty:1030 - CMSIS Pack Vendor :STMicroelectronics MBEDTLS 2.14.1
2026-07-10 10:08:02,341 [INFO] ThirdParty:1030 - CMSIS Pack Vendor :ITTIA_DB I-CUBE-ITTIADB 8.9.0
2026-07-10 10:08:02,341 [INFO] ThirdParty:1030 - CMSIS Pack Vendor :Cesanta I-CUBE-Mongoose 7.21.7
2026-07-10 10:08:02,341 [INFO] ThirdParty:1030 - CMSIS Pack Vendor :STMicroelectronics X-CUBE-TOUCHGFX 4.26.1
2026-07-10 10:08:02,341 [INFO] ThirdParty:1030 - CMSIS Pack Vendor :STMicroelectronics X-CUBE-NFC6 3.2.0
2026-07-10 10:08:02,341 [INFO] ThirdParty:1030 - CMSIS Pack Vendor :STMicroelectronics FP-SNS-STBOX1 2.1.0
2026-07-10 10:08:02,341 [INFO] ThirdParty:1030 - CMSIS Pack Vendor :STMicroelectronics X-CUBE-AI 10.2.1
2026-07-10 10:08:02,341 [INFO] ThirdParty:1030 - CMSIS Pack Vendor :STMicroelectronics ThreadX 1.0.0
2026-07-10 10:08:02,341 [INFO] ThirdParty:1030 - CMSIS Pack Vendor :STMicroelectronics FP-SNS-SMARTAG2 1.2.0
2026-07-10 10:08:02,341 [INFO] ThirdParty:1030 - CMSIS Pack Vendor :STMicroelectronics X-CUBE-MEMS1 12.1.0
2026-07-10 10:08:02,341 [INFO] ThirdParty:1030 - CMSIS Pack Vendor :STMicroelectronics FP-SNS-FLIGHT1 5.1.0
2026-07-10 10:08:02,341 [INFO] ThirdParty:1030 - CMSIS Pack Vendor :STMicroelectronics X-CUBE-AZRTOS-WL 2.0.0
2026-07-10 10:08:02,341 [INFO] ThirdParty:1030 - CMSIS Pack Vendor :SEGGER I-CUBE-embOS 1.3.1
2026-07-10 10:08:02,341 [INFO] ThirdParty:1030 - CMSIS Pack Vendor :STMicroelectronics X-CUBE-DPower 1.3.0
2026-07-10 10:08:02,341 [INFO] ThirdParty:1030 - CMSIS Pack Vendor :STMicroelectronics USB_DEVICE 1.0.0
2026-07-10 10:08:02,341 [INFO] ThirdParty:1030 - CMSIS Pack Vendor :STMicroelectronics X-CUBE-AZRTOS-L4 2.0.0
2026-07-10 10:08:02,341 [INFO] ThirdParty:1030 - CMSIS Pack Vendor :STMicroelectronics ThreadX 0.0.2
2026-07-10 10:08:02,341 [INFO] ThirdParty:1030 - CMSIS Pack Vendor :STMicroelectronics lwIP 2.1.2
2026-07-10 10:08:02,341 [INFO] ThirdParty:1030 - CMSIS Pack Vendor :STMicroelectronics X-CUBE-SFXS2LP1 4.0.0
2026-07-10 10:08:02,341 [INFO] ThirdParty:1030 - CMSIS Pack Vendor :STMicroelectronics X-CUBE-BLE2 3.3.0
2026-07-10 10:08:02,341 [INFO] ThirdParty:1030 - CMSIS Pack Vendor :Avnet-IOTCONNECT X-CUBE-iotc-st67-sdk 1.0.0
2026-07-10 10:08:02,341 [INFO] ThirdParty:1030 - CMSIS Pack Vendor :STMicroelectronics X-CUBE-TOF1 3.4.3
2026-07-10 10:08:02,342 [INFO] ThirdParty:1030 - CMSIS Pack Vendor :Infineon AIROC-Wi-Fi-Bluetooth-STM32 1.8.0
2026-07-10 10:08:02,342 [INFO] ThirdParty:1030 - CMSIS Pack Vendor :STMicroelectronics X-CUBE-NFC13 1.0.0
2026-07-10 10:08:02,342 [INFO] ThirdParty:1030 - CMSIS Pack Vendor :STMicroelectronics PDM2PCM 3.2.0
2026-07-10 10:08:02,342 [INFO] ThirdParty:1030 - CMSIS Pack Vendor :STMicroelectronics X-CUBE-WB05N 2.1.0
2026-07-10 10:08:02,342 [INFO] ThirdParty:841 - exiting critical section [change project]
2026-07-10 10:08:02,746 [INFO] PinOutPanel:1589 - setPackage(No Configuration,No Configuration)
2026-07-10 10:08:02,747 [INFO] PinOutPanel:1589 - setPackage(STM32F446RETx,LQFP64)
2026-07-10 10:08:03,082 [INFO] UtilMem:75 - Before build in PCC Used Memory: 915048600 Bytes (1073741824)
2026-07-10 10:08:03,478 [INFO] UtilMem:75 - After build in PCC Used Memory: 709697640 Bytes (1073741824)
2026-07-10 10:08:03,508 [INFO] IPUIPlugin:80 - create IPUIPlugin
2026-07-10 10:08:03,509 [INFO] IPUIPlugin:80 - create IPUIPlugin
2026-07-10 10:08:03,509 [INFO] IPUIPlugin:80 - create IPUIPlugin
2026-07-10 10:08:03,509 [INFO] IPUIPlugin:80 - create IPUIPlugin
2026-07-10 10:08:03,509 [INFO] IPUIPlugin:80 - create IPUIPlugin
2026-07-10 10:08:03,509 [INFO] IPUIPlugin:80 - create IPUIPlugin
2026-07-10 10:08:03,509 [INFO] IPUIPlugin:80 - create IPUIPlugin
2026-07-10 10:08:03,509 [INFO] IPUIPlugin:80 - create IPUIPlugin
2026-07-10 10:08:03,509 [INFO] IPUIPlugin:80 - create IPUIPlugin
2026-07-10 10:08:03,509 [INFO] IPUIPlugin:80 - create IPUIPlugin
2026-07-10 10:08:03,510 [INFO] IPUIPlugin:80 - create IPUIPlugin
2026-07-10 10:08:03,510 [INFO] IPUIPlugin:80 - create IPUIPlugin
2026-07-10 10:08:03,510 [INFO] IPUIPlugin:80 - create IPUIPlugin
2026-07-10 10:08:03,510 [INFO] IPUIPlugin:80 - create IPUIPlugin
2026-07-10 10:08:03,510 [INFO] IPUIPlugin:80 - create IPUIPlugin
2026-07-10 10:08:03,511 [INFO] IPUIPlugin:80 - create IPUIPlugin
2026-07-10 10:08:03,511 [INFO] IPUIPlugin:80 - create IPUIPlugin
2026-07-10 10:08:03,511 [INFO] IPUIPlugin:80 - create IPUIPlugin
2026-07-10 10:08:03,511 [INFO] IPUIPlugin:80 - create IPUIPlugin
2026-07-10 10:08:03,511 [INFO] IPUIPlugin:80 - create IPUIPlugin
2026-07-10 10:08:03,511 [INFO] IPUIPlugin:80 - create IPUIPlugin
2026-07-10 10:08:03,512 [INFO] IPUIPlugin:80 - create IPUIPlugin
2026-07-10 10:08:03,512 [INFO] IPUIPlugin:80 - create IPUIPlugin
2026-07-10 10:08:03,512 [INFO] IPUIPlugin:80 - create IPUIPlugin
2026-07-10 10:08:03,512 [INFO] IPUIPlugin:80 - create IPUIPlugin
2026-07-10 10:08:03,512 [INFO] IPUIPlugin:80 - create IPUIPlugin
2026-07-10 10:08:03,512 [INFO] IPUIPlugin:80 - create IPUIPlugin
2026-07-10 10:08:03,512 [INFO] IPUIPlugin:80 - create IPUIPlugin
2026-07-10 10:08:03,512 [INFO] IPUIPlugin:80 - create IPUIPlugin
2026-07-10 10:08:03,513 [INFO] IPUIPlugin:80 - create IPUIPlugin
2026-07-10 10:08:03,513 [INFO] IPUIPlugin:80 - create IPUIPlugin
2026-07-10 10:08:03,513 [INFO] IPUIPlugin:80 - create IPUIPlugin
2026-07-10 10:08:03,513 [INFO] IPUIPlugin:80 - create IPUIPlugin
2026-07-10 10:08:03,513 [INFO] IPUIPlugin:80 - create IPUIPlugin
2026-07-10 10:08:03,513 [INFO] IPUIPlugin:80 - create IPUIPlugin
2026-07-10 10:08:03,513 [INFO] IPUIPlugin:80 - create IPUIPlugin
2026-07-10 10:08:03,513 [INFO] IPUIPlugin:80 - create IPUIPlugin
2026-07-10 10:08:03,513 [INFO] IPUIPlugin:80 - create IPUIPlugin
2026-07-10 10:08:03,513 [INFO] IPUIPlugin:80 - create IPUIPlugin
2026-07-10 10:08:03,513 [INFO] IPUIPlugin:80 - create IPUIPlugin
2026-07-10 10:08:03,513 [INFO] IPUIPlugin:80 - create IPUIPlugin
2026-07-10 10:08:03,513 [INFO] IPUIPlugin:80 - create IPUIPlugin
2026-07-10 10:08:03,513 [INFO] IPUIPlugin:80 - create IPUIPlugin
2026-07-10 10:08:03,513 [INFO] IPUIPlugin:80 - create IPUIPlugin
2026-07-10 10:08:03,513 [INFO] IPUIPlugin:80 - create IPUIPlugin
2026-07-10 10:08:03,513 [INFO] IPUIPlugin:80 - create IPUIPlugin
2026-07-10 10:08:03,513 [INFO] IPUIPlugin:80 - create IPUIPlugin
2026-07-10 10:08:03,513 [INFO] IPUIPlugin:80 - create IPUIPlugin
2026-07-10 10:08:03,513 [INFO] IPUIPlugin:80 - create IPUIPlugin
2026-07-10 10:08:03,514 [INFO] IPUIPlugin:80 - create IPUIPlugin
2026-07-10 10:08:03,514 [INFO] IPUIPlugin:80 - create IPUIPlugin
2026-07-10 10:08:03,514 [INFO] IPUIPlugin:80 - create IPUIPlugin
2026-07-10 10:08:03,514 [INFO] IPUIPlugin:80 - create IPUIPlugin
2026-07-10 10:08:03,515 [INFO] IPUIPlugin:80 - create IPUIPlugin
2026-07-10 10:08:03,515 [INFO] IPUIPlugin:80 - create IPUIPlugin
2026-07-10 10:08:03,515 [INFO] IPUIPlugin:80 - create IPUIPlugin
2026-07-10 10:08:03,516 [INFO] IPUIPlugin:80 - create IPUIPlugin
2026-07-10 10:08:03,516 [INFO] IPUIPlugin:80 - create IPUIPlugin
2026-07-10 10:08:03,516 [INFO] IPUIPlugin:80 - create IPUIPlugin
2026-07-10 10:08:03,517 [INFO] IPUIPlugin:80 - create IPUIPlugin
2026-07-10 10:08:03,536 [INFO] ApiDbMcu:532 - Load IP Config File for PDM2PCM
2026-07-10 10:08:03,646 [INFO] CADModel:165 - CPN selected for project levelSTM32F446RET6
2026-07-10 10:08:03,646 [INFO] CADModel:114 - Register for checkConnection events
2026-07-10 10:08:03,684 [INFO] OpenFileManager:386 - Restore cursor
2026-07-10 10:09:34,896 [INFO] MainUpdater:2872 - connection check result : 10
2026-07-10 10:09:34,896 [INFO] MainUpdater:2872 - connection check result : 10
2026-07-10 10:09:34,900 [ERROR] IocParser:57 - IOException caught: /home/anton/STM32CubeIDE/FYP/T2 LED_Blink/T2 LED_Blink.ioc (No such file or directory)
2026-07-10 10:09:34,906 [ERROR] RegexParser:59 - Issue caught when parsing regex: /home/anton/STM32CubeIDE/FYP/T2 LED_Blink/T2 LED_Blink.ioc (No such file or directory)
2026-07-10 10:09:36,381 [INFO] MicroXplorer:468 - Change Database Path : 
2026-07-10 10:09:36,381 [INFO] MicroXplorer:498 - Change Database Version : DB.6.0.150
2026-07-10 10:09:36,390 [ERROR] ProjectManagerView:395 - 
java.lang.NullPointerException: Cannot invoke "javax.swing.JTextField.getText()" because the return value of "java.util.List.get(int)" is null
	at com.st.microxplorer.plugins.projectmanager.gui.ProjectChoiceTab$9.caretUpdate(ProjectChoiceTab.java:2706) ~[filemanager.jar:?]
	at javax.swing.text.JTextComponent.fireCaretUpdate(JTextComponent.java:408) ~[?:?]
	at javax.swing.text.JTextComponent$MutableCaretEvent.fire(JTextComponent.java:4484) ~[?:?]
	at javax.swing.text.JTextComponent$MutableCaretEvent.stateChanged(JTextComponent.java:4506) ~[?:?]
	at javax.swing.text.DefaultCaret.fireStateChanged(DefaultCaret.java:857) ~[?:?]
	at javax.swing.text.DefaultCaret.changeCaretPosition(DefaultCaret.java:1343) ~[?:?]
	at javax.swing.text.DefaultCaret.handleSetDot(DefaultCaret.java:1242) ~[?:?]
	at javax.swing.text.DefaultCaret.setDot(DefaultCaret.java:1223) ~[?:?]
	at javax.swing.text.DefaultCaret$Handler.insertUpdate(DefaultCaret.java:1819) ~[?:?]
	at javax.swing.text.AbstractDocument.fireInsertUpdate(AbstractDocument.java:227) ~[?:?]
	at javax.swing.text.AbstractDocument.handleInsertString(AbstractDocument.java:781) ~[?:?]
	at javax.swing.text.AbstractDocument.insertString(AbstractDocument.java:740) ~[?:?]
	at javax.swing.text.PlainDocument.insertString(PlainDocument.java:131) ~[?:?]
	at javax.swing.text.AbstractDocument.replace(AbstractDocument.java:699) ~[?:?]
	at javax.swing.text.JTextComponent.setText(JTextComponent.java:1725) ~[?:?]
	at com.st.microxplorer.plugins.projectmanager.gui.ProjectChoiceTab.createHeapStackFields(ProjectChoiceTab.java:993) ~[filemanager.jar:?]
	at com.st.microxplorer.plugins.projectmanager.gui.ProjectChoiceTab.buildLinkSettingsPanel(ProjectChoiceTab.java:3813) ~[filemanager.jar:?]
	at com.st.microxplorer.plugins.projectmanager.gui.ProjectChoiceTab.defineWindowsFields(ProjectChoiceTab.java:1987) ~[filemanager.jar:?]
	at com.st.microxplorer.plugins.projectmanager.gui.ProjectChoiceTab.updateSettings(ProjectChoiceTab.java:558) ~[filemanager.jar:?]
	at com.st.microxplorer.plugins.projectmanager.gui.ProjectSettingsPanel.UpdateDialog(ProjectSettingsPanel.java:247) ~[filemanager.jar:?]
	at com.st.microxplorer.plugins.projectmanager.ProjectManagerView.propertyChange(ProjectManagerView.java:392) ~[filemanager.jar:?]
	at java.beans.PropertyChangeSupport.fire(PropertyChangeSupport.java:343) ~[?:?]
	at java.beans.PropertyChangeSupport.firePropertyChange(PropertyChangeSupport.java:335) ~[?:?]
	at java.beans.PropertyChangeSupport.firePropertyChange(PropertyChangeSupport.java:268) ~[?:?]
	at com.st.microxplorer.util.MXPropertyChangeSupport.firePropertyChange(MXPropertyChangeSupport.java:54) ~[STM32CubeMX.jar:?]
	at com.st.microxplorer.mxsystem.MxSystem.closeConfig(MxSystem.java:899) ~[STM32CubeMX.jar:?]
	at com.st.microxplorer.maingui.MainPanel.closeConfig(MainPanel.java:792) ~[STM32CubeMX.jar:?]
	at com.st.microxplorer.plugins.filemanager.engine.OpenFileManager.loadConfigurationFile(OpenFileManager.java:288) ~[filemanager.jar:?]
	at com.st.microxplorer.plugins.filemanager.engine.MainFileManager.userLoadConfig(MainFileManager.java:364) ~[filemanager.jar:?]
	at com.st.microxplorer.plugins.filemanager.engine.MainFileManager.userLoadConfig(MainFileManager.java:342) ~[filemanager.jar:?]
	at com.st.microxplorer.plugins.filemanager.FileManagerView.getSpecificTask(FileManagerView.java:264) ~[filemanager.jar:?]
	at com.st.stm32cube.common.mx.editor.CubeMxEditor.getMxTabbedPaneInstance(CubeMxEditor.java:1198) ~[com.st.stm32cube.common.mx_6.15.0.202507011659/:?]
	at com.st.stm32cube.common.mx.editor.CubeMxEditor$12$1.createSwingComponent(CubeMxEditor.java:1068) ~[com.st.stm32cube.common.mx_6.15.0.202507011659/:?]
	at com.st.stm32cube.common.mx.oss.core.awtswtbridge.EmbeddedSwingComposite.doComponentCreation(EmbeddedSwingComposite.java:492) ~[com.st.stm32cube.common.mx.oss_6.15.0.202507011659/:?]
	at com.st.stm32cube.common.mx.oss.core.awtswtbridge.EmbeddedSwingComposite$4.run(EmbeddedSwingComposite.java:291) ~[com.st.stm32cube.common.mx.oss_6.15.0.202507011659/:?]
	at com.st.stm32cube.common.mx.oss.core.awtswtbridge.AwtEnvironment$2.run(AwtEnvironment.java:166) ~[com.st.stm32cube.common.mx.oss_6.15.0.202507011659/:?]
	at java.awt.event.InvocationEvent.dispatch(InvocationEvent.java:318) ~[?:?]
	at java.awt.EventQueue.dispatchEventImpl(EventQueue.java:773) ~[?:?]
	at java.awt.EventQueue$4.run(EventQueue.java:720) ~[?:?]
	at java.awt.EventQueue$4.run(EventQueue.java:714) ~[?:?]
	at java.security.AccessController.doPrivileged(AccessController.java:400) ~[?:?]
	at java.security.ProtectionDomain$JavaSecurityAccessImpl.doIntersectionPrivilege(ProtectionDomain.java:87) ~[?:?]
	at java.awt.EventQueue.dispatchEvent(EventQueue.java:742) ~[?:?]
	at java.awt.EventDispatchThread.pumpOneEventForFilters(EventDispatchThread.java:203) ~[?:?]
	at java.awt.EventDispatchThread.pumpEventsForFilter(EventDispatchThread.java:124) ~[?:?]
	at java.awt.EventDispatchThread.pumpEventsForHierarchy(EventDispatchThread.java:113) ~[?:?]
	at java.awt.EventDispatchThread.pumpEvents(EventDispatchThread.java:109) ~[?:?]
	at java.awt.EventDispatchThread.pumpEvents(EventDispatchThread.java:101) ~[?:?]
	at java.awt.EventDispatchThread.run(EventDispatchThread.java:90) ~[?:?]
2026-07-10 10:09:36,395 [WARN] ThirdParty:871 - waiting for thirdparty lock release [close project]
2026-07-10 10:09:36,395 [INFO] ThirdParty:873 - entering critical section [close project]
2026-07-10 10:09:36,395 [INFO] ThirdParty:883 - exiting critical section [close project]
2026-07-10 10:09:36,396 [INFO] PinOutPanel:1589 - setPackage(No Configuration,No Configuration)
2026-07-10 10:09:36,404 [WARN] IpParametersView:155 - Warning: This peripheral hasn't parameters
2026-07-10 10:09:36,411 [WARN] MainPanel:289 - <html><b><center>Warning: This peripheral has no parameters to be configured<br></b></html>
2026-07-10 10:09:36,417 [INFO] UtilMem:75 - Begin LoadConfig() Used Memory: 926449840 Bytes (1073741824)
2026-07-10 10:09:36,417 [INFO] MicroXplorer:468 - Change Database Path : 
2026-07-10 10:09:36,417 [INFO] MicroXplorer:498 - Change Database Version : DB.6.0.150
2026-07-10 10:09:36,417 [INFO] OpenFileManager:355 - Change cursor
2026-07-10 10:09:36,420 [INFO] Mcu:2029 - Initializing MCU STM32F446R(C-E)Tx STM32F446RETx STM32F446RET6
2026-07-10 10:09:37,012 [INFO] Context:786 - Trying to add GPIOservice into a context  which must be forbidden
2026-07-10 10:09:37,270 [INFO] ImportTextPane:234 - (OptionalMessage_ERROR) Pin0 (VP_RIF_VS_RIF1) cannot be retrieved for this MCU
2026-07-10 10:09:37,286 [INFO] RtosManager:558 - Registered RTOS mode: class=CMSIS, group=RTOS, mode=CMSIS_V1, owner=FREERTOS
2026-07-10 10:09:37,287 [INFO] RtosManager:558 - Registered RTOS mode: class=CMSIS, group=RTOS2, mode=CMSIS_V2, owner=FREERTOS
2026-07-10 10:09:37,287 [INFO] RtosManager:558 - Registered RTOS mode: class=RTOS, group=Core, mode=CMSIS_V1, owner=FREERTOS
2026-07-10 10:09:37,287 [INFO] RtosManager:558 - Registered RTOS mode: class=RTOS, group=Core, mode=CMSIS_V2, owner=FREERTOS
2026-07-10 10:09:37,287 [WARN] ModelIntegratedComponent:184 - Missing modes for component STMicroelectronics:FreeRTOS:0.0.1:STMicroelectronics:RTOS:FreeRTOS:Core:::10.2.0:
2026-07-10 10:09:37,290 [WARN] ModelIntegratedComponent:63 - No mode defined for component null
2026-07-10 10:09:37,290 [WARN] ModelIntegratedComponent:63 - No mode defined for component null
2026-07-10 10:09:37,290 [WARN] ModelIntegratedComponent:63 - No mode defined for component null
2026-07-10 10:09:37,290 [WARN] ModelIntegratedComponent:63 - No mode defined for component null
2026-07-10 10:09:37,290 [WARN] ModelIntegratedComponent:63 - No mode defined for component null
2026-07-10 10:09:37,290 [WARN] ModelIntegratedComponent:63 - No mode defined for component null
2026-07-10 10:09:37,290 [WARN] ModelIntegratedComponent:63 - No mode defined for component null
2026-07-10 10:09:37,290 [WARN] ModelIntegratedComponent:63 - No mode defined for component null
2026-07-10 10:09:37,290 [WARN] ModelIntegratedComponent:63 - No mode defined for component null
2026-07-10 10:09:37,290 [WARN] ModelIntegratedComponent:63 - No mode defined for component null
2026-07-10 10:09:37,290 [WARN] ModelIntegratedComponent:63 - No mode defined for component null
2026-07-10 10:09:37,290 [WARN] ModelIntegratedComponent:63 - No mode defined for component null
2026-07-10 10:09:37,291 [WARN] ModelIntegratedComponent:63 - No mode defined for component null
2026-07-10 10:09:37,291 [WARN] ModelIntegratedComponent:63 - No mode defined for component null
2026-07-10 10:09:37,291 [WARN] ModelIntegratedComponent:63 - No mode defined for component null
2026-07-10 10:09:37,291 [WARN] ModelIntegratedComponent:63 - No mode defined for component null
2026-07-10 10:09:37,291 [WARN] ModelIntegratedComponent:63 - No mode defined for component null
2026-07-10 10:09:37,291 [WARN] ModelIntegratedComponent:63 - No mode defined for component null
2026-07-10 10:09:37,291 [WARN] ModelIntegratedComponent:63 - No mode defined for component null
2026-07-10 10:09:37,291 [WARN] ModelIntegratedComponent:63 - No mode defined for component null
2026-07-10 10:09:37,291 [WARN] ModelIntegratedComponent:63 - No mode defined for component null
2026-07-10 10:09:37,291 [WARN] ModelIntegratedComponent:63 - No mode defined for component null
2026-07-10 10:09:37,291 [WARN] ModelIntegratedComponent:63 - No mode defined for component null
2026-07-10 10:09:37,291 [WARN] ModelIntegratedComponent:63 - No mode defined for component null
2026-07-10 10:09:37,291 [WARN] ModelIntegratedComponent:63 - No mode defined for component null
2026-07-10 10:09:37,291 [WARN] ModelIntegratedComponent:63 - No mode defined for component null
2026-07-10 10:09:37,291 [WARN] ModelIntegratedComponent:63 - No mode defined for component null
2026-07-10 10:09:37,291 [WARN] ModelIntegratedComponent:63 - No mode defined for component null
2026-07-10 10:09:37,291 [WARN] ModelIntegratedComponent:63 - No mode defined for component null
2026-07-10 10:09:37,291 [WARN] ModelIntegratedComponent:63 - No mode defined for component null
2026-07-10 10:09:37,291 [WARN] ModelIntegratedComponent:63 - No mode defined for component null
2026-07-10 10:09:37,291 [WARN] ModelIntegratedComponent:63 - No mode defined for component null
2026-07-10 10:09:37,291 [WARN] ModelIntegratedComponent:63 - No mode defined for component null
2026-07-10 10:09:37,291 [WARN] ModelIntegratedComponent:63 - No mode defined for component null
2026-07-10 10:09:37,291 [WARN] ModelIntegratedComponent:63 - No mode defined for component null
2026-07-10 10:09:37,291 [WARN] ModelPack:524 - Component already loaded: STMicroelectronics:HAL Drivers:0.0.0:STMicroelectronics:Device:STMicro_Driver:XSPI:HAL::0.0.1:HAL_XSPI
2026-07-10 10:09:37,323 [INFO] ThirdPartyModel:298 - Start build external matchings
2026-07-10 10:09:37,487 [INFO] ThirdPartyModel:316 - End build external matchings
2026-07-10 10:09:37,592 [INFO] UtilMem:75 - End LoadConfig() Used Memory: 934450656 Bytes (1073741824)
2026-07-10 10:09:37,599 [WARN] ThirdParty:833 - waiting for thirdparty lock release [change project]
2026-07-10 10:09:37,600 [INFO] ThirdParty:835 - entering critical section [change project]
2026-07-10 10:09:37,600 [INFO] ThirdParty:1030 - CMSIS Pack Vendor :STMicroelectronics X-CUBE-AZRTOS-H7 3.5.0
2026-07-10 10:09:37,600 [INFO] ThirdParty:1030 - CMSIS Pack Vendor :STMicroelectronics X-CUBE-PM33A1 1.0.0
2026-07-10 10:09:37,600 [INFO] ThirdParty:1030 - CMSIS Pack Vendor :STMicroelectronics USBPD 4.1
2026-07-10 10:09:37,600 [INFO] ThirdParty:1030 - CMSIS Pack Vendor :STMicroelectronics X-CUBE-NFC9 1.0.0
2026-07-10 10:09:37,600 [INFO] ThirdParty:1030 - CMSIS Pack Vendor :STMicroelectronics USB_HOST 2.0.0
2026-07-10 10:09:37,600 [INFO] ThirdParty:1030 - CMSIS Pack Vendor :STMicroelectronics X-CUBE-AZRTOS-F4 1.1.0
2026-07-10 10:09:37,600 [INFO] ThirdParty:1030 - CMSIS Pack Vendor :STMicroelectronics LIBJPEG 8.0.0
2026-07-10 10:09:37,600 [INFO] ThirdParty:1030 - CMSIS Pack Vendor :STMicroelectronics FP-ATR-ASTRA1 2.0.2
2026-07-10 10:09:37,600 [INFO] ThirdParty:1030 - CMSIS Pack Vendor :STMicroelectronics X-CUBE-BLE1 7.1.0
2026-07-10 10:09:37,600 [INFO] ThirdParty:1030 - CMSIS Pack Vendor :wolfSSL I-CUBE-wolfMQTT 1.19.2
2026-07-10 10:09:37,600 [INFO] ThirdParty:1030 - CMSIS Pack Vendor :STMicroelectronics USB_DEVICE 3.0.0
2026-07-10 10:09:37,600 [INFO] ThirdParty:1030 - CMSIS Pack Vendor :STMicroelectronics X-CUBE-ISPU 2.1.0
2026-07-10 10:09:37,600 [INFO] ThirdParty:1030 - CMSIS Pack Vendor :STMicroelectronics X-CUBE-EEPRMA1 5.2.0
2026-07-10 10:09:37,600 [INFO] ThirdParty:1030 - CMSIS Pack Vendor :STMicroelectronics X-CUBE-IPS 3.2.0
2026-07-10 10:09:37,600 [INFO] ThirdParty:1030 - CMSIS Pack Vendor :STMicroelectronics eDS-WB_DPC_TT-BIDIR 2.1.1
2026-07-10 10:09:37,600 [INFO] ThirdParty:1030 - CMSIS Pack Vendor :STMicroelectronics X-CUBE-AZRTOS-WB 2.0.0
2026-07-10 10:09:37,600 [INFO] ThirdParty:1030 - CMSIS Pack Vendor :STMicroelectronics X-CUBE-NFC12 1.0.0
2026-07-10 10:09:37,600 [INFO] ThirdParty:1030 - CMSIS Pack Vendor :STMicroelectronics X-CUBE-AZRTOS-F7 1.1.0
2026-07-10 10:09:37,600 [INFO] ThirdParty:1030 - CMSIS Pack Vendor :STMicroelectronics X-CUBE-AZRTOS-L5 2.0.0
2026-07-10 10:09:37,600 [INFO] ThirdParty:1030 - CMSIS Pack Vendor :STMicroelectronics USB_DEVICE 2.0.0
2026-07-10 10:09:37,600 [INFO] ThirdParty:1030 - CMSIS Pack Vendor :STMicroelectronics X-CUBE-FREERTOS 1.6.0
2026-07-10 10:09:37,600 [INFO] ThirdParty:1030 - CMSIS Pack Vendor :STMicroelectronics FP-SNS-STAIOTCFT 1.1.0
2026-07-10 10:09:37,600 [INFO] ThirdParty:1030 - CMSIS Pack Vendor :quantropi X-CUBE-qispace-sdk-base 2.1.0
2026-07-10 10:09:37,600 [INFO] ThirdParty:1030 - CMSIS Pack Vendor :STMicroelectronics X-CUBE-STSE01 2.0.0
2026-07-10 10:09:37,600 [INFO] ThirdParty:1030 - CMSIS Pack Vendor :STMicroelectronics X-CUBE-ALGOBUILD 1.5.0
2026-07-10 10:09:37,600 [INFO] ThirdParty:1030 - CMSIS Pack Vendor :STMicroelectronics FP-SNS-MOTENV1 5.1.0
2026-07-10 10:09:37,600 [INFO] ThirdParty:1030 - CMSIS Pack Vendor :STMicroelectronics FreeRTOS 0.0.1
2026-07-10 10:09:37,600 [INFO] ThirdParty:1030 - CMSIS Pack Vendor :STMicroelectronics X-CUBE-AZRTOS-H7RS 1.3.0
2026-07-10 10:09:37,600 [INFO] ThirdParty:1030 - CMSIS Pack Vendor :STMicroelectronics X-CUBE-AZRTOS-G0 1.1.0
2026-07-10 10:09:37,600 [INFO] ThirdParty:1030 - CMSIS Pack Vendor :STMicroelectronics X-CUBE-NFC4 3.0.0
2026-07-10 10:09:37,600 [INFO] ThirdParty:1030 - CMSIS Pack Vendor :STMicroelectronics X-CUBE-SUBG2 5.0.0
2026-07-10 10:09:37,601 [INFO] ThirdParty:1030 - CMSIS Pack Vendor :STMicroelectronics STM32_WPAN 1.0.0
2026-07-10 10:09:37,601 [INFO] ThirdParty:1030 - CMSIS Pack Vendor :STMicroelectronics eDS-WB_DPC_VIENNA 1.2.0
2026-07-10 10:09:37,601 [INFO] ThirdParty:1030 - CMSIS Pack Vendor :EmbeddedOffice I-CUBE-FS-RTOS 1.0.1
2026-07-10 10:09:37,601 [INFO] ThirdParty:1030 - CMSIS Pack Vendor :STMicroelectronics lwIP 2.0.3
2026-07-10 10:09:37,601 [INFO] ThirdParty:1030 - CMSIS Pack Vendor :WES I-CUBE-Cesium 1.4.0
2026-07-10 10:09:37,601 [INFO] ThirdParty:1030 - CMSIS Pack Vendor :STMicroelectronics eDS-WB_DPC_3PH2L-BIDIR 1.1.1
2026-07-10 10:09:37,601 [INFO] ThirdParty:1030 - CMSIS Pack Vendor :STMicroelectronics USB_HOST 1.0.0
2026-07-10 10:09:37,601 [INFO] ThirdParty:1030 - CMSIS Pack Vendor :STMicroelectronics X-CUBE-AZRTOS-G4 2.0.0
2026-07-10 10:09:37,601 [INFO] ThirdParty:1030 - CMSIS Pack Vendor :STMicroelectronics PDM2PCM 3.1.0
2026-07-10 10:09:37,601 [INFO] ThirdParty:1030 - CMSIS Pack Vendor :STMicroelectronics PDM2PCM 3.3.0
2026-07-10 10:09:37,601 [INFO] ThirdParty:1030 - CMSIS Pack Vendor :wolfSSL I-CUBE-wolfTPM 3.8.0
2026-07-10 10:09:37,601 [INFO] ThirdParty:1030 - CMSIS Pack Vendor :STMicroelectronics X-CUBE-DISPLAY 3.0.0
2026-07-10 10:09:37,601 [INFO] ThirdParty:1030 - CMSIS Pack Vendor :wolfSSL I-CUBE-wolfSSH 1.4.20
2026-07-10 10:09:37,601 [INFO] ThirdParty:1030 - CMSIS Pack Vendor :STMicroelectronics X-CUBE-NFC7 2.0.0
2026-07-10 10:09:37,601 [INFO] ThirdParty:1030 - CMSIS Pack Vendor :STMicroelectronics X-CUBE-GNSS1 7.1.1
2026-07-10 10:09:37,601 [INFO] ThirdParty:1030 - CMSIS Pack Vendor :STMicroelectronics FP-SNS-MOTENVWB1 1.5.0
2026-07-10 10:09:37,601 [INFO] ThirdParty:1030 - CMSIS Pack Vendor :STMicroelectronics X-CUBE-TCPP 4.2.0
2026-07-10 10:09:37,601 [INFO] ThirdParty:1030 - CMSIS Pack Vendor :RealThread X-CUBE-RT-Thread_Nano 4.1.1
2026-07-10 10:09:37,601 [INFO] ThirdParty:1030 - CMSIS Pack Vendor :wolfSSL I-CUBE-wolfSSL 5.9.1
2026-07-10 10:09:37,601 [INFO] ThirdParty:1030 - CMSIS Pack Vendor :STMicroelectronics FP-ATR-SIGFOX1 3.2.0
2026-07-10 10:09:37,601 [INFO] ThirdParty:1030 - CMSIS Pack Vendor :STMicroelectronics X-CUBE-NFC10 1.0.0
2026-07-10 10:09:37,601 [INFO] ThirdParty:1030 - CMSIS Pack Vendor :STMicroelectronics HAL Drivers 0.0.0
2026-07-10 10:09:37,601 [INFO] ThirdParty:1030 - CMSIS Pack Vendor :STMicroelectronics MBEDTLS 2.16.2
2026-07-10 10:09:37,601 [INFO] ThirdParty:1030 - CMSIS Pack Vendor :STMicroelectronics X-CUBE-ST60 1.1.0
2026-07-10 10:09:37,601 [INFO] ThirdParty:1030 - CMSIS Pack Vendor :STMicroelectronics X-CUBE-ALS 1.0.2
2026-07-10 10:09:37,601 [INFO] ThirdParty:1030 - CMSIS Pack Vendor :emotas I-CUBE-CANOPEN 1.3.0
2026-07-10 10:09:37,601 [INFO] ThirdParty:1030 - CMSIS Pack Vendor :STMicroelectronics MBEDTLS 2.14.1
2026-07-10 10:09:37,601 [INFO] ThirdParty:1030 - CMSIS Pack Vendor :ITTIA_DB I-CUBE-ITTIADB 8.9.0
2026-07-10 10:09:37,601 [INFO] ThirdParty:1030 - CMSIS Pack Vendor :Cesanta I-CUBE-Mongoose 7.21.7
2026-07-10 10:09:37,601 [INFO] ThirdParty:1030 - CMSIS Pack Vendor :STMicroelectronics X-CUBE-TOUCHGFX 4.26.1
2026-07-10 10:09:37,601 [INFO] ThirdParty:1030 - CMSIS Pack Vendor :STMicroelectronics X-CUBE-NFC6 3.2.0
2026-07-10 10:09:37,601 [INFO] ThirdParty:1030 - CMSIS Pack Vendor :STMicroelectronics FP-SNS-STBOX1 2.1.0
2026-07-10 10:09:37,601 [INFO] ThirdParty:1030 - CMSIS Pack Vendor :STMicroelectronics X-CUBE-AI 10.2.1
2026-07-10 10:09:37,601 [INFO] ThirdParty:1030 - CMSIS Pack Vendor :STMicroelectronics ThreadX 1.0.0
2026-07-10 10:09:37,601 [INFO] ThirdParty:1030 - CMSIS Pack Vendor :STMicroelectronics FP-SNS-SMARTAG2 1.2.0
2026-07-10 10:09:37,601 [INFO] ThirdParty:1030 - CMSIS Pack Vendor :STMicroelectronics X-CUBE-MEMS1 12.1.0
2026-07-10 10:09:37,601 [INFO] ThirdParty:1030 - CMSIS Pack Vendor :STMicroelectronics FP-SNS-FLIGHT1 5.1.0
2026-07-10 10:09:37,601 [INFO] ThirdParty:1030 - CMSIS Pack Vendor :STMicroelectronics X-CUBE-AZRTOS-WL 2.0.0
2026-07-10 10:09:37,602 [INFO] ThirdParty:1030 - CMSIS Pack Vendor :SEGGER I-CUBE-embOS 1.3.1
2026-07-10 10:09:37,602 [INFO] ThirdParty:1030 - CMSIS Pack Vendor :STMicroelectronics X-CUBE-DPower 1.3.0
2026-07-10 10:09:37,602 [INFO] ThirdParty:1030 - CMSIS Pack Vendor :STMicroelectronics USB_DEVICE 1.0.0
2026-07-10 10:09:37,602 [INFO] ThirdParty:1030 - CMSIS Pack Vendor :STMicroelectronics X-CUBE-AZRTOS-L4 2.0.0
2026-07-10 10:09:37,602 [INFO] ThirdParty:1030 - CMSIS Pack Vendor :STMicroelectronics ThreadX 0.0.2
2026-07-10 10:09:37,602 [INFO] ThirdParty:1030 - CMSIS Pack Vendor :STMicroelectronics lwIP 2.1.2
2026-07-10 10:09:37,602 [INFO] ThirdParty:1030 - CMSIS Pack Vendor :STMicroelectronics X-CUBE-SFXS2LP1 4.0.0
2026-07-10 10:09:37,602 [INFO] ThirdParty:1030 - CMSIS Pack Vendor :STMicroelectronics X-CUBE-BLE2 3.3.0
2026-07-10 10:09:37,602 [INFO] ThirdParty:1030 - CMSIS Pack Vendor :Avnet-IOTCONNECT X-CUBE-iotc-st67-sdk 1.0.0
2026-07-10 10:09:37,602 [INFO] ThirdParty:1030 - CMSIS Pack Vendor :STMicroelectronics X-CUBE-TOF1 3.4.3
2026-07-10 10:09:37,602 [INFO] ThirdParty:1030 - CMSIS Pack Vendor :Infineon AIROC-Wi-Fi-Bluetooth-STM32 1.8.0
2026-07-10 10:09:37,602 [INFO] ThirdParty:1030 - CMSIS Pack Vendor :STMicroelectronics X-CUBE-NFC13 1.0.0
2026-07-10 10:09:37,602 [INFO] ThirdParty:1030 - CMSIS Pack Vendor :STMicroelectronics PDM2PCM 3.2.0
2026-07-10 10:09:37,602 [INFO] ThirdParty:1030 - CMSIS Pack Vendor :STMicroelectronics X-CUBE-WB05N 2.1.0
2026-07-10 10:09:37,602 [INFO] ThirdParty:841 - exiting critical section [change project]
2026-07-10 10:09:37,793 [INFO] PinOutPanel:1589 - setPackage(No Configuration,No Configuration)
2026-07-10 10:09:37,794 [INFO] PinOutPanel:1589 - setPackage(STM32F446RETx,LQFP64)
2026-07-10 10:09:37,964 [INFO] UtilMem:75 - Before build in PCC Used Memory: 683762136 Bytes (1073741824)
2026-07-10 10:09:38,183 [INFO] UtilMem:75 - After build in PCC Used Memory: 735251176 Bytes (1073741824)
2026-07-10 10:09:38,203 [INFO] IPUIPlugin:80 - create IPUIPlugin
2026-07-10 10:09:38,203 [INFO] IPUIPlugin:80 - create IPUIPlugin
2026-07-10 10:09:38,204 [INFO] IPUIPlugin:80 - create IPUIPlugin
2026-07-10 10:09:38,204 [INFO] IPUIPlugin:80 - create IPUIPlugin
2026-07-10 10:09:38,204 [INFO] IPUIPlugin:80 - create IPUIPlugin
2026-07-10 10:09:38,204 [INFO] IPUIPlugin:80 - create IPUIPlugin
2026-07-10 10:09:38,204 [INFO] IPUIPlugin:80 - create IPUIPlugin
2026-07-10 10:09:38,204 [INFO] IPUIPlugin:80 - create IPUIPlugin
2026-07-10 10:09:38,204 [INFO] IPUIPlugin:80 - create IPUIPlugin
2026-07-10 10:09:38,204 [INFO] IPUIPlugin:80 - create IPUIPlugin
2026-07-10 10:09:38,204 [INFO] IPUIPlugin:80 - create IPUIPlugin
2026-07-10 10:09:38,204 [INFO] IPUIPlugin:80 - create IPUIPlugin
2026-07-10 10:09:38,204 [INFO] IPUIPlugin:80 - create IPUIPlugin
2026-07-10 10:09:38,205 [INFO] IPUIPlugin:80 - create IPUIPlugin
2026-07-10 10:09:38,205 [INFO] IPUIPlugin:80 - create IPUIPlugin
2026-07-10 10:09:38,205 [INFO] IPUIPlugin:80 - create IPUIPlugin
2026-07-10 10:09:38,205 [INFO] IPUIPlugin:80 - create IPUIPlugin
2026-07-10 10:09:38,205 [INFO] IPUIPlugin:80 - create IPUIPlugin
2026-07-10 10:09:38,205 [INFO] IPUIPlugin:80 - create IPUIPlugin
2026-07-10 10:09:38,205 [INFO] IPUIPlugin:80 - create IPUIPlugin
2026-07-10 10:09:38,205 [INFO] IPUIPlugin:80 - create IPUIPlugin
2026-07-10 10:09:38,205 [INFO] IPUIPlugin:80 - create IPUIPlugin
2026-07-10 10:09:38,205 [INFO] IPUIPlugin:80 - create IPUIPlugin
2026-07-10 10:09:38,205 [INFO] IPUIPlugin:80 - create IPUIPlugin
2026-07-10 10:09:38,205 [INFO] IPUIPlugin:80 - create IPUIPlugin
2026-07-10 10:09:38,205 [INFO] IPUIPlugin:80 - create IPUIPlugin
2026-07-10 10:09:38,206 [INFO] IPUIPlugin:80 - create IPUIPlugin
2026-07-10 10:09:38,206 [INFO] IPUIPlugin:80 - create IPUIPlugin
2026-07-10 10:09:38,206 [INFO] IPUIPlugin:80 - create IPUIPlugin
2026-07-10 10:09:38,206 [INFO] IPUIPlugin:80 - create IPUIPlugin
2026-07-10 10:09:38,206 [INFO] IPUIPlugin:80 - create IPUIPlugin
2026-07-10 10:09:38,206 [INFO] IPUIPlugin:80 - create IPUIPlugin
2026-07-10 10:09:38,207 [INFO] IPUIPlugin:80 - create IPUIPlugin
2026-07-10 10:09:38,207 [INFO] IPUIPlugin:80 - create IPUIPlugin
2026-07-10 10:09:38,207 [INFO] IPUIPlugin:80 - create IPUIPlugin
2026-07-10 10:09:38,207 [INFO] IPUIPlugin:80 - create IPUIPlugin
2026-07-10 10:09:38,207 [INFO] IPUIPlugin:80 - create IPUIPlugin
2026-07-10 10:09:38,207 [INFO] IPUIPlugin:80 - create IPUIPlugin
2026-07-10 10:09:38,207 [INFO] IPUIPlugin:80 - create IPUIPlugin
2026-07-10 10:09:38,207 [INFO] IPUIPlugin:80 - create IPUIPlugin
2026-07-10 10:09:38,207 [INFO] IPUIPlugin:80 - create IPUIPlugin
2026-07-10 10:09:38,207 [INFO] IPUIPlugin:80 - create IPUIPlugin
2026-07-10 10:09:38,207 [INFO] IPUIPlugin:80 - create IPUIPlugin
2026-07-10 10:09:38,207 [INFO] IPUIPlugin:80 - create IPUIPlugin
2026-07-10 10:09:38,207 [INFO] IPUIPlugin:80 - create IPUIPlugin
2026-07-10 10:09:38,207 [INFO] IPUIPlugin:80 - create IPUIPlugin
2026-07-10 10:09:38,207 [INFO] IPUIPlugin:80 - create IPUIPlugin
2026-07-10 10:09:38,208 [INFO] IPUIPlugin:80 - create IPUIPlugin
2026-07-10 10:09:38,208 [INFO] IPUIPlugin:80 - create IPUIPlugin
2026-07-10 10:09:38,208 [INFO] IPUIPlugin:80 - create IPUIPlugin
2026-07-10 10:09:38,208 [INFO] IPUIPlugin:80 - create IPUIPlugin
2026-07-10 10:09:38,208 [INFO] IPUIPlugin:80 - create IPUIPlugin
2026-07-10 10:09:38,209 [INFO] IPUIPlugin:80 - create IPUIPlugin
2026-07-10 10:09:38,209 [INFO] IPUIPlugin:80 - create IPUIPlugin
2026-07-10 10:09:38,209 [INFO] IPUIPlugin:80 - create IPUIPlugin
2026-07-10 10:09:38,209 [INFO] IPUIPlugin:80 - create IPUIPlugin
2026-07-10 10:09:38,210 [INFO] IPUIPlugin:80 - create IPUIPlugin
2026-07-10 10:09:38,210 [INFO] IPUIPlugin:80 - create IPUIPlugin
2026-07-10 10:09:38,210 [INFO] IPUIPlugin:80 - create IPUIPlugin
2026-07-10 10:09:38,211 [INFO] IPUIPlugin:80 - create IPUIPlugin
2026-07-10 10:09:38,213 [INFO] ApiDbMcu:532 - Load IP Config File for PDM2PCM
2026-07-10 10:09:38,241 [INFO] CADModel:165 - CPN selected for project levelSTM32F446RET6
2026-07-10 10:09:38,241 [INFO] CADModel:114 - Register for checkConnection events
2026-07-10 10:09:38,281 [INFO] OpenFileManager:386 - Restore cursor
2026-07-10 16:38:03,373 [INFO] WebApp:194 - Connection lost
2026-07-10 16:38:08,532 [INFO] WebApp:191 - Connection restablished
2026-07-10 16:38:09,194 [INFO] WebApp:194 - Connection lost
2026-07-10 16:38:09,973 [INFO] WebApp:191 - Connection restablished
2026-07-10 17:10:31,290 [INFO] MainUpdater:2872 - connection check result : 10
2026-07-10 17:10:31,293 [INFO] McuFinderGlobals:76 - Set McuFinderConnectedMode to true
2026-07-10 17:10:32,242 [INFO] ServerAccessManage:452 - Complete download http(s) 200
2026-07-10 17:10:32,247 [INFO] ServerAccessManage:509 - Download File mcusAds.json._tmp_
2026-07-10 17:10:32,377 [INFO] LoadUrlFilesThread:156 - End of LoadUrlFiles Thread
2026-07-10 17:10:33,153 [INFO] ServerAccessManage:452 - Complete download http(s) 200
2026-07-10 17:10:33,154 [INFO] ServerAccessManage:509 - Download File cube-finder-db.zip
2026-07-10 17:11:07,243 [INFO] FileExtend:248 - Unzip File : cube-finder-db.zip
2026-07-10 17:11:07,244 [INFO] FileExtend:263 - Standard Zip Deflate
2026-07-10 17:11:07,828 [INFO] LoadUrlFilesThread:156 - End of LoadUrlFiles Thread
2026-07-10 17:11:53,319 [WARN] ServerAccessManage:1291 - Warning during Server Connection :  timeout Connect timed out
2026-07-10 17:12:38,355 [WARN] ServerAccessManage:1291 - Warning during Server Connection :  timeout Connect timed out
2026-07-10 17:12:38,356 [ERROR] ServerAccessManage:740 - Problem, Http timeout : crdb.zip.
2026-07-10 17:12:44,565 [INFO] LoadUrlFilesThread:156 - End of LoadUrlFiles Thread
2026-07-10 17:12:46,224 [INFO] DbMcusAds:53 - JSON generation date=Thu May 28 21:38:16 IST 2026 (1779984496216)
2026-07-10 17:12:46,227 [INFO] ApiDb:448 - Save user favorites file /home/anton/.stm32cubeide/favorites.mcus.txt: 0 item(s)
2026-07-10 17:12:46,227 [INFO] ApiDb:452 - User favorites MCUs=[]
2026-07-10 17:12:46,229 [INFO] ApiDb:581 - Connected to CubeFinder SQLite database (/home/anton/.stmcufinder/plugins/mcufinder/mcu/cube-finder-db.db)
2026-07-10 17:12:46,257 [INFO] ApiDb:668 - CubeFinder database Data Model version=2.1
2026-07-10 17:12:46,257 [INFO] ApiDb:669 - CubeFinder database Configuration version=3.0.42
2026-07-10 17:12:46,257 [INFO] ApiDb:670 - CubeFinder database generation date=2026-06-23 (1782213372)
2026-07-10 17:12:46,257 [INFO] ApiDb:671 - CubeFinder database FW Pack versions=[FP-ATR-ASTRA1_V2.0.0, FP-SNS-FLIGHT1_V5.1.0, FP-SNS-MOTENV1_V5.1.0, FP-SNS-MOTENVWB1_V1.5.0, FP-SNS-SMARTAG2_V1.2.0, FP-SNS-STBOX1_V2.1.0, STM32Cube_FW_C0_V1.4.0, STM32Cube_FW_F4_V1.28.3, STM32Cube_FW_F7_V1.17.4, STM32Cube_FW_G0_V1.6.3, STM32Cube_FW_G4_V1.6.2, STM32Cube_FW_H5_V1.7.0, STM32Cube_FW_H7RS_V1.3.0, STM32Cube_FW_H7_V1.13.0, STM32Cube_FW_L0_V1.12.2, STM32Cube_FW_L4_V1.18.2, STM32Cube_FW_L5_V1.6.0, STM32Cube_FW_N6_V1.4.0, STM32Cube_FW_U0_V1.3.0, STM32Cube_FW_U3_V1.4.0, STM32Cube_FW_U5_V1.9.0, STM32Cube_FW_WB0_V1.5.0, STM32Cube_FW_WBA_V1.10.0, STM32Cube_FW_WB_V1.24.0, STM32Cube_FW_WL3_V1.5.0, STM32Cube_FW_WL_V1.6.0, X-CUBE-ALGOBUILD_V1.5.0, X-CUBE-ALS_V1.0.2, X-CUBE-AZRTOS-F4_V1.1.0, X-CUBE-AZRTOS-F7_V1.1.0, X-CUBE-AZRTOS-G0_V1.1.0, X-CUBE-AZRTOS-G4_V2.0.0, X-CUBE-AZRTOS-H7RS_V1.1.0, X-CUBE-AZRTOS-H7_V3.5.0, X-CUBE-AZRTOS-L4_V2.0.0, X-CUBE-AZRTOS-L5_V2.0.0, X-CUBE-AZRTOS-WB_V2.0.0, X-CUBE-AZRTOS-WL_V2.0.0, X-CUBE-BLE1_V7.1.0, X-CUBE-BLE2_V3.3.0, X-CUBE-BLEMGR_V4.1.0, X-CUBE-EEPRMA1_V5.2.0, X-CUBE-FREERTOS_V1.5.0, X-CUBE-GNSS1_V7.1.1, X-CUBE-MEMS1_V12.1.0, X-CUBE-NFC4_V3.0.0, X-CUBE-NFC7_V2.0.0, X-CUBE-SFXS2LP1_V4.0.0, X-CUBE-ST67W61_V1.3.0, X-CUBE-SUBG2_V5.0.0, X-CUBE-TOF1_V3.4.3]
2026-07-10 17:12:47,817 [INFO] ApiDb:240 - Found 880 in-development CPN: [B-G473E-ZEST1S, B-WB1M-WPAN1, B-WBA5M-WPAN, B-WL5M-SUBG1, NUCLEO-C031C6, NUCLEO-C051C8, NUCLEO-C071RB, NUCLEO-C092RC, NUCLEO-H503RB, NUCLEO-H533RE, NUCLEO-H563ZI, NUCLEO-H7S3L8, NUCLEO-N657X0-Q, NUCLEO-U031R8, NUCLEO-U083RC, NUCLEO-U385RG-Q, NUCLEO-U545RE-Q, NUCLEO-U5A5ZJ-Q, NUCLEO-WB05KZ, NUCLEO-WB07CC, NUCLEO-WB09KE, NUCLEO-WBA52CG, NUCLEO-WBA55CG, NUCLEO-WL33CC1, NUCLEO-WL33CC2, STEVAL-PROTEUS1, STEVAL-SMARTAG2, STEVAL-STWINBX1, STM320518-EVAL, STM32C0116-DK, STM32C011D6Y3TR, STM32C011D6Y6TR, STM32C011F4P3, STM32C011F4P6, STM32C011F4U3, STM32C011F4U6TR, STM32C011F6P3, STM32C011F6P6, STM32C011F6U3, STM32C011F6U6TR, STM32C011J4M3, STM32C011J4M6, STM32C011J6M3, STM32C011J6M6, STM32C0316-DK, STM32C031C4T3, STM32C031C4T6, STM32C031C4U3, STM32C031C4U6, STM32C031C6T3, STM32C031C6T6, STM32C031C6U3, STM32C031C6U6, STM32C031F4P3, STM32C031F4P6, STM32C031F6P3, STM32C031F6P6, STM32C031G4U3, STM32C031G4U6, STM32C031G6U3, STM32C031G6U6, STM32C031K4T3, STM32C031K4T6, STM32C031K4U3, STM32C031K4U6, STM32C031K6T3, STM32C031K6T6, STM32C031K6U3, STM32C031K6U6, STM32C051C6T6, STM32C051C6U6, STM32C051C8T6, STM32C051C8U6, STM32C051D8Y6TR, STM32C051F6P6, STM32C051F8P6, STM32C051G6U6, STM32C051G8U6, STM32C051K6T6, STM32C051K6U6, STM32C051K8T6, STM32C071C8T6, STM32C071C8T6N, STM32C071C8U6, STM32C071C8U6N, STM32C071CBT6, STM32C071CBT6N, STM32C071CBU6, STM32C071CBU6N, STM32C071F8P6, STM32C071F8P6N, STM32C071FBP6, STM32C071FBP6N, STM32C071FBY6TR, STM32C071G8U6, STM32C071G8U6N, STM32C071GBU6, STM32C071GBU6N, STM32C071K8T6, STM32C071K8T6N, STM32C071K8U6, STM32C071K8U6N, STM32C071KBT6, STM32C071KBT6N, STM32C071KBU6, STM32C071KBU6N, STM32C071R8T6, STM32C071R8T6N, STM32C071RBI6N, STM32C071RBT6, STM32C071RBT6N, STM32C091CBT6, STM32C091CBU6, STM32C091CCT6, STM32C091CCU6, STM32C091ECY6TR, STM32C091FBP6, STM32C091FCP6, STM32C091GBU6, STM32C091GCU6, STM32C091KBT6, STM32C091KBU6, STM32C091KCT6, STM32C091KCU6, STM32C091RBT6, STM32C091RCI6, STM32C091RCT6, STM32C092CBT6, STM32C092CBU6, STM32C092CCT6, STM32C092CCU6, STM32C092ECY6TR, STM32C092FBP6, STM32C092FCP6, STM32C092GBU6, STM32C092GCU6, STM32C092KBT6, STM32C092KBU6, STM32C092KCT6, STM32C092KCU6, STM32C092RBT6, STM32C092RCI6, STM32C092RCT6, STM32G071K8TXN, STM32G071K8UXN, STM32G081GBU6N, STM32G081KBT6N, STM32G081KBUXN, STM32G0B1CCT6N, STM32G0B1KCT6, STM32G0B1NEY6TR, STM32G0B1RCT6N, STM32G0C1CCT6, STM32G0C1CCT6N, STM32G0C1CCU6N, STM32G0C1CET6N, STM32G0C1CEU6N, STM32G0C1KCT6, STM32G0C1NEY6TR, STM32G0C1RCI6N, STM32G0C1RCT6N, STM32G0C1REI6N, STM32G0C1RET6N, STM32G0C1VCI6, STM32G0C1VEI6, STM32G411C6T3, STM32G411C6T6, STM32G411C6U3, STM32G411C6U6, STM32G411C8T3, STM32G411C8T6, STM32G411C8U3, STM32G411C8U6, STM32G411CBT3, STM32G411CBT6, STM32G411CBU3, STM32G411CBU6, STM32G411K6T3, STM32G411K6T6, STM32G411K6U3, STM32G411K6U6, STM32G411K8T3, STM32G411K8T6, STM32G411K8U3, STM32G411K8U6, STM32G411KBT3, STM32G411KBT6, STM32G411KBU3, STM32G411KBU6, STM32G411M6T3, STM32G411M6T6, STM32G411M8T3, STM32G411M8T6, STM32G411MBT3, STM32G411MBT6, STM32G411R6T3, STM32G411R6T6, STM32G411R8T3, STM32G411R8T6, STM32G411RBT3, STM32G411RBT6, STM32G414CBT3, STM32G414CBT6, STM32G414CBU3, STM32G414CBU6, STM32G414CCT3, STM32G414CCT6, STM32G414CCU3, STM32G414CCU6, STM32G414MBT3, STM32G414MBT6, STM32G414MCT3, STM32G414MCT6, STM32G414RBT3, STM32G414RBT6, STM32G414RCT3, STM32G414RCT6, STM32G414VBT3, STM32G414VBT6, STM32G414VCT3, STM32G414VCT6, STM32G431CBT3Z, STM32G431RBT3Z, STM32G471CCT6, STM32G471CCU6, STM32G471CET3, STM32G471CET6, STM32G471CEU3, STM32G471CEU6, STM32G471MCT6, STM32G471MET3, STM32G471MET6, STM32G471MEY6TR, STM32G471QCT6, STM32G471QET3, STM32G471RCT6, STM32G471RET3, STM32G471RET6, STM32G471VCH6, STM32G471VCI6, STM32G471VCT6, STM32G471VEH3, STM32G471VEH6, STM32G471VEI3, STM32G471VEI6, STM32G471VET3, STM32G471VET6, STM32G473QET3Z, STM32G473RET3Z, STM32G474CCT6, STM32G491RET3Z, STM32H503CBT6, STM32H503CBU6, STM32H503EBY6TR, STM32H503KBU6, STM32H503RBT6, STM32H523CCT6, STM32H523CCU6, STM32H523CET6, STM32H523CEU6, STM32H523HEY6TR, STM32H523RCT6, STM32H523RET6, STM32H523VCI6, STM32H523VCT6, STM32H523VEI6, STM32H523VET6, STM32H523ZCJ6, STM32H523ZCT6, STM32H523ZEJ6, STM32H523ZET6, STM32H533CET6, STM32H533CEU6, STM32H533HEY6TR, STM32H533RET6, STM32H533VEI6, STM32H533VET6, STM32H533ZEJ6, STM32H533ZET6, STM32H562AGI6, STM32H562AII6, STM32H562IGK6, STM32H562IGT6, STM32H562IIK6, STM32H562IIT6, STM32H562RGT6, STM32H562RGV6, STM32H562RIT6, STM32H562RIV6, STM32H562VGT6, STM32H562VIT6, STM32H562ZGT6, STM32H562ZIT6, STM32H563AGI6, STM32H563AII3Q, STM32H563AII6, STM32H563IGK6, STM32H563IGT6, STM32H563IIK3Q, STM32H563IIK6, STM32H563IIT3Q, STM32H563IIT6, STM32H563MIY3QTR, STM32H563RGT6, STM32H563RGV6, STM32H563RIT6, STM32H563RIV6, STM32H563VGT6, STM32H563VIT3Q, STM32H563VIT6, STM32H563ZGT6, STM32H563ZIT3Q, STM32H563ZIT6, STM32H573AII3Q, STM32H573AII6, STM32H573I-DK, STM32H573IIK3Q, STM32H573IIK6, STM32H573IIT3Q, STM32H573IIT6, STM32H573MIY3QTR, STM32H573RIT6, STM32H573RIV6, STM32H573VIT3Q, STM32H573VIT6, STM32H573ZIT3Q, STM32H573ZIT6, STM32H7R3A8I6, STM32H7R3I8K6, STM32H7R3I8T6, STM32H7R3L8H6, STM32H7R3L8H6H, STM32H7R3R8V6, STM32H7R3V8H6, STM32H7R3V8T6, STM32H7R3V8Y6TR, STM32H7R3Z8J6, STM32H7R3Z8T6, STM32H7R7A8I6, STM32H7R7I8K6, STM32H7R7I8T6, STM32H7R7L8H6, STM32H7R7L8H6H, STM32H7R7Z8J6, STM32H7S3A8I6, STM32H7S3I8K6, STM32H7S3I8T6, STM32H7S3L8H6, STM32H7S3L8H6H, STM32H7S3R8V6, STM32H7S3V8H6, STM32H7S3V8T6, STM32H7S3V8Y6TR, STM32H7S3Z8J6, STM32H7S3Z8T6, STM32H7S78-DK, STM32H7S7A8I6, STM32H7S7I8K6, STM32H7S7I8T6, STM32H7S7L8H6, STM32H7S7L8H6H, STM32H7S7Z8J6, STM32L4R5QGI6STR, STM32MP131AAE3, STM32MP131AAF3, STM32MP131AAG3, STM32MP131CAE3, STM32MP131CAF3, STM32MP131CAG3, STM32MP131DAE7, STM32MP131DAF7, STM32MP131DAG7, STM32MP131FAE7, STM32MP131FAF7, STM32MP131FAG7, STM32MP133AAE3, STM32MP133AAF3, STM32MP133AAG3, STM32MP133CAE3, STM32MP133CAF3, STM32MP133CAG3, STM32MP133DAE7, STM32MP133DAF7, STM32MP133DAG7, STM32MP133FAE7, STM32MP133FAF7, STM32MP133FAG7, STM32MP135AAE3, STM32MP135AAF3, STM32MP135AAG3, STM32MP135CAE3, STM32MP135CAF3, STM32MP135CAG3, STM32MP135DAE7, STM32MP135DAF7, STM32MP135DAG7, STM32MP135F-DK, STM32MP135FAE7, STM32MP135FAF7, STM32MP135FAF7T, STM32MP135FAF7U, STM32MP135FAG7, STM32MP211AAL3, STM32MP211AAM3, STM32MP211AAN3, STM32MP211AAO3, STM32MP211CAL3, STM32MP211CAM3, STM32MP211CAN3, STM32MP211CAO3, STM32MP211DAL3, STM32MP211DAM3, STM32MP211DAN3, STM32MP211DAO3, STM32MP211FAL3, STM32MP211FAM3, STM32MP211FAN3, STM32MP211FAO3, STM32MP213AAL3, STM32MP213AAM3, STM32MP213AAN3, STM32MP213AAO3, STM32MP213CAL3, STM32MP213CAM3, STM32MP213CAN3, STM32MP213CAO3, STM32MP213DAL3, STM32MP213DAM3, STM32MP213DAN3, STM32MP213DAO3, STM32MP213FAL3, STM32MP213FAM3, STM32MP213FAN3, STM32MP213FAO3, STM32MP215AAL3, STM32MP215AAM3, STM32MP215AAN3, STM32MP215AAO3, STM32MP215CAL3, STM32MP215CAM3, STM32MP215CAN3, STM32MP215CAO3, STM32MP215DAL3, STM32MP215DAM3, STM32MP215DAN3, STM32MP215DAO3, STM32MP215F-DK, STM32MP215FAL3, STM32MP215FAM3, STM32MP215FAN3, STM32MP215FAO3, STM32MP231AAJ3, STM32MP231AAK3, STM32MP231AAL3, STM32MP231CAJ3, STM32MP231CAK3, STM32MP231CAL3, STM32MP231DAJ3, STM32MP231DAK3, STM32MP231DAL3, STM32MP231FAJ3, STM32MP231FAK3, STM32MP231FAL3, STM32MP233AAJ3, STM32MP233AAK3, STM32MP233AAL3, STM32MP233CAJ3, STM32MP233CAK3, STM32MP233CAL3, STM32MP233DAJ3, STM32MP233DAK3, STM32MP233DAL3, STM32MP233FAJ3, STM32MP233FAK3, STM32MP233FAL3, STM32MP235AAJ3, STM32MP235AAK3, STM32MP235AAL3, STM32MP235CAJ3, STM32MP235CAK3, STM32MP235CAL3, STM32MP235DAJ3, STM32MP235DAK3, STM32MP235DAL3, STM32MP235FAJ3, STM32MP235FAK3, STM32MP235FAL3, STM32MP251AAI3, STM32MP251AAK3, STM32MP251AAL3, STM32MP251CAI3, STM32MP251CAK3, STM32MP251CAL3, STM32MP251DAI3, STM32MP251DAK3, STM32MP251DAL3, STM32MP251FAI3, STM32MP251FAK3, STM32MP251FAL3, STM32MP253AAI3, STM32MP253AAK3, STM32MP253AAL3, STM32MP253CAI3, STM32MP253CAK3, STM32MP253CAL3, STM32MP253DAI3, STM32MP253DAK3, STM32MP253DAL3, STM32MP253FAI3, STM32MP253FAK3, STM32MP253FAL3, STM32MP255AAI3, STM32MP255AAK3, STM32MP255AAL3, STM32MP255CAI3, STM32MP255CAK3, STM32MP255CAL3, STM32MP255DAI3, STM32MP255DAK3, STM32MP255DAL3, STM32MP255FAI3, STM32MP255FAK3, STM32MP255FAL3, STM32MP257AAI3, STM32MP257AAK3, STM32MP257AAL3, STM32MP257CAI3, STM32MP257CAK3, STM32MP257CAL3, STM32MP257DAI3, STM32MP257DAK3, STM32MP257DAL3, STM32MP257F-DK, STM32MP257F-EV1, STM32MP257FAI3, STM32MP257FAK3, STM32MP257FAL3, STM32N645A0H3Q, STM32N645B0H3Q, STM32N645I0H3Q, STM32N645L0H3Q, STM32N645X0H3Q, STM32N645Z0H3Q, STM32N647A0H3Q, STM32N647B0H3Q, STM32N647I0H3Q, STM32N647L0H3Q, STM32N647X0H3Q, STM32N647Z0H3Q, STM32N655A0H3Q, STM32N655B0H3Q, STM32N655I0H3Q, STM32N655L0H3Q, STM32N655X0H3Q, STM32N655Z0H3Q, STM32N6570-DK, STM32N657A0H3Q, STM32N657B0H3Q, STM32N657I0H3Q, STM32N657L0H3Q, STM32N657X0H3Q, STM32N657Z0H3Q, STM32U031C6T6, STM32U031C6U6, STM32U031C8T6, STM32U031C8U6, STM32U031F4P6, STM32U031F6P6, STM32U031F8P6, STM32U031G6Y6TR, STM32U031G8Y6TR, STM32U031K4U6, STM32U031K6U6, STM32U031K8U6, STM32U031R6I6, STM32U031R6T6, STM32U031R8I6, STM32U031R8T6, STM32U073C8T6, STM32U073C8U6, STM32U073CBT6, STM32U073CBU6, STM32U073CCT6, STM32U073CCU6, STM32U073H8Y6TR, STM32U073HBY6TR, STM32U073HCY6TR, STM32U073K8U6, STM32U073KBU6, STM32U073KCU6, STM32U073M8I6, STM32U073M8T6, STM32U073MBI6, STM32U073MBT6, STM32U073MCI6, STM32U073MCT6, STM32U073R8I6, STM32U073R8T6, STM32U073RBI6, STM32U073RBT6, STM32U073RCI6, STM32U073RCT6, STM32U083C-DK, STM32U083CCT6, STM32U083CCU6, STM32U083HCY6TR, STM32U083KCU6, STM32U083MCI6, STM32U083MCT6, STM32U083RCI6, STM32U083RCT6, STM32U375CET6, STM32U375CET6Q, STM32U375CEU6, STM32U375CEU6Q, STM32U375CEY6QTR, STM32U375CGT6, STM32U375CGT6Q, STM32U375CGU6, STM32U375CGU6Q, STM32U375CGY6QTR, STM32U375KEU6, STM32U375KGU6, STM32U375REI6, STM32U375REI6Q, STM32U375RET6, STM32U375RET6Q, STM32U375REY6GTR, STM32U375REY6QTR, STM32U375RGI6, STM32U375RGI6Q, STM32U375RGT6, STM32U375RGT6Q, STM32U375RGY6GTR, STM32U375RGY6QTR, STM32U375VEI6, STM32U375VEI6Q, STM32U375VET6, STM32U375VET6Q, STM32U375VGI6, STM32U375VGI6Q, STM32U375VGT6, STM32U375VGT6Q, STM32U385CGT6, STM32U385CGT6Q, STM32U385CGU6, STM32U385CGU6Q, STM32U385CGY6QTR, STM32U385KGU6, STM32U385RGI6, STM32U385RGI6Q, STM32U385RGT6, STM32U385RGT6Q, STM32U385RGY6GTR, STM32U385RGY6QTR, STM32U385VGI6, STM32U385VGI6Q, STM32U385VGT6, STM32U385VGT6Q, STM32U535CBT6, STM32U535CBT6Q, STM32U535CBU6, STM32U535CBU6Q, STM32U535CCT6, STM32U535CCT6Q, STM32U535CCU6, STM32U535CCU6Q, STM32U535CET6, STM32U535CET6Q, STM32U535CEU6, STM32U535CEU6Q, STM32U535JEY6QTR, STM32U535NCY6QTR, STM32U535NEY6QTR, STM32U535RBI6, STM32U535RBI6Q, STM32U535RBT6, STM32U535RBT6Q, STM32U535RCI6, STM32U535RCI6Q, STM32U535RCT6, STM32U535RCT6Q, STM32U535REI6, STM32U535REI6Q, STM32U535RET6, STM32U535RET6Q, STM32U535VCI6, STM32U535VCI6Q, STM32U535VCT6, STM32U535VCT6Q, STM32U535VEI6, STM32U535VEI6Q, STM32U535VET6, STM32U535VET6Q, STM32U545CET6, STM32U545CET6Q, STM32U545CEU6, STM32U545CEU6Q, STM32U545JEY6QTR, STM32U545NEY6QTR, STM32U545REI6, STM32U545REI6Q, STM32U545RET6, STM32U545RET6Q, STM32U545VEI6, STM32U545VEI6Q, STM32U545VET6, STM32U545VET6Q, STM32U595AIH6, STM32U595AIH6Q, STM32U595AJH6, STM32U595AJH6Q, STM32U595QII6, STM32U595QII6Q, STM32U595QJI6, STM32U595QJI6Q, STM32U595RIT6, STM32U595RIT6Q, STM32U595RJT6, STM32U595RJT6Q, STM32U595VIT6, STM32U595VIT6Q, STM32U595VJT6, STM32U595VJT6Q, STM32U595ZIT6, STM32U595ZIT6Q, STM32U595ZIY6QTR, STM32U595ZJT6, STM32U595ZJT6Q, STM32U595ZJY6QTR, STM32U599BJY6QTR, STM32U599NIH6Q, STM32U599NJH6Q, STM32U599VIT6Q, STM32U599VJT6, STM32U599VJT6Q, STM32U599ZIT6Q, STM32U599ZIY6QTR, STM32U599ZJT6Q, STM32U599ZJY6QTR, STM32U5A5AJH6, STM32U5A5AJH6Q, STM32U5A5QII3Q , STM32U5A5QJI6, STM32U5A5QJI6Q, STM32U5A5RJT6, STM32U5A5RJT6Q, STM32U5A5VJT6, STM32U5A5VJT6Q, STM32U5A5ZJT6, STM32U5A5ZJT6Q, STM32U5A5ZJY6QTR, STM32U5A9BJY6QTR, STM32U5A9J-DK, STM32U5A9NJH6Q, STM32U5A9VJT6Q, STM32U5A9ZJT6Q, STM32U5A9ZJY6QTR, STM32U5F7VIT6, STM32U5F7VIT6Q, STM32U5F7VJT6, STM32U5F7VJT6Q, STM32U5F9BJY6QTR, STM32U5F9NJH6Q, STM32U5F9VIT6Q, STM32U5F9VJT6Q, STM32U5F9ZIJ6QTR, STM32U5F9ZIT6Q, STM32U5F9ZJJ6QTR, STM32U5F9ZJT6Q, STM32U5G7VJT6, STM32U5G7VJT6Q, STM32U5G9BJY6QTR, STM32U5G9J-DK1, STM32U5G9J-DK2, STM32U5G9NJH6Q, STM32U5G9VJT6Q, STM32U5G9ZJJ6QTR, STM32U5G9ZJT6Q, STM32WB05KZV6TR, STM32WB05KZV7TR, STM32WB05TZF6TR, STM32WB05TZF7TR, STM32WB06CCF6TR, STM32WB06CCF7TR, STM32WB06CCV6TR, STM32WB06CCV7TR, STM32WB06KCV6TR, STM32WB06KCV7TR, STM32WB07CCF6TR, STM32WB07CCF7TR, STM32WB07CCV6TR, STM32WB07CCV7TR, STM32WB07KCV6TR, STM32WB07KCV7TR, STM32WB09KEV6TR, STM32WB09KEV7TR, STM32WB09TEF6TR, STM32WB09TEF7TR, STM32WB1MMCH6, STM32WBA50KGU6, STM32WBA50KGU6TR, STM32WBA52CEU6, STM32WBA52CEU6TR, STM32WBA52CEU7, STM32WBA52CEU7TR, STM32WBA52CGU6, STM32WBA52CGU6TR, STM32WBA52CGU6U, STM32WBA52CGU7, STM32WBA52CGU7TR, STM32WBA52KEU6, STM32WBA52KEU6TR, STM32WBA52KGU6, STM32WBA52KGU6TR, STM32WBA54CEU6, STM32WBA54CEU6TR, STM32WBA54CEU7, STM32WBA54CEU7TR, STM32WBA54CGU6, STM32WBA54CGU6TR, STM32WBA54CGU7, STM32WBA54CGU7TR, STM32WBA54KEU6, STM32WBA54KEU6TR, STM32WBA54KEU7, STM32WBA54KEU7TR, STM32WBA54KGU6, STM32WBA54KGU6TR, STM32WBA54KGU7, STM32WBA54KGU7TR, STM32WBA55CEU6, STM32WBA55CEU6TR, STM32WBA55CEU7, STM32WBA55CEU7TR, STM32WBA55CGU6, STM32WBA55CGU6TR, STM32WBA55CGU6U, STM32WBA55CGU7, STM32WBA55CGU7TR, STM32WBA55G-DK1, STM32WBA55HEF6, STM32WBA55HEF7, STM32WBA55HGF6, STM32WBA55HGF7, STM32WBA55UEI6, STM32WBA55UEI6TR, STM32WBA55UEI7, STM32WBA55UEI7TR, STM32WBA55UGI6, STM32WBA55UGI6TR, STM32WBA55UGI7, STM32WBA55UGI7TR, STM32WBA5MMGH6TR, STM32WBA62MGF6, STM32WBA62MIF6, STM32WBA65MGF7, STM32WBA65MIF6, STM32WBA65MIF7, STM32WL30K8V6, STM32WL30KBV6, STM32WL31C8V6, STM32WL31CBV6, STM32WL31K8V6, STM32WL31KBV6, STM32WL33C8V6, STM32WL33C8V6X, STM32WL33CBV6, STM32WL33CBV6X, STM32WL33CCV6, STM32WL33CCV6A, STM32WL33CCV6X, STM32WL33K8V7, STM32WL33K8V7X, STM32WL33KBV7 , STM32WL33KBV7X, STM32WL33KCV7, STM32WL33KCV7X, STM32WL5MOCH6, STM32WL5MOCH6TR]
2026-07-10 17:12:47,820 [INFO] DbMcus:218 - Found 5250 MCUs, 5097 are supported
2026-07-10 17:12:47,821 [INFO] ApiDb:423 - Load user favorites file /home/anton/.stm32cubeide/favorites.mcus.txt: 0 item(s)
2026-07-10 17:12:47,821 [INFO] ApiDb:427 - User favorites MCUs=[]
2026-07-10 17:12:47,821 [INFO] DbMcus:224 - Set 0 / 0 favorites MCUs
2026-07-10 17:12:48,097 [INFO] ApiDb:448 - Save user favorites file /home/anton/.stm32cubeide/favorites.boards.txt: 0 item(s)
2026-07-10 17:12:48,097 [INFO] ApiDb:452 - User favorites Boards=[]
2026-07-10 17:12:48,098 [INFO] ApiDb:581 - Connected to CubeFinder SQLite database (/home/anton/.stmcufinder/plugins/mcufinder/mcu/cube-finder-db.db)
2026-07-10 17:12:48,124 [INFO] ApiDb:668 - CubeFinder database Data Model version=2.1
2026-07-10 17:12:48,124 [INFO] ApiDb:669 - CubeFinder database Configuration version=3.0.42
2026-07-10 17:12:48,124 [INFO] ApiDb:670 - CubeFinder database generation date=2026-06-23 (1782213372)
2026-07-10 17:12:48,124 [INFO] ApiDb:671 - CubeFinder database FW Pack versions=[FP-ATR-ASTRA1_V2.0.0, FP-SNS-FLIGHT1_V5.1.0, FP-SNS-MOTENV1_V5.1.0, FP-SNS-MOTENVWB1_V1.5.0, FP-SNS-SMARTAG2_V1.2.0, FP-SNS-STBOX1_V2.1.0, STM32Cube_FW_C0_V1.4.0, STM32Cube_FW_F4_V1.28.3, STM32Cube_FW_F7_V1.17.4, STM32Cube_FW_G0_V1.6.3, STM32Cube_FW_G4_V1.6.2, STM32Cube_FW_H5_V1.7.0, STM32Cube_FW_H7RS_V1.3.0, STM32Cube_FW_H7_V1.13.0, STM32Cube_FW_L0_V1.12.2, STM32Cube_FW_L4_V1.18.2, STM32Cube_FW_L5_V1.6.0, STM32Cube_FW_N6_V1.4.0, STM32Cube_FW_U0_V1.3.0, STM32Cube_FW_U3_V1.4.0, STM32Cube_FW_U5_V1.9.0, STM32Cube_FW_WB0_V1.5.0, STM32Cube_FW_WBA_V1.10.0, STM32Cube_FW_WB_V1.24.0, STM32Cube_FW_WL3_V1.5.0, STM32Cube_FW_WL_V1.6.0, X-CUBE-ALGOBUILD_V1.5.0, X-CUBE-ALS_V1.0.2, X-CUBE-AZRTOS-F4_V1.1.0, X-CUBE-AZRTOS-F7_V1.1.0, X-CUBE-AZRTOS-G0_V1.1.0, X-CUBE-AZRTOS-G4_V2.0.0, X-CUBE-AZRTOS-H7RS_V1.1.0, X-CUBE-AZRTOS-H7_V3.5.0, X-CUBE-AZRTOS-L4_V2.0.0, X-CUBE-AZRTOS-L5_V2.0.0, X-CUBE-AZRTOS-WB_V2.0.0, X-CUBE-AZRTOS-WL_V2.0.0, X-CUBE-BLE1_V7.1.0, X-CUBE-BLE2_V3.3.0, X-CUBE-BLEMGR_V4.1.0, X-CUBE-EEPRMA1_V5.2.0, X-CUBE-FREERTOS_V1.5.0, X-CUBE-GNSS1_V7.1.1, X-CUBE-MEMS1_V12.1.0, X-CUBE-NFC4_V3.0.0, X-CUBE-NFC7_V2.0.0, X-CUBE-SFXS2LP1_V4.0.0, X-CUBE-ST67W61_V1.3.0, X-CUBE-SUBG2_V5.0.0, X-CUBE-TOF1_V3.4.3]
2026-07-10 17:12:48,155 [INFO] DbBoardsSqlite:226 - include board P-NUCLEO-WB55-NUCLEO as a kit item of type 'Nucleo-64'
2026-07-10 17:12:48,155 [INFO] DbBoardsSqlite:226 - include board P-NUCLEO-WB55-USBDONGLE as a kit item of type 'Nucleo USB Dongle'
2026-07-10 17:12:48,155 [INFO] DbBoardsSqlite:226 - include board STEVAL-IDP005V1 as a kit item of type 'Evaluation Board'
2026-07-10 17:12:48,155 [INFO] DbBoardsSqlite:226 - include board STEVAL-IDP005V2 as a kit item of type 'Evaluation Board'
2026-07-10 17:12:48,180 [INFO] ApiDb:240 - Found 880 in-development CPN: [B-G473E-ZEST1S, B-WB1M-WPAN1, B-WBA5M-WPAN, B-WL5M-SUBG1, NUCLEO-C031C6, NUCLEO-C051C8, NUCLEO-C071RB, NUCLEO-C092RC, NUCLEO-H503RB, NUCLEO-H533RE, NUCLEO-H563ZI, NUCLEO-H7S3L8, NUCLEO-N657X0-Q, NUCLEO-U031R8, NUCLEO-U083RC, NUCLEO-U385RG-Q, NUCLEO-U545RE-Q, NUCLEO-U5A5ZJ-Q, NUCLEO-WB05KZ, NUCLEO-WB07CC, NUCLEO-WB09KE, NUCLEO-WBA52CG, NUCLEO-WBA55CG, NUCLEO-WL33CC1, NUCLEO-WL33CC2, STEVAL-PROTEUS1, STEVAL-SMARTAG2, STEVAL-STWINBX1, STM320518-EVAL, STM32C0116-DK, STM32C011D6Y3TR, STM32C011D6Y6TR, STM32C011F4P3, STM32C011F4P6, STM32C011F4U3, STM32C011F4U6TR, STM32C011F6P3, STM32C011F6P6, STM32C011F6U3, STM32C011F6U6TR, STM32C011J4M3, STM32C011J4M6, STM32C011J6M3, STM32C011J6M6, STM32C0316-DK, STM32C031C4T3, STM32C031C4T6, STM32C031C4U3, STM32C031C4U6, STM32C031C6T3, STM32C031C6T6, STM32C031C6U3, STM32C031C6U6, STM32C031F4P3, STM32C031F4P6, STM32C031F6P3, STM32C031F6P6, STM32C031G4U3, STM32C031G4U6, STM32C031G6U3, STM32C031G6U6, STM32C031K4T3, STM32C031K4T6, STM32C031K4U3, STM32C031K4U6, STM32C031K6T3, STM32C031K6T6, STM32C031K6U3, STM32C031K6U6, STM32C051C6T6, STM32C051C6U6, STM32C051C8T6, STM32C051C8U6, STM32C051D8Y6TR, STM32C051F6P6, STM32C051F8P6, STM32C051G6U6, STM32C051G8U6, STM32C051K6T6, STM32C051K6U6, STM32C051K8T6, STM32C071C8T6, STM32C071C8T6N, STM32C071C8U6, STM32C071C8U6N, STM32C071CBT6, STM32C071CBT6N, STM32C071CBU6, STM32C071CBU6N, STM32C071F8P6, STM32C071F8P6N, STM32C071FBP6, STM32C071FBP6N, STM32C071FBY6TR, STM32C071G8U6, STM32C071G8U6N, STM32C071GBU6, STM32C071GBU6N, STM32C071K8T6, STM32C071K8T6N, STM32C071K8U6, STM32C071K8U6N, STM32C071KBT6, STM32C071KBT6N, STM32C071KBU6, STM32C071KBU6N, STM32C071R8T6, STM32C071R8T6N, STM32C071RBI6N, STM32C071RBT6, STM32C071RBT6N, STM32C091CBT6, STM32C091CBU6, STM32C091CCT6, STM32C091CCU6, STM32C091ECY6TR, STM32C091FBP6, STM32C091FCP6, STM32C091GBU6, STM32C091GCU6, STM32C091KBT6, STM32C091KBU6, STM32C091KCT6, STM32C091KCU6, STM32C091RBT6, STM32C091RCI6, STM32C091RCT6, STM32C092CBT6, STM32C092CBU6, STM32C092CCT6, STM32C092CCU6, STM32C092ECY6TR, STM32C092FBP6, STM32C092FCP6, STM32C092GBU6, STM32C092GCU6, STM32C092KBT6, STM32C092KBU6, STM32C092KCT6, STM32C092KCU6, STM32C092RBT6, STM32C092RCI6, STM32C092RCT6, STM32G071K8TXN, STM32G071K8UXN, STM32G081GBU6N, STM32G081KBT6N, STM32G081KBUXN, STM32G0B1CCT6N, STM32G0B1KCT6, STM32G0B1NEY6TR, STM32G0B1RCT6N, STM32G0C1CCT6, STM32G0C1CCT6N, STM32G0C1CCU6N, STM32G0C1CET6N, STM32G0C1CEU6N, STM32G0C1KCT6, STM32G0C1NEY6TR, STM32G0C1RCI6N, STM32G0C1RCT6N, STM32G0C1REI6N, STM32G0C1RET6N, STM32G0C1VCI6, STM32G0C1VEI6, STM32G411C6T3, STM32G411C6T6, STM32G411C6U3, STM32G411C6U6, STM32G411C8T3, STM32G411C8T6, STM32G411C8U3, STM32G411C8U6, STM32G411CBT3, STM32G411CBT6, STM32G411CBU3, STM32G411CBU6, STM32G411K6T3, STM32G411K6T6, STM32G411K6U3, STM32G411K6U6, STM32G411K8T3, STM32G411K8T6, STM32G411K8U3, STM32G411K8U6, STM32G411KBT3, STM32G411KBT6, STM32G411KBU3, STM32G411KBU6, STM32G411M6T3, STM32G411M6T6, STM32G411M8T3, STM32G411M8T6, STM32G411MBT3, STM32G411MBT6, STM32G411R6T3, STM32G411R6T6, STM32G411R8T3, STM32G411R8T6, STM32G411RBT3, STM32G411RBT6, STM32G414CBT3, STM32G414CBT6, STM32G414CBU3, STM32G414CBU6, STM32G414CCT3, STM32G414CCT6, STM32G414CCU3, STM32G414CCU6, STM32G414MBT3, STM32G414MBT6, STM32G414MCT3, STM32G414MCT6, STM32G414RBT3, STM32G414RBT6, STM32G414RCT3, STM32G414RCT6, STM32G414VBT3, STM32G414VBT6, STM32G414VCT3, STM32G414VCT6, STM32G431CBT3Z, STM32G431RBT3Z, STM32G471CCT6, STM32G471CCU6, STM32G471CET3, STM32G471CET6, STM32G471CEU3, STM32G471CEU6, STM32G471MCT6, STM32G471MET3, STM32G471MET6, STM32G471MEY6TR, STM32G471QCT6, STM32G471QET3, STM32G471RCT6, STM32G471RET3, STM32G471RET6, STM32G471VCH6, STM32G471VCI6, STM32G471VCT6, STM32G471VEH3, STM32G471VEH6, STM32G471VEI3, STM32G471VEI6, STM32G471VET3, STM32G471VET6, STM32G473QET3Z, STM32G473RET3Z, STM32G474CCT6, STM32G491RET3Z, STM32H503CBT6, STM32H503CBU6, STM32H503EBY6TR, STM32H503KBU6, STM32H503RBT6, STM32H523CCT6, STM32H523CCU6, STM32H523CET6, STM32H523CEU6, STM32H523HEY6TR, STM32H523RCT6, STM32H523RET6, STM32H523VCI6, STM32H523VCT6, STM32H523VEI6, STM32H523VET6, STM32H523ZCJ6, STM32H523ZCT6, STM32H523ZEJ6, STM32H523ZET6, STM32H533CET6, STM32H533CEU6, STM32H533HEY6TR, STM32H533RET6, STM32H533VEI6, STM32H533VET6, STM32H533ZEJ6, STM32H533ZET6, STM32H562AGI6, STM32H562AII6, STM32H562IGK6, STM32H562IGT6, STM32H562IIK6, STM32H562IIT6, STM32H562RGT6, STM32H562RGV6, STM32H562RIT6, STM32H562RIV6, STM32H562VGT6, STM32H562VIT6, STM32H562ZGT6, STM32H562ZIT6, STM32H563AGI6, STM32H563AII3Q, STM32H563AII6, STM32H563IGK6, STM32H563IGT6, STM32H563IIK3Q, STM32H563IIK6, STM32H563IIT3Q, STM32H563IIT6, STM32H563MIY3QTR, STM32H563RGT6, STM32H563RGV6, STM32H563RIT6, STM32H563RIV6, STM32H563VGT6, STM32H563VIT3Q, STM32H563VIT6, STM32H563ZGT6, STM32H563ZIT3Q, STM32H563ZIT6, STM32H573AII3Q, STM32H573AII6, STM32H573I-DK, STM32H573IIK3Q, STM32H573IIK6, STM32H573IIT3Q, STM32H573IIT6, STM32H573MIY3QTR, STM32H573RIT6, STM32H573RIV6, STM32H573VIT3Q, STM32H573VIT6, STM32H573ZIT3Q, STM32H573ZIT6, STM32H7R3A8I6, STM32H7R3I8K6, STM32H7R3I8T6, STM32H7R3L8H6, STM32H7R3L8H6H, STM32H7R3R8V6, STM32H7R3V8H6, STM32H7R3V8T6, STM32H7R3V8Y6TR, STM32H7R3Z8J6, STM32H7R3Z8T6, STM32H7R7A8I6, STM32H7R7I8K6, STM32H7R7I8T6, STM32H7R7L8H6, STM32H7R7L8H6H, STM32H7R7Z8J6, STM32H7S3A8I6, STM32H7S3I8K6, STM32H7S3I8T6, STM32H7S3L8H6, STM32H7S3L8H6H, STM32H7S3R8V6, STM32H7S3V8H6, STM32H7S3V8T6, STM32H7S3V8Y6TR, STM32H7S3Z8J6, STM32H7S3Z8T6, STM32H7S78-DK, STM32H7S7A8I6, STM32H7S7I8K6, STM32H7S7I8T6, STM32H7S7L8H6, STM32H7S7L8H6H, STM32H7S7Z8J6, STM32L4R5QGI6STR, STM32MP131AAE3, STM32MP131AAF3, STM32MP131AAG3, STM32MP131CAE3, STM32MP131CAF3, STM32MP131CAG3, STM32MP131DAE7, STM32MP131DAF7, STM32MP131DAG7, STM32MP131FAE7, STM32MP131FAF7, STM32MP131FAG7, STM32MP133AAE3, STM32MP133AAF3, STM32MP133AAG3, STM32MP133CAE3, STM32MP133CAF3, STM32MP133CAG3, STM32MP133DAE7, STM32MP133DAF7, STM32MP133DAG7, STM32MP133FAE7, STM32MP133FAF7, STM32MP133FAG7, STM32MP135AAE3, STM32MP135AAF3, STM32MP135AAG3, STM32MP135CAE3, STM32MP135CAF3, STM32MP135CAG3, STM32MP135DAE7, STM32MP135DAF7, STM32MP135DAG7, STM32MP135F-DK, STM32MP135FAE7, STM32MP135FAF7, STM32MP135FAF7T, STM32MP135FAF7U, STM32MP135FAG7, STM32MP211AAL3, STM32MP211AAM3, STM32MP211AAN3, STM32MP211AAO3, STM32MP211CAL3, STM32MP211CAM3, STM32MP211CAN3, STM32MP211CAO3, STM32MP211DAL3, STM32MP211DAM3, STM32MP211DAN3, STM32MP211DAO3, STM32MP211FAL3, STM32MP211FAM3, STM32MP211FAN3, STM32MP211FAO3, STM32MP213AAL3, STM32MP213AAM3, STM32MP213AAN3, STM32MP213AAO3, STM32MP213CAL3, STM32MP213CAM3, STM32MP213CAN3, STM32MP213CAO3, STM32MP213DAL3, STM32MP213DAM3, STM32MP213DAN3, STM32MP213DAO3, STM32MP213FAL3, STM32MP213FAM3, STM32MP213FAN3, STM32MP213FAO3, STM32MP215AAL3, STM32MP215AAM3, STM32MP215AAN3, STM32MP215AAO3, STM32MP215CAL3, STM32MP215CAM3, STM32MP215CAN3, STM32MP215CAO3, STM32MP215DAL3, STM32MP215DAM3, STM32MP215DAN3, STM32MP215DAO3, STM32MP215F-DK, STM32MP215FAL3, STM32MP215FAM3, STM32MP215FAN3, STM32MP215FAO3, STM32MP231AAJ3, STM32MP231AAK3, STM32MP231AAL3, STM32MP231CAJ3, STM32MP231CAK3, STM32MP231CAL3, STM32MP231DAJ3, STM32MP231DAK3, STM32MP231DAL3, STM32MP231FAJ3, STM32MP231FAK3, STM32MP231FAL3, STM32MP233AAJ3, STM32MP233AAK3, STM32MP233AAL3, STM32MP233CAJ3, STM32MP233CAK3, STM32MP233CAL3, STM32MP233DAJ3, STM32MP233DAK3, STM32MP233DAL3, STM32MP233FAJ3, STM32MP233FAK3, STM32MP233FAL3, STM32MP235AAJ3, STM32MP235AAK3, STM32MP235AAL3, STM32MP235CAJ3, STM32MP235CAK3, STM32MP235CAL3, STM32MP235DAJ3, STM32MP235DAK3, STM32MP235DAL3, STM32MP235FAJ3, STM32MP235FAK3, STM32MP235FAL3, STM32MP251AAI3, STM32MP251AAK3, STM32MP251AAL3, STM32MP251CAI3, STM32MP251CAK3, STM32MP251CAL3, STM32MP251DAI3, STM32MP251DAK3, STM32MP251DAL3, STM32MP251FAI3, STM32MP251FAK3, STM32MP251FAL3, STM32MP253AAI3, STM32MP253AAK3, STM32MP253AAL3, STM32MP253CAI3, STM32MP253CAK3, STM32MP253CAL3, STM32MP253DAI3, STM32MP253DAK3, STM32MP253DAL3, STM32MP253FAI3, STM32MP253FAK3, STM32MP253FAL3, STM32MP255AAI3, STM32MP255AAK3, STM32MP255AAL3, STM32MP255CAI3, STM32MP255CAK3, STM32MP255CAL3, STM32MP255DAI3, STM32MP255DAK3, STM32MP255DAL3, STM32MP255FAI3, STM32MP255FAK3, STM32MP255FAL3, STM32MP257AAI3, STM32MP257AAK3, STM32MP257AAL3, STM32MP257CAI3, STM32MP257CAK3, STM32MP257CAL3, STM32MP257DAI3, STM32MP257DAK3, STM32MP257DAL3, STM32MP257F-DK, STM32MP257F-EV1, STM32MP257FAI3, STM32MP257FAK3, STM32MP257FAL3, STM32N645A0H3Q, STM32N645B0H3Q, STM32N645I0H3Q, STM32N645L0H3Q, STM32N645X0H3Q, STM32N645Z0H3Q, STM32N647A0H3Q, STM32N647B0H3Q, STM32N647I0H3Q, STM32N647L0H3Q, STM32N647X0H3Q, STM32N647Z0H3Q, STM32N655A0H3Q, STM32N655B0H3Q, STM32N655I0H3Q, STM32N655L0H3Q, STM32N655X0H3Q, STM32N655Z0H3Q, STM32N6570-DK, STM32N657A0H3Q, STM32N657B0H3Q, STM32N657I0H3Q, STM32N657L0H3Q, STM32N657X0H3Q, STM32N657Z0H3Q, STM32U031C6T6, STM32U031C6U6, STM32U031C8T6, STM32U031C8U6, STM32U031F4P6, STM32U031F6P6, STM32U031F8P6, STM32U031G6Y6TR, STM32U031G8Y6TR, STM32U031K4U6, STM32U031K6U6, STM32U031K8U6, STM32U031R6I6, STM32U031R6T6, STM32U031R8I6, STM32U031R8T6, STM32U073C8T6, STM32U073C8U6, STM32U073CBT6, STM32U073CBU6, STM32U073CCT6, STM32U073CCU6, STM32U073H8Y6TR, STM32U073HBY6TR, STM32U073HCY6TR, STM32U073K8U6, STM32U073KBU6, STM32U073KCU6, STM32U073M8I6, STM32U073M8T6, STM32U073MBI6, STM32U073MBT6, STM32U073MCI6, STM32U073MCT6, STM32U073R8I6, STM32U073R8T6, STM32U073RBI6, STM32U073RBT6, STM32U073RCI6, STM32U073RCT6, STM32U083C-DK, STM32U083CCT6, STM32U083CCU6, STM32U083HCY6TR, STM32U083KCU6, STM32U083MCI6, STM32U083MCT6, STM32U083RCI6, STM32U083RCT6, STM32U375CET6, STM32U375CET6Q, STM32U375CEU6, STM32U375CEU6Q, STM32U375CEY6QTR, STM32U375CGT6, STM32U375CGT6Q, STM32U375CGU6, STM32U375CGU6Q, STM32U375CGY6QTR, STM32U375KEU6, STM32U375KGU6, STM32U375REI6, STM32U375REI6Q, STM32U375RET6, STM32U375RET6Q, STM32U375REY6GTR, STM32U375REY6QTR, STM32U375RGI6, STM32U375RGI6Q, STM32U375RGT6, STM32U375RGT6Q, STM32U375RGY6GTR, STM32U375RGY6QTR, STM32U375VEI6, STM32U375VEI6Q, STM32U375VET6, STM32U375VET6Q, STM32U375VGI6, STM32U375VGI6Q, STM32U375VGT6, STM32U375VGT6Q, STM32U385CGT6, STM32U385CGT6Q, STM32U385CGU6, STM32U385CGU6Q, STM32U385CGY6QTR, STM32U385KGU6, STM32U385RGI6, STM32U385RGI6Q, STM32U385RGT6, STM32U385RGT6Q, STM32U385RGY6GTR, STM32U385RGY6QTR, STM32U385VGI6, STM32U385VGI6Q, STM32U385VGT6, STM32U385VGT6Q, STM32U535CBT6, STM32U535CBT6Q, STM32U535CBU6, STM32U535CBU6Q, STM32U535CCT6, STM32U535CCT6Q, STM32U535CCU6, STM32U535CCU6Q, STM32U535CET6, STM32U535CET6Q, STM32U535CEU6, STM32U535CEU6Q, STM32U535JEY6QTR, STM32U535NCY6QTR, STM32U535NEY6QTR, STM32U535RBI6, STM32U535RBI6Q, STM32U535RBT6, STM32U535RBT6Q, STM32U535RCI6, STM32U535RCI6Q, STM32U535RCT6, STM32U535RCT6Q, STM32U535REI6, STM32U535REI6Q, STM32U535RET6, STM32U535RET6Q, STM32U535VCI6, STM32U535VCI6Q, STM32U535VCT6, STM32U535VCT6Q, STM32U535VEI6, STM32U535VEI6Q, STM32U535VET6, STM32U535VET6Q, STM32U545CET6, STM32U545CET6Q, STM32U545CEU6, STM32U545CEU6Q, STM32U545JEY6QTR, STM32U545NEY6QTR, STM32U545REI6, STM32U545REI6Q, STM32U545RET6, STM32U545RET6Q, STM32U545VEI6, STM32U545VEI6Q, STM32U545VET6, STM32U545VET6Q, STM32U595AIH6, STM32U595AIH6Q, STM32U595AJH6, STM32U595AJH6Q, STM32U595QII6, STM32U595QII6Q, STM32U595QJI6, STM32U595QJI6Q, STM32U595RIT6, STM32U595RIT6Q, STM32U595RJT6, STM32U595RJT6Q, STM32U595VIT6, STM32U595VIT6Q, STM32U595VJT6, STM32U595VJT6Q, STM32U595ZIT6, STM32U595ZIT6Q, STM32U595ZIY6QTR, STM32U595ZJT6, STM32U595ZJT6Q, STM32U595ZJY6QTR, STM32U599BJY6QTR, STM32U599NIH6Q, STM32U599NJH6Q, STM32U599VIT6Q, STM32U599VJT6, STM32U599VJT6Q, STM32U599ZIT6Q, STM32U599ZIY6QTR, STM32U599ZJT6Q, STM32U599ZJY6QTR, STM32U5A5AJH6, STM32U5A5AJH6Q, STM32U5A5QII3Q , STM32U5A5QJI6, STM32U5A5QJI6Q, STM32U5A5RJT6, STM32U5A5RJT6Q, STM32U5A5VJT6, STM32U5A5VJT6Q, STM32U5A5ZJT6, STM32U5A5ZJT6Q, STM32U5A5ZJY6QTR, STM32U5A9BJY6QTR, STM32U5A9J-DK, STM32U5A9NJH6Q, STM32U5A9VJT6Q, STM32U5A9ZJT6Q, STM32U5A9ZJY6QTR, STM32U5F7VIT6, STM32U5F7VIT6Q, STM32U5F7VJT6, STM32U5F7VJT6Q, STM32U5F9BJY6QTR, STM32U5F9NJH6Q, STM32U5F9VIT6Q, STM32U5F9VJT6Q, STM32U5F9ZIJ6QTR, STM32U5F9ZIT6Q, STM32U5F9ZJJ6QTR, STM32U5F9ZJT6Q, STM32U5G7VJT6, STM32U5G7VJT6Q, STM32U5G9BJY6QTR, STM32U5G9J-DK1, STM32U5G9J-DK2, STM32U5G9NJH6Q, STM32U5G9VJT6Q, STM32U5G9ZJJ6QTR, STM32U5G9ZJT6Q, STM32WB05KZV6TR, STM32WB05KZV7TR, STM32WB05TZF6TR, STM32WB05TZF7TR, STM32WB06CCF6TR, STM32WB06CCF7TR, STM32WB06CCV6TR, STM32WB06CCV7TR, STM32WB06KCV6TR, STM32WB06KCV7TR, STM32WB07CCF6TR, STM32WB07CCF7TR, STM32WB07CCV6TR, STM32WB07CCV7TR, STM32WB07KCV6TR, STM32WB07KCV7TR, STM32WB09KEV6TR, STM32WB09KEV7TR, STM32WB09TEF6TR, STM32WB09TEF7TR, STM32WB1MMCH6, STM32WBA50KGU6, STM32WBA50KGU6TR, STM32WBA52CEU6, STM32WBA52CEU6TR, STM32WBA52CEU7, STM32WBA52CEU7TR, STM32WBA52CGU6, STM32WBA52CGU6TR, STM32WBA52CGU6U, STM32WBA52CGU7, STM32WBA52CGU7TR, STM32WBA52KEU6, STM32WBA52KEU6TR, STM32WBA52KGU6, STM32WBA52KGU6TR, STM32WBA54CEU6, STM32WBA54CEU6TR, STM32WBA54CEU7, STM32WBA54CEU7TR, STM32WBA54CGU6, STM32WBA54CGU6TR, STM32WBA54CGU7, STM32WBA54CGU7TR, STM32WBA54KEU6, STM32WBA54KEU6TR, STM32WBA54KEU7, STM32WBA54KEU7TR, STM32WBA54KGU6, STM32WBA54KGU6TR, STM32WBA54KGU7, STM32WBA54KGU7TR, STM32WBA55CEU6, STM32WBA55CEU6TR, STM32WBA55CEU7, STM32WBA55CEU7TR, STM32WBA55CGU6, STM32WBA55CGU6TR, STM32WBA55CGU6U, STM32WBA55CGU7, STM32WBA55CGU7TR, STM32WBA55G-DK1, STM32WBA55HEF6, STM32WBA55HEF7, STM32WBA55HGF6, STM32WBA55HGF7, STM32WBA55UEI6, STM32WBA55UEI6TR, STM32WBA55UEI7, STM32WBA55UEI7TR, STM32WBA55UGI6, STM32WBA55UGI6TR, STM32WBA55UGI7, STM32WBA55UGI7TR, STM32WBA5MMGH6TR, STM32WBA62MGF6, STM32WBA62MIF6, STM32WBA65MGF7, STM32WBA65MIF6, STM32WBA65MIF7, STM32WL30K8V6, STM32WL30KBV6, STM32WL31C8V6, STM32WL31CBV6, STM32WL31K8V6, STM32WL31KBV6, STM32WL33C8V6, STM32WL33C8V6X, STM32WL33CBV6, STM32WL33CBV6X, STM32WL33CCV6, STM32WL33CCV6A, STM32WL33CCV6X, STM32WL33K8V7, STM32WL33K8V7X, STM32WL33KBV7 , STM32WL33KBV7X, STM32WL33KCV7, STM32WL33KCV7X, STM32WL5MOCH6, STM32WL5MOCH6TR]
2026-07-10 17:12:48,220 [INFO] BoardInfo:889 - No configuration file found for board NUCLEO-H5E5ZJ
2026-07-10 17:12:48,220 [INFO] DbBoards:161 - Board is not supported: NUCLEO-H5E5ZJ
2026-07-10 17:12:48,243 [INFO] BoardInfo:889 - No configuration file found for board NUCLEO-U3C5ZI-Q
2026-07-10 17:12:48,243 [INFO] DbBoards:161 - Board is not supported: NUCLEO-U3C5ZI-Q
2026-07-10 17:12:48,249 [INFO] BoardInfo:889 - No configuration file found for board NUCLEO-WBA25CE1
2026-07-10 17:12:48,249 [INFO] DbBoards:161 - Board is not supported: NUCLEO-WBA25CE1
2026-07-10 17:12:48,253 [INFO] BoardInfo:889 - No configuration file found for board NUCLEO-WL3RKB1
2026-07-10 17:12:48,253 [INFO] DbBoards:161 - Board is not supported: NUCLEO-WL3RKB1
2026-07-10 17:12:48,254 [INFO] BoardInfo:889 - No configuration file found for board NUCLEO-WL3RKB2
2026-07-10 17:12:48,254 [INFO] DbBoards:161 - Board is not supported: NUCLEO-WL3RKB2
2026-07-10 17:12:48,258 [INFO] BoardInfo:889 - No configuration file found for board P-NUCLEO-WB55
2026-07-10 17:12:48,258 [INFO] DbBoards:161 - Kit is not supported: P-NUCLEO-WB55
2026-07-10 17:12:48,261 [INFO] BoardInfo:889 - No configuration file found for board STEVAL-BFA001V1B
2026-07-10 17:12:48,261 [INFO] DbBoards:161 - Kit is not supported: STEVAL-BFA001V1B
2026-07-10 17:12:48,262 [INFO] BoardInfo:889 - No configuration file found for board STEVAL-BFA001V2B
2026-07-10 17:12:48,262 [INFO] DbBoards:161 - Kit is not supported: STEVAL-BFA001V2B
2026-07-10 17:12:48,298 [INFO] BoardInfo:889 - No configuration file found for board STM32H5F5J-DK
2026-07-10 17:12:48,298 [INFO] DbBoards:161 - Board is not supported: STM32H5F5J-DK
2026-07-10 17:12:48,325 [INFO] DbBoards:168 - Found 218 boards, 209 are supported
2026-07-10 17:12:48,325 [INFO] DbBoards:169 - Found 218 boards, 43 of them is supported for  Bsp
2026-07-10 17:12:48,326 [INFO] ApiDb:423 - Load user favorites file /home/anton/.stm32cubeide/favorites.boards.txt: 0 item(s)
2026-07-10 17:12:48,327 [INFO] ApiDb:427 - User favorites Boards=[]
2026-07-10 17:12:48,327 [INFO] DbBoards:198 - Set 0 / 0 favorites Boards
2026-07-10 17:12:48,329 [ERROR] TargetSelectorAdapter:267 - Unable to refresh data
2026-07-10 17:12:48,376 [INFO] McuFinderGlobals:76 - Set McuFinderConnectedMode to true
2026-07-10 17:12:48,382 [INFO] MultiScanPanel:200 - Auto-refresh data requested => check proxy status ongoing
2026-07-10 17:12:48,383 [INFO] FinderPluginLoader:96 - Searching for filters in installed packs
2026-07-10 17:12:49,502 [INFO] LoadUrlFilesThread:185 - End of LoadServerUrlFiles without Thread
2026-07-10 17:12:49,509 [INFO] DetailPanel:341 - Set advertising image to /home/anton/STM32Cube/Repository//en.prom-stm32wl3r-0526.jpg
2026-07-10 17:12:52,822 [INFO] MultiScanPanel:200 - Auto-refresh data requested => check proxy status ongoing
2026-07-10 17:12:52,901 [INFO] LoadUrlFilesThread:185 - End of LoadServerUrlFiles without Thread
2026-07-10 17:12:52,902 [INFO] DetailPanel:341 - Set advertising image to /home/anton/STM32Cube/Repository//en.prom-stm32wl3r-0526.jpg
2026-07-10 17:12:52,910 [INFO] DbBoards:642 - Loading board mini-images...
2026-07-10 17:12:54,264 [INFO] DbBoards:665 - Loaded 218 board mini-images
2026-07-10 17:13:29,271 [INFO] McuFinderGlobals:76 - Set McuFinderConnectedMode to true
2026-07-10 17:13:29,275 [INFO] ApiDb:448 - Save user favorites file /home/anton/.stm32cubeide/favorites.mcus.txt: 0 item(s)
2026-07-10 17:13:29,275 [INFO] ApiDb:452 - User favorites MCUs=[]
2026-07-10 17:13:29,277 [INFO] ApiDb:448 - Save user favorites file /home/anton/.stm32cubeide/favorites.boards.txt: 0 item(s)
2026-07-10 17:13:29,277 [INFO] ApiDb:452 - User favorites Boards=[]
2026-07-10 17:23:54,612 [INFO] MainUpdater:2872 - connection check result : 10
2026-07-10 17:23:54,613 [INFO] McuFinderGlobals:76 - Set McuFinderConnectedMode to true
2026-07-10 17:23:55,836 [INFO] ServerAccessManage:452 - Complete download http(s) 200
2026-07-10 17:23:55,837 [INFO] ServerAccessManage:509 - Download File mcusAds.json._tmp_
2026-07-10 17:23:55,940 [INFO] LoadUrlFilesThread:156 - End of LoadUrlFiles Thread
2026-07-10 17:23:56,488 [INFO] ServerAccessManage:452 - Complete download http(s) 200
2026-07-10 17:23:56,489 [INFO] ServerAccessManage:509 - Download File cube-finder-db.zip
2026-07-10 17:24:31,749 [INFO] FileExtend:248 - Unzip File : cube-finder-db.zip
2026-07-10 17:24:31,749 [INFO] FileExtend:263 - Standard Zip Deflate
2026-07-10 17:24:32,376 [INFO] LoadUrlFilesThread:156 - End of LoadUrlFiles Thread
2026-07-10 17:25:18,134 [WARN] ServerAccessManage:1291 - Warning during Server Connection :  timeout Connect timed out
2026-07-10 17:26:03,187 [WARN] ServerAccessManage:1291 - Warning during Server Connection :  timeout Connect timed out
2026-07-10 17:26:03,187 [ERROR] ServerAccessManage:740 - Problem, Http timeout : crdb.zip.
2026-07-10 17:26:34,177 [INFO] LoadUrlFilesThread:156 - End of LoadUrlFiles Thread
2026-07-10 17:26:35,424 [INFO] DbMcusAds:53 - JSON generation date=Thu May 28 21:38:16 IST 2026 (1779984496216)
2026-07-10 17:26:35,427 [INFO] ApiDb:448 - Save user favorites file /home/anton/.stm32cubeide/favorites.mcus.txt: 0 item(s)
2026-07-10 17:26:35,427 [INFO] ApiDb:452 - User favorites MCUs=[]
2026-07-10 17:26:35,429 [INFO] ApiDb:581 - Connected to CubeFinder SQLite database (/home/anton/.stmcufinder/plugins/mcufinder/mcu/cube-finder-db.db)
2026-07-10 17:26:35,458 [INFO] ApiDb:668 - CubeFinder database Data Model version=2.1
2026-07-10 17:26:35,458 [INFO] ApiDb:669 - CubeFinder database Configuration version=3.0.42
2026-07-10 17:26:35,458 [INFO] ApiDb:670 - CubeFinder database generation date=2026-06-23 (1782213372)
2026-07-10 17:26:35,458 [INFO] ApiDb:671 - CubeFinder database FW Pack versions=[FP-ATR-ASTRA1_V2.0.0, FP-SNS-FLIGHT1_V5.1.0, FP-SNS-MOTENV1_V5.1.0, FP-SNS-MOTENVWB1_V1.5.0, FP-SNS-SMARTAG2_V1.2.0, FP-SNS-STBOX1_V2.1.0, STM32Cube_FW_C0_V1.4.0, STM32Cube_FW_F4_V1.28.3, STM32Cube_FW_F7_V1.17.4, STM32Cube_FW_G0_V1.6.3, STM32Cube_FW_G4_V1.6.2, STM32Cube_FW_H5_V1.7.0, STM32Cube_FW_H7RS_V1.3.0, STM32Cube_FW_H7_V1.13.0, STM32Cube_FW_L0_V1.12.2, STM32Cube_FW_L4_V1.18.2, STM32Cube_FW_L5_V1.6.0, STM32Cube_FW_N6_V1.4.0, STM32Cube_FW_U0_V1.3.0, STM32Cube_FW_U3_V1.4.0, STM32Cube_FW_U5_V1.9.0, STM32Cube_FW_WB0_V1.5.0, STM32Cube_FW_WBA_V1.10.0, STM32Cube_FW_WB_V1.24.0, STM32Cube_FW_WL3_V1.5.0, STM32Cube_FW_WL_V1.6.0, X-CUBE-ALGOBUILD_V1.5.0, X-CUBE-ALS_V1.0.2, X-CUBE-AZRTOS-F4_V1.1.0, X-CUBE-AZRTOS-F7_V1.1.0, X-CUBE-AZRTOS-G0_V1.1.0, X-CUBE-AZRTOS-G4_V2.0.0, X-CUBE-AZRTOS-H7RS_V1.1.0, X-CUBE-AZRTOS-H7_V3.5.0, X-CUBE-AZRTOS-L4_V2.0.0, X-CUBE-AZRTOS-L5_V2.0.0, X-CUBE-AZRTOS-WB_V2.0.0, X-CUBE-AZRTOS-WL_V2.0.0, X-CUBE-BLE1_V7.1.0, X-CUBE-BLE2_V3.3.0, X-CUBE-BLEMGR_V4.1.0, X-CUBE-EEPRMA1_V5.2.0, X-CUBE-FREERTOS_V1.5.0, X-CUBE-GNSS1_V7.1.1, X-CUBE-MEMS1_V12.1.0, X-CUBE-NFC4_V3.0.0, X-CUBE-NFC7_V2.0.0, X-CUBE-SFXS2LP1_V4.0.0, X-CUBE-ST67W61_V1.3.0, X-CUBE-SUBG2_V5.0.0, X-CUBE-TOF1_V3.4.3]
2026-07-10 17:26:37,222 [INFO] ApiDb:240 - Found 880 in-development CPN: [B-G473E-ZEST1S, B-WB1M-WPAN1, B-WBA5M-WPAN, B-WL5M-SUBG1, NUCLEO-C031C6, NUCLEO-C051C8, NUCLEO-C071RB, NUCLEO-C092RC, NUCLEO-H503RB, NUCLEO-H533RE, NUCLEO-H563ZI, NUCLEO-H7S3L8, NUCLEO-N657X0-Q, NUCLEO-U031R8, NUCLEO-U083RC, NUCLEO-U385RG-Q, NUCLEO-U545RE-Q, NUCLEO-U5A5ZJ-Q, NUCLEO-WB05KZ, NUCLEO-WB07CC, NUCLEO-WB09KE, NUCLEO-WBA52CG, NUCLEO-WBA55CG, NUCLEO-WL33CC1, NUCLEO-WL33CC2, STEVAL-PROTEUS1, STEVAL-SMARTAG2, STEVAL-STWINBX1, STM320518-EVAL, STM32C0116-DK, STM32C011D6Y3TR, STM32C011D6Y6TR, STM32C011F4P3, STM32C011F4P6, STM32C011F4U3, STM32C011F4U6TR, STM32C011F6P3, STM32C011F6P6, STM32C011F6U3, STM32C011F6U6TR, STM32C011J4M3, STM32C011J4M6, STM32C011J6M3, STM32C011J6M6, STM32C0316-DK, STM32C031C4T3, STM32C031C4T6, STM32C031C4U3, STM32C031C4U6, STM32C031C6T3, STM32C031C6T6, STM32C031C6U3, STM32C031C6U6, STM32C031F4P3, STM32C031F4P6, STM32C031F6P3, STM32C031F6P6, STM32C031G4U3, STM32C031G4U6, STM32C031G6U3, STM32C031G6U6, STM32C031K4T3, STM32C031K4T6, STM32C031K4U3, STM32C031K4U6, STM32C031K6T3, STM32C031K6T6, STM32C031K6U3, STM32C031K6U6, STM32C051C6T6, STM32C051C6U6, STM32C051C8T6, STM32C051C8U6, STM32C051D8Y6TR, STM32C051F6P6, STM32C051F8P6, STM32C051G6U6, STM32C051G8U6, STM32C051K6T6, STM32C051K6U6, STM32C051K8T6, STM32C071C8T6, STM32C071C8T6N, STM32C071C8U6, STM32C071C8U6N, STM32C071CBT6, STM32C071CBT6N, STM32C071CBU6, STM32C071CBU6N, STM32C071F8P6, STM32C071F8P6N, STM32C071FBP6, STM32C071FBP6N, STM32C071FBY6TR, STM32C071G8U6, STM32C071G8U6N, STM32C071GBU6, STM32C071GBU6N, STM32C071K8T6, STM32C071K8T6N, STM32C071K8U6, STM32C071K8U6N, STM32C071KBT6, STM32C071KBT6N, STM32C071KBU6, STM32C071KBU6N, STM32C071R8T6, STM32C071R8T6N, STM32C071RBI6N, STM32C071RBT6, STM32C071RBT6N, STM32C091CBT6, STM32C091CBU6, STM32C091CCT6, STM32C091CCU6, STM32C091ECY6TR, STM32C091FBP6, STM32C091FCP6, STM32C091GBU6, STM32C091GCU6, STM32C091KBT6, STM32C091KBU6, STM32C091KCT6, STM32C091KCU6, STM32C091RBT6, STM32C091RCI6, STM32C091RCT6, STM32C092CBT6, STM32C092CBU6, STM32C092CCT6, STM32C092CCU6, STM32C092ECY6TR, STM32C092FBP6, STM32C092FCP6, STM32C092GBU6, STM32C092GCU6, STM32C092KBT6, STM32C092KBU6, STM32C092KCT6, STM32C092KCU6, STM32C092RBT6, STM32C092RCI6, STM32C092RCT6, STM32G071K8TXN, STM32G071K8UXN, STM32G081GBU6N, STM32G081KBT6N, STM32G081KBUXN, STM32G0B1CCT6N, STM32G0B1KCT6, STM32G0B1NEY6TR, STM32G0B1RCT6N, STM32G0C1CCT6, STM32G0C1CCT6N, STM32G0C1CCU6N, STM32G0C1CET6N, STM32G0C1CEU6N, STM32G0C1KCT6, STM32G0C1NEY6TR, STM32G0C1RCI6N, STM32G0C1RCT6N, STM32G0C1REI6N, STM32G0C1RET6N, STM32G0C1VCI6, STM32G0C1VEI6, STM32G411C6T3, STM32G411C6T6, STM32G411C6U3, STM32G411C6U6, STM32G411C8T3, STM32G411C8T6, STM32G411C8U3, STM32G411C8U6, STM32G411CBT3, STM32G411CBT6, STM32G411CBU3, STM32G411CBU6, STM32G411K6T3, STM32G411K6T6, STM32G411K6U3, STM32G411K6U6, STM32G411K8T3, STM32G411K8T6, STM32G411K8U3, STM32G411K8U6, STM32G411KBT3, STM32G411KBT6, STM32G411KBU3, STM32G411KBU6, STM32G411M6T3, STM32G411M6T6, STM32G411M8T3, STM32G411M8T6, STM32G411MBT3, STM32G411MBT6, STM32G411R6T3, STM32G411R6T6, STM32G411R8T3, STM32G411R8T6, STM32G411RBT3, STM32G411RBT6, STM32G414CBT3, STM32G414CBT6, STM32G414CBU3, STM32G414CBU6, STM32G414CCT3, STM32G414CCT6, STM32G414CCU3, STM32G414CCU6, STM32G414MBT3, STM32G414MBT6, STM32G414MCT3, STM32G414MCT6, STM32G414RBT3, STM32G414RBT6, STM32G414RCT3, STM32G414RCT6, STM32G414VBT3, STM32G414VBT6, STM32G414VCT3, STM32G414VCT6, STM32G431CBT3Z, STM32G431RBT3Z, STM32G471CCT6, STM32G471CCU6, STM32G471CET3, STM32G471CET6, STM32G471CEU3, STM32G471CEU6, STM32G471MCT6, STM32G471MET3, STM32G471MET6, STM32G471MEY6TR, STM32G471QCT6, STM32G471QET3, STM32G471RCT6, STM32G471RET3, STM32G471RET6, STM32G471VCH6, STM32G471VCI6, STM32G471VCT6, STM32G471VEH3, STM32G471VEH6, STM32G471VEI3, STM32G471VEI6, STM32G471VET3, STM32G471VET6, STM32G473QET3Z, STM32G473RET3Z, STM32G474CCT6, STM32G491RET3Z, STM32H503CBT6, STM32H503CBU6, STM32H503EBY6TR, STM32H503KBU6, STM32H503RBT6, STM32H523CCT6, STM32H523CCU6, STM32H523CET6, STM32H523CEU6, STM32H523HEY6TR, STM32H523RCT6, STM32H523RET6, STM32H523VCI6, STM32H523VCT6, STM32H523VEI6, STM32H523VET6, STM32H523ZCJ6, STM32H523ZCT6, STM32H523ZEJ6, STM32H523ZET6, STM32H533CET6, STM32H533CEU6, STM32H533HEY6TR, STM32H533RET6, STM32H533VEI6, STM32H533VET6, STM32H533ZEJ6, STM32H533ZET6, STM32H562AGI6, STM32H562AII6, STM32H562IGK6, STM32H562IGT6, STM32H562IIK6, STM32H562IIT6, STM32H562RGT6, STM32H562RGV6, STM32H562RIT6, STM32H562RIV6, STM32H562VGT6, STM32H562VIT6, STM32H562ZGT6, STM32H562ZIT6, STM32H563AGI6, STM32H563AII3Q, STM32H563AII6, STM32H563IGK6, STM32H563IGT6, STM32H563IIK3Q, STM32H563IIK6, STM32H563IIT3Q, STM32H563IIT6, STM32H563MIY3QTR, STM32H563RGT6, STM32H563RGV6, STM32H563RIT6, STM32H563RIV6, STM32H563VGT6, STM32H563VIT3Q, STM32H563VIT6, STM32H563ZGT6, STM32H563ZIT3Q, STM32H563ZIT6, STM32H573AII3Q, STM32H573AII6, STM32H573I-DK, STM32H573IIK3Q, STM32H573IIK6, STM32H573IIT3Q, STM32H573IIT6, STM32H573MIY3QTR, STM32H573RIT6, STM32H573RIV6, STM32H573VIT3Q, STM32H573VIT6, STM32H573ZIT3Q, STM32H573ZIT6, STM32H7R3A8I6, STM32H7R3I8K6, STM32H7R3I8T6, STM32H7R3L8H6, STM32H7R3L8H6H, STM32H7R3R8V6, STM32H7R3V8H6, STM32H7R3V8T6, STM32H7R3V8Y6TR, STM32H7R3Z8J6, STM32H7R3Z8T6, STM32H7R7A8I6, STM32H7R7I8K6, STM32H7R7I8T6, STM32H7R7L8H6, STM32H7R7L8H6H, STM32H7R7Z8J6, STM32H7S3A8I6, STM32H7S3I8K6, STM32H7S3I8T6, STM32H7S3L8H6, STM32H7S3L8H6H, STM32H7S3R8V6, STM32H7S3V8H6, STM32H7S3V8T6, STM32H7S3V8Y6TR, STM32H7S3Z8J6, STM32H7S3Z8T6, STM32H7S78-DK, STM32H7S7A8I6, STM32H7S7I8K6, STM32H7S7I8T6, STM32H7S7L8H6, STM32H7S7L8H6H, STM32H7S7Z8J6, STM32L4R5QGI6STR, STM32MP131AAE3, STM32MP131AAF3, STM32MP131AAG3, STM32MP131CAE3, STM32MP131CAF3, STM32MP131CAG3, STM32MP131DAE7, STM32MP131DAF7, STM32MP131DAG7, STM32MP131FAE7, STM32MP131FAF7, STM32MP131FAG7, STM32MP133AAE3, STM32MP133AAF3, STM32MP133AAG3, STM32MP133CAE3, STM32MP133CAF3, STM32MP133CAG3, STM32MP133DAE7, STM32MP133DAF7, STM32MP133DAG7, STM32MP133FAE7, STM32MP133FAF7, STM32MP133FAG7, STM32MP135AAE3, STM32MP135AAF3, STM32MP135AAG3, STM32MP135CAE3, STM32MP135CAF3, STM32MP135CAG3, STM32MP135DAE7, STM32MP135DAF7, STM32MP135DAG7, STM32MP135F-DK, STM32MP135FAE7, STM32MP135FAF7, STM32MP135FAF7T, STM32MP135FAF7U, STM32MP135FAG7, STM32MP211AAL3, STM32MP211AAM3, STM32MP211AAN3, STM32MP211AAO3, STM32MP211CAL3, STM32MP211CAM3, STM32MP211CAN3, STM32MP211CAO3, STM32MP211DAL3, STM32MP211DAM3, STM32MP211DAN3, STM32MP211DAO3, STM32MP211FAL3, STM32MP211FAM3, STM32MP211FAN3, STM32MP211FAO3, STM32MP213AAL3, STM32MP213AAM3, STM32MP213AAN3, STM32MP213AAO3, STM32MP213CAL3, STM32MP213CAM3, STM32MP213CAN3, STM32MP213CAO3, STM32MP213DAL3, STM32MP213DAM3, STM32MP213DAN3, STM32MP213DAO3, STM32MP213FAL3, STM32MP213FAM3, STM32MP213FAN3, STM32MP213FAO3, STM32MP215AAL3, STM32MP215AAM3, STM32MP215AAN3, STM32MP215AAO3, STM32MP215CAL3, STM32MP215CAM3, STM32MP215CAN3, STM32MP215CAO3, STM32MP215DAL3, STM32MP215DAM3, STM32MP215DAN3, STM32MP215DAO3, STM32MP215F-DK, STM32MP215FAL3, STM32MP215FAM3, STM32MP215FAN3, STM32MP215FAO3, STM32MP231AAJ3, STM32MP231AAK3, STM32MP231AAL3, STM32MP231CAJ3, STM32MP231CAK3, STM32MP231CAL3, STM32MP231DAJ3, STM32MP231DAK3, STM32MP231DAL3, STM32MP231FAJ3, STM32MP231FAK3, STM32MP231FAL3, STM32MP233AAJ3, STM32MP233AAK3, STM32MP233AAL3, STM32MP233CAJ3, STM32MP233CAK3, STM32MP233CAL3, STM32MP233DAJ3, STM32MP233DAK3, STM32MP233DAL3, STM32MP233FAJ3, STM32MP233FAK3, STM32MP233FAL3, STM32MP235AAJ3, STM32MP235AAK3, STM32MP235AAL3, STM32MP235CAJ3, STM32MP235CAK3, STM32MP235CAL3, STM32MP235DAJ3, STM32MP235DAK3, STM32MP235DAL3, STM32MP235FAJ3, STM32MP235FAK3, STM32MP235FAL3, STM32MP251AAI3, STM32MP251AAK3, STM32MP251AAL3, STM32MP251CAI3, STM32MP251CAK3, STM32MP251CAL3, STM32MP251DAI3, STM32MP251DAK3, STM32MP251DAL3, STM32MP251FAI3, STM32MP251FAK3, STM32MP251FAL3, STM32MP253AAI3, STM32MP253AAK3, STM32MP253AAL3, STM32MP253CAI3, STM32MP253CAK3, STM32MP253CAL3, STM32MP253DAI3, STM32MP253DAK3, STM32MP253DAL3, STM32MP253FAI3, STM32MP253FAK3, STM32MP253FAL3, STM32MP255AAI3, STM32MP255AAK3, STM32MP255AAL3, STM32MP255CAI3, STM32MP255CAK3, STM32MP255CAL3, STM32MP255DAI3, STM32MP255DAK3, STM32MP255DAL3, STM32MP255FAI3, STM32MP255FAK3, STM32MP255FAL3, STM32MP257AAI3, STM32MP257AAK3, STM32MP257AAL3, STM32MP257CAI3, STM32MP257CAK3, STM32MP257CAL3, STM32MP257DAI3, STM32MP257DAK3, STM32MP257DAL3, STM32MP257F-DK, STM32MP257F-EV1, STM32MP257FAI3, STM32MP257FAK3, STM32MP257FAL3, STM32N645A0H3Q, STM32N645B0H3Q, STM32N645I0H3Q, STM32N645L0H3Q, STM32N645X0H3Q, STM32N645Z0H3Q, STM32N647A0H3Q, STM32N647B0H3Q, STM32N647I0H3Q, STM32N647L0H3Q, STM32N647X0H3Q, STM32N647Z0H3Q, STM32N655A0H3Q, STM32N655B0H3Q, STM32N655I0H3Q, STM32N655L0H3Q, STM32N655X0H3Q, STM32N655Z0H3Q, STM32N6570-DK, STM32N657A0H3Q, STM32N657B0H3Q, STM32N657I0H3Q, STM32N657L0H3Q, STM32N657X0H3Q, STM32N657Z0H3Q, STM32U031C6T6, STM32U031C6U6, STM32U031C8T6, STM32U031C8U6, STM32U031F4P6, STM32U031F6P6, STM32U031F8P6, STM32U031G6Y6TR, STM32U031G8Y6TR, STM32U031K4U6, STM32U031K6U6, STM32U031K8U6, STM32U031R6I6, STM32U031R6T6, STM32U031R8I6, STM32U031R8T6, STM32U073C8T6, STM32U073C8U6, STM32U073CBT6, STM32U073CBU6, STM32U073CCT6, STM32U073CCU6, STM32U073H8Y6TR, STM32U073HBY6TR, STM32U073HCY6TR, STM32U073K8U6, STM32U073KBU6, STM32U073KCU6, STM32U073M8I6, STM32U073M8T6, STM32U073MBI6, STM32U073MBT6, STM32U073MCI6, STM32U073MCT6, STM32U073R8I6, STM32U073R8T6, STM32U073RBI6, STM32U073RBT6, STM32U073RCI6, STM32U073RCT6, STM32U083C-DK, STM32U083CCT6, STM32U083CCU6, STM32U083HCY6TR, STM32U083KCU6, STM32U083MCI6, STM32U083MCT6, STM32U083RCI6, STM32U083RCT6, STM32U375CET6, STM32U375CET6Q, STM32U375CEU6, STM32U375CEU6Q, STM32U375CEY6QTR, STM32U375CGT6, STM32U375CGT6Q, STM32U375CGU6, STM32U375CGU6Q, STM32U375CGY6QTR, STM32U375KEU6, STM32U375KGU6, STM32U375REI6, STM32U375REI6Q, STM32U375RET6, STM32U375RET6Q, STM32U375REY6GTR, STM32U375REY6QTR, STM32U375RGI6, STM32U375RGI6Q, STM32U375RGT6, STM32U375RGT6Q, STM32U375RGY6GTR, STM32U375RGY6QTR, STM32U375VEI6, STM32U375VEI6Q, STM32U375VET6, STM32U375VET6Q, STM32U375VGI6, STM32U375VGI6Q, STM32U375VGT6, STM32U375VGT6Q, STM32U385CGT6, STM32U385CGT6Q, STM32U385CGU6, STM32U385CGU6Q, STM32U385CGY6QTR, STM32U385KGU6, STM32U385RGI6, STM32U385RGI6Q, STM32U385RGT6, STM32U385RGT6Q, STM32U385RGY6GTR, STM32U385RGY6QTR, STM32U385VGI6, STM32U385VGI6Q, STM32U385VGT6, STM32U385VGT6Q, STM32U535CBT6, STM32U535CBT6Q, STM32U535CBU6, STM32U535CBU6Q, STM32U535CCT6, STM32U535CCT6Q, STM32U535CCU6, STM32U535CCU6Q, STM32U535CET6, STM32U535CET6Q, STM32U535CEU6, STM32U535CEU6Q, STM32U535JEY6QTR, STM32U535NCY6QTR, STM32U535NEY6QTR, STM32U535RBI6, STM32U535RBI6Q, STM32U535RBT6, STM32U535RBT6Q, STM32U535RCI6, STM32U535RCI6Q, STM32U535RCT6, STM32U535RCT6Q, STM32U535REI6, STM32U535REI6Q, STM32U535RET6, STM32U535RET6Q, STM32U535VCI6, STM32U535VCI6Q, STM32U535VCT6, STM32U535VCT6Q, STM32U535VEI6, STM32U535VEI6Q, STM32U535VET6, STM32U535VET6Q, STM32U545CET6, STM32U545CET6Q, STM32U545CEU6, STM32U545CEU6Q, STM32U545JEY6QTR, STM32U545NEY6QTR, STM32U545REI6, STM32U545REI6Q, STM32U545RET6, STM32U545RET6Q, STM32U545VEI6, STM32U545VEI6Q, STM32U545VET6, STM32U545VET6Q, STM32U595AIH6, STM32U595AIH6Q, STM32U595AJH6, STM32U595AJH6Q, STM32U595QII6, STM32U595QII6Q, STM32U595QJI6, STM32U595QJI6Q, STM32U595RIT6, STM32U595RIT6Q, STM32U595RJT6, STM32U595RJT6Q, STM32U595VIT6, STM32U595VIT6Q, STM32U595VJT6, STM32U595VJT6Q, STM32U595ZIT6, STM32U595ZIT6Q, STM32U595ZIY6QTR, STM32U595ZJT6, STM32U595ZJT6Q, STM32U595ZJY6QTR, STM32U599BJY6QTR, STM32U599NIH6Q, STM32U599NJH6Q, STM32U599VIT6Q, STM32U599VJT6, STM32U599VJT6Q, STM32U599ZIT6Q, STM32U599ZIY6QTR, STM32U599ZJT6Q, STM32U599ZJY6QTR, STM32U5A5AJH6, STM32U5A5AJH6Q, STM32U5A5QII3Q , STM32U5A5QJI6, STM32U5A5QJI6Q, STM32U5A5RJT6, STM32U5A5RJT6Q, STM32U5A5VJT6, STM32U5A5VJT6Q, STM32U5A5ZJT6, STM32U5A5ZJT6Q, STM32U5A5ZJY6QTR, STM32U5A9BJY6QTR, STM32U5A9J-DK, STM32U5A9NJH6Q, STM32U5A9VJT6Q, STM32U5A9ZJT6Q, STM32U5A9ZJY6QTR, STM32U5F7VIT6, STM32U5F7VIT6Q, STM32U5F7VJT6, STM32U5F7VJT6Q, STM32U5F9BJY6QTR, STM32U5F9NJH6Q, STM32U5F9VIT6Q, STM32U5F9VJT6Q, STM32U5F9ZIJ6QTR, STM32U5F9ZIT6Q, STM32U5F9ZJJ6QTR, STM32U5F9ZJT6Q, STM32U5G7VJT6, STM32U5G7VJT6Q, STM32U5G9BJY6QTR, STM32U5G9J-DK1, STM32U5G9J-DK2, STM32U5G9NJH6Q, STM32U5G9VJT6Q, STM32U5G9ZJJ6QTR, STM32U5G9ZJT6Q, STM32WB05KZV6TR, STM32WB05KZV7TR, STM32WB05TZF6TR, STM32WB05TZF7TR, STM32WB06CCF6TR, STM32WB06CCF7TR, STM32WB06CCV6TR, STM32WB06CCV7TR, STM32WB06KCV6TR, STM32WB06KCV7TR, STM32WB07CCF6TR, STM32WB07CCF7TR, STM32WB07CCV6TR, STM32WB07CCV7TR, STM32WB07KCV6TR, STM32WB07KCV7TR, STM32WB09KEV6TR, STM32WB09KEV7TR, STM32WB09TEF6TR, STM32WB09TEF7TR, STM32WB1MMCH6, STM32WBA50KGU6, STM32WBA50KGU6TR, STM32WBA52CEU6, STM32WBA52CEU6TR, STM32WBA52CEU7, STM32WBA52CEU7TR, STM32WBA52CGU6, STM32WBA52CGU6TR, STM32WBA52CGU6U, STM32WBA52CGU7, STM32WBA52CGU7TR, STM32WBA52KEU6, STM32WBA52KEU6TR, STM32WBA52KGU6, STM32WBA52KGU6TR, STM32WBA54CEU6, STM32WBA54CEU6TR, STM32WBA54CEU7, STM32WBA54CEU7TR, STM32WBA54CGU6, STM32WBA54CGU6TR, STM32WBA54CGU7, STM32WBA54CGU7TR, STM32WBA54KEU6, STM32WBA54KEU6TR, STM32WBA54KEU7, STM32WBA54KEU7TR, STM32WBA54KGU6, STM32WBA54KGU6TR, STM32WBA54KGU7, STM32WBA54KGU7TR, STM32WBA55CEU6, STM32WBA55CEU6TR, STM32WBA55CEU7, STM32WBA55CEU7TR, STM32WBA55CGU6, STM32WBA55CGU6TR, STM32WBA55CGU6U, STM32WBA55CGU7, STM32WBA55CGU7TR, STM32WBA55G-DK1, STM32WBA55HEF6, STM32WBA55HEF7, STM32WBA55HGF6, STM32WBA55HGF7, STM32WBA55UEI6, STM32WBA55UEI6TR, STM32WBA55UEI7, STM32WBA55UEI7TR, STM32WBA55UGI6, STM32WBA55UGI6TR, STM32WBA55UGI7, STM32WBA55UGI7TR, STM32WBA5MMGH6TR, STM32WBA62MGF6, STM32WBA62MIF6, STM32WBA65MGF7, STM32WBA65MIF6, STM32WBA65MIF7, STM32WL30K8V6, STM32WL30KBV6, STM32WL31C8V6, STM32WL31CBV6, STM32WL31K8V6, STM32WL31KBV6, STM32WL33C8V6, STM32WL33C8V6X, STM32WL33CBV6, STM32WL33CBV6X, STM32WL33CCV6, STM32WL33CCV6A, STM32WL33CCV6X, STM32WL33K8V7, STM32WL33K8V7X, STM32WL33KBV7 , STM32WL33KBV7X, STM32WL33KCV7, STM32WL33KCV7X, STM32WL5MOCH6, STM32WL5MOCH6TR]
2026-07-10 17:26:37,224 [INFO] DbMcus:218 - Found 5250 MCUs, 5097 are supported
2026-07-10 17:26:37,225 [INFO] ApiDb:423 - Load user favorites file /home/anton/.stm32cubeide/favorites.mcus.txt: 0 item(s)
2026-07-10 17:26:37,225 [INFO] ApiDb:427 - User favorites MCUs=[]
2026-07-10 17:26:37,225 [INFO] DbMcus:224 - Set 0 / 0 favorites MCUs
2026-07-10 17:26:37,471 [INFO] ApiDb:448 - Save user favorites file /home/anton/.stm32cubeide/favorites.boards.txt: 0 item(s)
2026-07-10 17:26:37,471 [INFO] ApiDb:452 - User favorites Boards=[]
2026-07-10 17:26:37,472 [INFO] ApiDb:581 - Connected to CubeFinder SQLite database (/home/anton/.stmcufinder/plugins/mcufinder/mcu/cube-finder-db.db)
2026-07-10 17:26:37,499 [INFO] ApiDb:668 - CubeFinder database Data Model version=2.1
2026-07-10 17:26:37,499 [INFO] ApiDb:669 - CubeFinder database Configuration version=3.0.42
2026-07-10 17:26:37,499 [INFO] ApiDb:670 - CubeFinder database generation date=2026-06-23 (1782213372)
2026-07-10 17:26:37,499 [INFO] ApiDb:671 - CubeFinder database FW Pack versions=[FP-ATR-ASTRA1_V2.0.0, FP-SNS-FLIGHT1_V5.1.0, FP-SNS-MOTENV1_V5.1.0, FP-SNS-MOTENVWB1_V1.5.0, FP-SNS-SMARTAG2_V1.2.0, FP-SNS-STBOX1_V2.1.0, STM32Cube_FW_C0_V1.4.0, STM32Cube_FW_F4_V1.28.3, STM32Cube_FW_F7_V1.17.4, STM32Cube_FW_G0_V1.6.3, STM32Cube_FW_G4_V1.6.2, STM32Cube_FW_H5_V1.7.0, STM32Cube_FW_H7RS_V1.3.0, STM32Cube_FW_H7_V1.13.0, STM32Cube_FW_L0_V1.12.2, STM32Cube_FW_L4_V1.18.2, STM32Cube_FW_L5_V1.6.0, STM32Cube_FW_N6_V1.4.0, STM32Cube_FW_U0_V1.3.0, STM32Cube_FW_U3_V1.4.0, STM32Cube_FW_U5_V1.9.0, STM32Cube_FW_WB0_V1.5.0, STM32Cube_FW_WBA_V1.10.0, STM32Cube_FW_WB_V1.24.0, STM32Cube_FW_WL3_V1.5.0, STM32Cube_FW_WL_V1.6.0, X-CUBE-ALGOBUILD_V1.5.0, X-CUBE-ALS_V1.0.2, X-CUBE-AZRTOS-F4_V1.1.0, X-CUBE-AZRTOS-F7_V1.1.0, X-CUBE-AZRTOS-G0_V1.1.0, X-CUBE-AZRTOS-G4_V2.0.0, X-CUBE-AZRTOS-H7RS_V1.1.0, X-CUBE-AZRTOS-H7_V3.5.0, X-CUBE-AZRTOS-L4_V2.0.0, X-CUBE-AZRTOS-L5_V2.0.0, X-CUBE-AZRTOS-WB_V2.0.0, X-CUBE-AZRTOS-WL_V2.0.0, X-CUBE-BLE1_V7.1.0, X-CUBE-BLE2_V3.3.0, X-CUBE-BLEMGR_V4.1.0, X-CUBE-EEPRMA1_V5.2.0, X-CUBE-FREERTOS_V1.5.0, X-CUBE-GNSS1_V7.1.1, X-CUBE-MEMS1_V12.1.0, X-CUBE-NFC4_V3.0.0, X-CUBE-NFC7_V2.0.0, X-CUBE-SFXS2LP1_V4.0.0, X-CUBE-ST67W61_V1.3.0, X-CUBE-SUBG2_V5.0.0, X-CUBE-TOF1_V3.4.3]
2026-07-10 17:26:37,525 [INFO] DbBoardsSqlite:226 - include board P-NUCLEO-WB55-NUCLEO as a kit item of type 'Nucleo-64'
2026-07-10 17:26:37,525 [INFO] DbBoardsSqlite:226 - include board P-NUCLEO-WB55-USBDONGLE as a kit item of type 'Nucleo USB Dongle'
2026-07-10 17:26:37,525 [INFO] DbBoardsSqlite:226 - include board STEVAL-IDP005V1 as a kit item of type 'Evaluation Board'
2026-07-10 17:26:37,525 [INFO] DbBoardsSqlite:226 - include board STEVAL-IDP005V2 as a kit item of type 'Evaluation Board'
2026-07-10 17:26:37,551 [INFO] ApiDb:240 - Found 880 in-development CPN: [B-G473E-ZEST1S, B-WB1M-WPAN1, B-WBA5M-WPAN, B-WL5M-SUBG1, NUCLEO-C031C6, NUCLEO-C051C8, NUCLEO-C071RB, NUCLEO-C092RC, NUCLEO-H503RB, NUCLEO-H533RE, NUCLEO-H563ZI, NUCLEO-H7S3L8, NUCLEO-N657X0-Q, NUCLEO-U031R8, NUCLEO-U083RC, NUCLEO-U385RG-Q, NUCLEO-U545RE-Q, NUCLEO-U5A5ZJ-Q, NUCLEO-WB05KZ, NUCLEO-WB07CC, NUCLEO-WB09KE, NUCLEO-WBA52CG, NUCLEO-WBA55CG, NUCLEO-WL33CC1, NUCLEO-WL33CC2, STEVAL-PROTEUS1, STEVAL-SMARTAG2, STEVAL-STWINBX1, STM320518-EVAL, STM32C0116-DK, STM32C011D6Y3TR, STM32C011D6Y6TR, STM32C011F4P3, STM32C011F4P6, STM32C011F4U3, STM32C011F4U6TR, STM32C011F6P3, STM32C011F6P6, STM32C011F6U3, STM32C011F6U6TR, STM32C011J4M3, STM32C011J4M6, STM32C011J6M3, STM32C011J6M6, STM32C0316-DK, STM32C031C4T3, STM32C031C4T6, STM32C031C4U3, STM32C031C4U6, STM32C031C6T3, STM32C031C6T6, STM32C031C6U3, STM32C031C6U6, STM32C031F4P3, STM32C031F4P6, STM32C031F6P3, STM32C031F6P6, STM32C031G4U3, STM32C031G4U6, STM32C031G6U3, STM32C031G6U6, STM32C031K4T3, STM32C031K4T6, STM32C031K4U3, STM32C031K4U6, STM32C031K6T3, STM32C031K6T6, STM32C031K6U3, STM32C031K6U6, STM32C051C6T6, STM32C051C6U6, STM32C051C8T6, STM32C051C8U6, STM32C051D8Y6TR, STM32C051F6P6, STM32C051F8P6, STM32C051G6U6, STM32C051G8U6, STM32C051K6T6, STM32C051K6U6, STM32C051K8T6, STM32C071C8T6, STM32C071C8T6N, STM32C071C8U6, STM32C071C8U6N, STM32C071CBT6, STM32C071CBT6N, STM32C071CBU6, STM32C071CBU6N, STM32C071F8P6, STM32C071F8P6N, STM32C071FBP6, STM32C071FBP6N, STM32C071FBY6TR, STM32C071G8U6, STM32C071G8U6N, STM32C071GBU6, STM32C071GBU6N, STM32C071K8T6, STM32C071K8T6N, STM32C071K8U6, STM32C071K8U6N, STM32C071KBT6, STM32C071KBT6N, STM32C071KBU6, STM32C071KBU6N, STM32C071R8T6, STM32C071R8T6N, STM32C071RBI6N, STM32C071RBT6, STM32C071RBT6N, STM32C091CBT6, STM32C091CBU6, STM32C091CCT6, STM32C091CCU6, STM32C091ECY6TR, STM32C091FBP6, STM32C091FCP6, STM32C091GBU6, STM32C091GCU6, STM32C091KBT6, STM32C091KBU6, STM32C091KCT6, STM32C091KCU6, STM32C091RBT6, STM32C091RCI6, STM32C091RCT6, STM32C092CBT6, STM32C092CBU6, STM32C092CCT6, STM32C092CCU6, STM32C092ECY6TR, STM32C092FBP6, STM32C092FCP6, STM32C092GBU6, STM32C092GCU6, STM32C092KBT6, STM32C092KBU6, STM32C092KCT6, STM32C092KCU6, STM32C092RBT6, STM32C092RCI6, STM32C092RCT6, STM32G071K8TXN, STM32G071K8UXN, STM32G081GBU6N, STM32G081KBT6N, STM32G081KBUXN, STM32G0B1CCT6N, STM32G0B1KCT6, STM32G0B1NEY6TR, STM32G0B1RCT6N, STM32G0C1CCT6, STM32G0C1CCT6N, STM32G0C1CCU6N, STM32G0C1CET6N, STM32G0C1CEU6N, STM32G0C1KCT6, STM32G0C1NEY6TR, STM32G0C1RCI6N, STM32G0C1RCT6N, STM32G0C1REI6N, STM32G0C1RET6N, STM32G0C1VCI6, STM32G0C1VEI6, STM32G411C6T3, STM32G411C6T6, STM32G411C6U3, STM32G411C6U6, STM32G411C8T3, STM32G411C8T6, STM32G411C8U3, STM32G411C8U6, STM32G411CBT3, STM32G411CBT6, STM32G411CBU3, STM32G411CBU6, STM32G411K6T3, STM32G411K6T6, STM32G411K6U3, STM32G411K6U6, STM32G411K8T3, STM32G411K8T6, STM32G411K8U3, STM32G411K8U6, STM32G411KBT3, STM32G411KBT6, STM32G411KBU3, STM32G411KBU6, STM32G411M6T3, STM32G411M6T6, STM32G411M8T3, STM32G411M8T6, STM32G411MBT3, STM32G411MBT6, STM32G411R6T3, STM32G411R6T6, STM32G411R8T3, STM32G411R8T6, STM32G411RBT3, STM32G411RBT6, STM32G414CBT3, STM32G414CBT6, STM32G414CBU3, STM32G414CBU6, STM32G414CCT3, STM32G414CCT6, STM32G414CCU3, STM32G414CCU6, STM32G414MBT3, STM32G414MBT6, STM32G414MCT3, STM32G414MCT6, STM32G414RBT3, STM32G414RBT6, STM32G414RCT3, STM32G414RCT6, STM32G414VBT3, STM32G414VBT6, STM32G414VCT3, STM32G414VCT6, STM32G431CBT3Z, STM32G431RBT3Z, STM32G471CCT6, STM32G471CCU6, STM32G471CET3, STM32G471CET6, STM32G471CEU3, STM32G471CEU6, STM32G471MCT6, STM32G471MET3, STM32G471MET6, STM32G471MEY6TR, STM32G471QCT6, STM32G471QET3, STM32G471RCT6, STM32G471RET3, STM32G471RET6, STM32G471VCH6, STM32G471VCI6, STM32G471VCT6, STM32G471VEH3, STM32G471VEH6, STM32G471VEI3, STM32G471VEI6, STM32G471VET3, STM32G471VET6, STM32G473QET3Z, STM32G473RET3Z, STM32G474CCT6, STM32G491RET3Z, STM32H503CBT6, STM32H503CBU6, STM32H503EBY6TR, STM32H503KBU6, STM32H503RBT6, STM32H523CCT6, STM32H523CCU6, STM32H523CET6, STM32H523CEU6, STM32H523HEY6TR, STM32H523RCT6, STM32H523RET6, STM32H523VCI6, STM32H523VCT6, STM32H523VEI6, STM32H523VET6, STM32H523ZCJ6, STM32H523ZCT6, STM32H523ZEJ6, STM32H523ZET6, STM32H533CET6, STM32H533CEU6, STM32H533HEY6TR, STM32H533RET6, STM32H533VEI6, STM32H533VET6, STM32H533ZEJ6, STM32H533ZET6, STM32H562AGI6, STM32H562AII6, STM32H562IGK6, STM32H562IGT6, STM32H562IIK6, STM32H562IIT6, STM32H562RGT6, STM32H562RGV6, STM32H562RIT6, STM32H562RIV6, STM32H562VGT6, STM32H562VIT6, STM32H562ZGT6, STM32H562ZIT6, STM32H563AGI6, STM32H563AII3Q, STM32H563AII6, STM32H563IGK6, STM32H563IGT6, STM32H563IIK3Q, STM32H563IIK6, STM32H563IIT3Q, STM32H563IIT6, STM32H563MIY3QTR, STM32H563RGT6, STM32H563RGV6, STM32H563RIT6, STM32H563RIV6, STM32H563VGT6, STM32H563VIT3Q, STM32H563VIT6, STM32H563ZGT6, STM32H563ZIT3Q, STM32H563ZIT6, STM32H573AII3Q, STM32H573AII6, STM32H573I-DK, STM32H573IIK3Q, STM32H573IIK6, STM32H573IIT3Q, STM32H573IIT6, STM32H573MIY3QTR, STM32H573RIT6, STM32H573RIV6, STM32H573VIT3Q, STM32H573VIT6, STM32H573ZIT3Q, STM32H573ZIT6, STM32H7R3A8I6, STM32H7R3I8K6, STM32H7R3I8T6, STM32H7R3L8H6, STM32H7R3L8H6H, STM32H7R3R8V6, STM32H7R3V8H6, STM32H7R3V8T6, STM32H7R3V8Y6TR, STM32H7R3Z8J6, STM32H7R3Z8T6, STM32H7R7A8I6, STM32H7R7I8K6, STM32H7R7I8T6, STM32H7R7L8H6, STM32H7R7L8H6H, STM32H7R7Z8J6, STM32H7S3A8I6, STM32H7S3I8K6, STM32H7S3I8T6, STM32H7S3L8H6, STM32H7S3L8H6H, STM32H7S3R8V6, STM32H7S3V8H6, STM32H7S3V8T6, STM32H7S3V8Y6TR, STM32H7S3Z8J6, STM32H7S3Z8T6, STM32H7S78-DK, STM32H7S7A8I6, STM32H7S7I8K6, STM32H7S7I8T6, STM32H7S7L8H6, STM32H7S7L8H6H, STM32H7S7Z8J6, STM32L4R5QGI6STR, STM32MP131AAE3, STM32MP131AAF3, STM32MP131AAG3, STM32MP131CAE3, STM32MP131CAF3, STM32MP131CAG3, STM32MP131DAE7, STM32MP131DAF7, STM32MP131DAG7, STM32MP131FAE7, STM32MP131FAF7, STM32MP131FAG7, STM32MP133AAE3, STM32MP133AAF3, STM32MP133AAG3, STM32MP133CAE3, STM32MP133CAF3, STM32MP133CAG3, STM32MP133DAE7, STM32MP133DAF7, STM32MP133DAG7, STM32MP133FAE7, STM32MP133FAF7, STM32MP133FAG7, STM32MP135AAE3, STM32MP135AAF3, STM32MP135AAG3, STM32MP135CAE3, STM32MP135CAF3, STM32MP135CAG3, STM32MP135DAE7, STM32MP135DAF7, STM32MP135DAG7, STM32MP135F-DK, STM32MP135FAE7, STM32MP135FAF7, STM32MP135FAF7T, STM32MP135FAF7U, STM32MP135FAG7, STM32MP211AAL3, STM32MP211AAM3, STM32MP211AAN3, STM32MP211AAO3, STM32MP211CAL3, STM32MP211CAM3, STM32MP211CAN3, STM32MP211CAO3, STM32MP211DAL3, STM32MP211DAM3, STM32MP211DAN3, STM32MP211DAO3, STM32MP211FAL3, STM32MP211FAM3, STM32MP211FAN3, STM32MP211FAO3, STM32MP213AAL3, STM32MP213AAM3, STM32MP213AAN3, STM32MP213AAO3, STM32MP213CAL3, STM32MP213CAM3, STM32MP213CAN3, STM32MP213CAO3, STM32MP213DAL3, STM32MP213DAM3, STM32MP213DAN3, STM32MP213DAO3, STM32MP213FAL3, STM32MP213FAM3, STM32MP213FAN3, STM32MP213FAO3, STM32MP215AAL3, STM32MP215AAM3, STM32MP215AAN3, STM32MP215AAO3, STM32MP215CAL3, STM32MP215CAM3, STM32MP215CAN3, STM32MP215CAO3, STM32MP215DAL3, STM32MP215DAM3, STM32MP215DAN3, STM32MP215DAO3, STM32MP215F-DK, STM32MP215FAL3, STM32MP215FAM3, STM32MP215FAN3, STM32MP215FAO3, STM32MP231AAJ3, STM32MP231AAK3, STM32MP231AAL3, STM32MP231CAJ3, STM32MP231CAK3, STM32MP231CAL3, STM32MP231DAJ3, STM32MP231DAK3, STM32MP231DAL3, STM32MP231FAJ3, STM32MP231FAK3, STM32MP231FAL3, STM32MP233AAJ3, STM32MP233AAK3, STM32MP233AAL3, STM32MP233CAJ3, STM32MP233CAK3, STM32MP233CAL3, STM32MP233DAJ3, STM32MP233DAK3, STM32MP233DAL3, STM32MP233FAJ3, STM32MP233FAK3, STM32MP233FAL3, STM32MP235AAJ3, STM32MP235AAK3, STM32MP235AAL3, STM32MP235CAJ3, STM32MP235CAK3, STM32MP235CAL3, STM32MP235DAJ3, STM32MP235DAK3, STM32MP235DAL3, STM32MP235FAJ3, STM32MP235FAK3, STM32MP235FAL3, STM32MP251AAI3, STM32MP251AAK3, STM32MP251AAL3, STM32MP251CAI3, STM32MP251CAK3, STM32MP251CAL3, STM32MP251DAI3, STM32MP251DAK3, STM32MP251DAL3, STM32MP251FAI3, STM32MP251FAK3, STM32MP251FAL3, STM32MP253AAI3, STM32MP253AAK3, STM32MP253AAL3, STM32MP253CAI3, STM32MP253CAK3, STM32MP253CAL3, STM32MP253DAI3, STM32MP253DAK3, STM32MP253DAL3, STM32MP253FAI3, STM32MP253FAK3, STM32MP253FAL3, STM32MP255AAI3, STM32MP255AAK3, STM32MP255AAL3, STM32MP255CAI3, STM32MP255CAK3, STM32MP255CAL3, STM32MP255DAI3, STM32MP255DAK3, STM32MP255DAL3, STM32MP255FAI3, STM32MP255FAK3, STM32MP255FAL3, STM32MP257AAI3, STM32MP257AAK3, STM32MP257AAL3, STM32MP257CAI3, STM32MP257CAK3, STM32MP257CAL3, STM32MP257DAI3, STM32MP257DAK3, STM32MP257DAL3, STM32MP257F-DK, STM32MP257F-EV1, STM32MP257FAI3, STM32MP257FAK3, STM32MP257FAL3, STM32N645A0H3Q, STM32N645B0H3Q, STM32N645I0H3Q, STM32N645L0H3Q, STM32N645X0H3Q, STM32N645Z0H3Q, STM32N647A0H3Q, STM32N647B0H3Q, STM32N647I0H3Q, STM32N647L0H3Q, STM32N647X0H3Q, STM32N647Z0H3Q, STM32N655A0H3Q, STM32N655B0H3Q, STM32N655I0H3Q, STM32N655L0H3Q, STM32N655X0H3Q, STM32N655Z0H3Q, STM32N6570-DK, STM32N657A0H3Q, STM32N657B0H3Q, STM32N657I0H3Q, STM32N657L0H3Q, STM32N657X0H3Q, STM32N657Z0H3Q, STM32U031C6T6, STM32U031C6U6, STM32U031C8T6, STM32U031C8U6, STM32U031F4P6, STM32U031F6P6, STM32U031F8P6, STM32U031G6Y6TR, STM32U031G8Y6TR, STM32U031K4U6, STM32U031K6U6, STM32U031K8U6, STM32U031R6I6, STM32U031R6T6, STM32U031R8I6, STM32U031R8T6, STM32U073C8T6, STM32U073C8U6, STM32U073CBT6, STM32U073CBU6, STM32U073CCT6, STM32U073CCU6, STM32U073H8Y6TR, STM32U073HBY6TR, STM32U073HCY6TR, STM32U073K8U6, STM32U073KBU6, STM32U073KCU6, STM32U073M8I6, STM32U073M8T6, STM32U073MBI6, STM32U073MBT6, STM32U073MCI6, STM32U073MCT6, STM32U073R8I6, STM32U073R8T6, STM32U073RBI6, STM32U073RBT6, STM32U073RCI6, STM32U073RCT6, STM32U083C-DK, STM32U083CCT6, STM32U083CCU6, STM32U083HCY6TR, STM32U083KCU6, STM32U083MCI6, STM32U083MCT6, STM32U083RCI6, STM32U083RCT6, STM32U375CET6, STM32U375CET6Q, STM32U375CEU6, STM32U375CEU6Q, STM32U375CEY6QTR, STM32U375CGT6, STM32U375CGT6Q, STM32U375CGU6, STM32U375CGU6Q, STM32U375CGY6QTR, STM32U375KEU6, STM32U375KGU6, STM32U375REI6, STM32U375REI6Q, STM32U375RET6, STM32U375RET6Q, STM32U375REY6GTR, STM32U375REY6QTR, STM32U375RGI6, STM32U375RGI6Q, STM32U375RGT6, STM32U375RGT6Q, STM32U375RGY6GTR, STM32U375RGY6QTR, STM32U375VEI6, STM32U375VEI6Q, STM32U375VET6, STM32U375VET6Q, STM32U375VGI6, STM32U375VGI6Q, STM32U375VGT6, STM32U375VGT6Q, STM32U385CGT6, STM32U385CGT6Q, STM32U385CGU6, STM32U385CGU6Q, STM32U385CGY6QTR, STM32U385KGU6, STM32U385RGI6, STM32U385RGI6Q, STM32U385RGT6, STM32U385RGT6Q, STM32U385RGY6GTR, STM32U385RGY6QTR, STM32U385VGI6, STM32U385VGI6Q, STM32U385VGT6, STM32U385VGT6Q, STM32U535CBT6, STM32U535CBT6Q, STM32U535CBU6, STM32U535CBU6Q, STM32U535CCT6, STM32U535CCT6Q, STM32U535CCU6, STM32U535CCU6Q, STM32U535CET6, STM32U535CET6Q, STM32U535CEU6, STM32U535CEU6Q, STM32U535JEY6QTR, STM32U535NCY6QTR, STM32U535NEY6QTR, STM32U535RBI6, STM32U535RBI6Q, STM32U535RBT6, STM32U535RBT6Q, STM32U535RCI6, STM32U535RCI6Q, STM32U535RCT6, STM32U535RCT6Q, STM32U535REI6, STM32U535REI6Q, STM32U535RET6, STM32U535RET6Q, STM32U535VCI6, STM32U535VCI6Q, STM32U535VCT6, STM32U535VCT6Q, STM32U535VEI6, STM32U535VEI6Q, STM32U535VET6, STM32U535VET6Q, STM32U545CET6, STM32U545CET6Q, STM32U545CEU6, STM32U545CEU6Q, STM32U545JEY6QTR, STM32U545NEY6QTR, STM32U545REI6, STM32U545REI6Q, STM32U545RET6, STM32U545RET6Q, STM32U545VEI6, STM32U545VEI6Q, STM32U545VET6, STM32U545VET6Q, STM32U595AIH6, STM32U595AIH6Q, STM32U595AJH6, STM32U595AJH6Q, STM32U595QII6, STM32U595QII6Q, STM32U595QJI6, STM32U595QJI6Q, STM32U595RIT6, STM32U595RIT6Q, STM32U595RJT6, STM32U595RJT6Q, STM32U595VIT6, STM32U595VIT6Q, STM32U595VJT6, STM32U595VJT6Q, STM32U595ZIT6, STM32U595ZIT6Q, STM32U595ZIY6QTR, STM32U595ZJT6, STM32U595ZJT6Q, STM32U595ZJY6QTR, STM32U599BJY6QTR, STM32U599NIH6Q, STM32U599NJH6Q, STM32U599VIT6Q, STM32U599VJT6, STM32U599VJT6Q, STM32U599ZIT6Q, STM32U599ZIY6QTR, STM32U599ZJT6Q, STM32U599ZJY6QTR, STM32U5A5AJH6, STM32U5A5AJH6Q, STM32U5A5QII3Q , STM32U5A5QJI6, STM32U5A5QJI6Q, STM32U5A5RJT6, STM32U5A5RJT6Q, STM32U5A5VJT6, STM32U5A5VJT6Q, STM32U5A5ZJT6, STM32U5A5ZJT6Q, STM32U5A5ZJY6QTR, STM32U5A9BJY6QTR, STM32U5A9J-DK, STM32U5A9NJH6Q, STM32U5A9VJT6Q, STM32U5A9ZJT6Q, STM32U5A9ZJY6QTR, STM32U5F7VIT6, STM32U5F7VIT6Q, STM32U5F7VJT6, STM32U5F7VJT6Q, STM32U5F9BJY6QTR, STM32U5F9NJH6Q, STM32U5F9VIT6Q, STM32U5F9VJT6Q, STM32U5F9ZIJ6QTR, STM32U5F9ZIT6Q, STM32U5F9ZJJ6QTR, STM32U5F9ZJT6Q, STM32U5G7VJT6, STM32U5G7VJT6Q, STM32U5G9BJY6QTR, STM32U5G9J-DK1, STM32U5G9J-DK2, STM32U5G9NJH6Q, STM32U5G9VJT6Q, STM32U5G9ZJJ6QTR, STM32U5G9ZJT6Q, STM32WB05KZV6TR, STM32WB05KZV7TR, STM32WB05TZF6TR, STM32WB05TZF7TR, STM32WB06CCF6TR, STM32WB06CCF7TR, STM32WB06CCV6TR, STM32WB06CCV7TR, STM32WB06KCV6TR, STM32WB06KCV7TR, STM32WB07CCF6TR, STM32WB07CCF7TR, STM32WB07CCV6TR, STM32WB07CCV7TR, STM32WB07KCV6TR, STM32WB07KCV7TR, STM32WB09KEV6TR, STM32WB09KEV7TR, STM32WB09TEF6TR, STM32WB09TEF7TR, STM32WB1MMCH6, STM32WBA50KGU6, STM32WBA50KGU6TR, STM32WBA52CEU6, STM32WBA52CEU6TR, STM32WBA52CEU7, STM32WBA52CEU7TR, STM32WBA52CGU6, STM32WBA52CGU6TR, STM32WBA52CGU6U, STM32WBA52CGU7, STM32WBA52CGU7TR, STM32WBA52KEU6, STM32WBA52KEU6TR, STM32WBA52KGU6, STM32WBA52KGU6TR, STM32WBA54CEU6, STM32WBA54CEU6TR, STM32WBA54CEU7, STM32WBA54CEU7TR, STM32WBA54CGU6, STM32WBA54CGU6TR, STM32WBA54CGU7, STM32WBA54CGU7TR, STM32WBA54KEU6, STM32WBA54KEU6TR, STM32WBA54KEU7, STM32WBA54KEU7TR, STM32WBA54KGU6, STM32WBA54KGU6TR, STM32WBA54KGU7, STM32WBA54KGU7TR, STM32WBA55CEU6, STM32WBA55CEU6TR, STM32WBA55CEU7, STM32WBA55CEU7TR, STM32WBA55CGU6, STM32WBA55CGU6TR, STM32WBA55CGU6U, STM32WBA55CGU7, STM32WBA55CGU7TR, STM32WBA55G-DK1, STM32WBA55HEF6, STM32WBA55HEF7, STM32WBA55HGF6, STM32WBA55HGF7, STM32WBA55UEI6, STM32WBA55UEI6TR, STM32WBA55UEI7, STM32WBA55UEI7TR, STM32WBA55UGI6, STM32WBA55UGI6TR, STM32WBA55UGI7, STM32WBA55UGI7TR, STM32WBA5MMGH6TR, STM32WBA62MGF6, STM32WBA62MIF6, STM32WBA65MGF7, STM32WBA65MIF6, STM32WBA65MIF7, STM32WL30K8V6, STM32WL30KBV6, STM32WL31C8V6, STM32WL31CBV6, STM32WL31K8V6, STM32WL31KBV6, STM32WL33C8V6, STM32WL33C8V6X, STM32WL33CBV6, STM32WL33CBV6X, STM32WL33CCV6, STM32WL33CCV6A, STM32WL33CCV6X, STM32WL33K8V7, STM32WL33K8V7X, STM32WL33KBV7 , STM32WL33KBV7X, STM32WL33KCV7, STM32WL33KCV7X, STM32WL5MOCH6, STM32WL5MOCH6TR]
2026-07-10 17:26:37,588 [INFO] BoardInfo:889 - No configuration file found for board NUCLEO-H5E5ZJ
2026-07-10 17:26:37,589 [INFO] DbBoards:161 - Board is not supported: NUCLEO-H5E5ZJ
2026-07-10 17:26:37,608 [INFO] BoardInfo:889 - No configuration file found for board NUCLEO-U3C5ZI-Q
2026-07-10 17:26:37,608 [INFO] DbBoards:161 - Board is not supported: NUCLEO-U3C5ZI-Q
2026-07-10 17:26:37,613 [INFO] BoardInfo:889 - No configuration file found for board NUCLEO-WBA25CE1
2026-07-10 17:26:37,613 [INFO] DbBoards:161 - Board is not supported: NUCLEO-WBA25CE1
2026-07-10 17:26:37,617 [INFO] BoardInfo:889 - No configuration file found for board NUCLEO-WL3RKB1
2026-07-10 17:26:37,617 [INFO] DbBoards:161 - Board is not supported: NUCLEO-WL3RKB1
2026-07-10 17:26:37,617 [INFO] BoardInfo:889 - No configuration file found for board NUCLEO-WL3RKB2
2026-07-10 17:26:37,617 [INFO] DbBoards:161 - Board is not supported: NUCLEO-WL3RKB2
2026-07-10 17:26:37,620 [INFO] BoardInfo:889 - No configuration file found for board P-NUCLEO-WB55
2026-07-10 17:26:37,620 [INFO] DbBoards:161 - Kit is not supported: P-NUCLEO-WB55
2026-07-10 17:26:37,623 [INFO] BoardInfo:889 - No configuration file found for board STEVAL-BFA001V1B
2026-07-10 17:26:37,623 [INFO] DbBoards:161 - Kit is not supported: STEVAL-BFA001V1B
2026-07-10 17:26:37,623 [INFO] BoardInfo:889 - No configuration file found for board STEVAL-BFA001V2B
2026-07-10 17:26:37,623 [INFO] DbBoards:161 - Kit is not supported: STEVAL-BFA001V2B
2026-07-10 17:26:37,657 [INFO] BoardInfo:889 - No configuration file found for board STM32H5F5J-DK
2026-07-10 17:26:37,657 [INFO] DbBoards:161 - Board is not supported: STM32H5F5J-DK
2026-07-10 17:26:37,683 [INFO] DbBoards:168 - Found 218 boards, 209 are supported
2026-07-10 17:26:37,683 [INFO] DbBoards:169 - Found 218 boards, 43 of them is supported for  Bsp
2026-07-10 17:26:37,685 [INFO] ApiDb:423 - Load user favorites file /home/anton/.stm32cubeide/favorites.boards.txt: 0 item(s)
2026-07-10 17:26:37,685 [INFO] ApiDb:427 - User favorites Boards=[]
2026-07-10 17:26:37,686 [INFO] DbBoards:198 - Set 0 / 0 favorites Boards
2026-07-10 17:26:37,686 [ERROR] TargetSelectorAdapter:267 - Unable to refresh data
2026-07-10 17:26:37,727 [INFO] McuFinderGlobals:76 - Set McuFinderConnectedMode to true
2026-07-10 17:26:37,727 [INFO] MultiScanPanel:200 - Auto-refresh data requested => check proxy status ongoing
2026-07-10 17:26:37,727 [INFO] FinderPluginLoader:96 - Searching for filters in installed packs
2026-07-10 17:26:38,816 [INFO] LoadUrlFilesThread:185 - End of LoadServerUrlFiles without Thread
2026-07-10 17:26:38,816 [INFO] DetailPanel:341 - Set advertising image to /home/anton/STM32Cube/Repository//en.prom-stm32wl3r-0526.jpg
2026-07-10 17:28:10,351 [INFO] MultiScanPanel:200 - Auto-refresh data requested => check proxy status ongoing
2026-07-10 17:28:10,381 [INFO] LoadUrlFilesThread:185 - End of LoadServerUrlFiles without Thread
2026-07-10 17:28:10,381 [INFO] DetailPanel:341 - Set advertising image to /home/anton/STM32Cube/Repository//en.prom-stm32wl3r-0526.jpg
2026-07-10 17:28:10,385 [INFO] DbBoards:642 - Loading board mini-images...
2026-07-10 17:28:11,645 [INFO] DbBoards:665 - Loaded 218 board mini-images
2026-07-10 17:29:08,244 [INFO] MainUpdater:2872 - connection check result : 10
2026-07-10 17:29:08,245 [INFO] MainUpdater:2872 - connection check result : 10
2026-07-10 17:29:09,362 [INFO] MicroXplorer:468 - Change Database Path : 
2026-07-10 17:29:09,363 [INFO] MicroXplorer:498 - Change Database Version : DB.6.0.150
2026-07-10 17:29:09,380 [ERROR] ProjectManagerView:395 - 
java.lang.NullPointerException: Cannot invoke "javax.swing.JTextField.getText()" because the return value of "java.util.List.get(int)" is null
	at com.st.microxplorer.plugins.projectmanager.gui.ProjectChoiceTab$9.caretUpdate(ProjectChoiceTab.java:2706) ~[filemanager.jar:?]
	at javax.swing.text.JTextComponent.fireCaretUpdate(JTextComponent.java:408) ~[?:?]
	at javax.swing.text.JTextComponent$MutableCaretEvent.fire(JTextComponent.java:4484) ~[?:?]
	at javax.swing.text.JTextComponent$MutableCaretEvent.stateChanged(JTextComponent.java:4506) ~[?:?]
	at javax.swing.text.DefaultCaret.fireStateChanged(DefaultCaret.java:857) ~[?:?]
	at javax.swing.text.DefaultCaret.changeCaretPosition(DefaultCaret.java:1343) ~[?:?]
	at javax.swing.text.DefaultCaret.handleSetDot(DefaultCaret.java:1242) ~[?:?]
	at javax.swing.text.DefaultCaret.setDot(DefaultCaret.java:1223) ~[?:?]
	at javax.swing.text.DefaultCaret$Handler.insertUpdate(DefaultCaret.java:1819) ~[?:?]
	at javax.swing.text.AbstractDocument.fireInsertUpdate(AbstractDocument.java:227) ~[?:?]
	at javax.swing.text.AbstractDocument.handleInsertString(AbstractDocument.java:781) ~[?:?]
	at javax.swing.text.AbstractDocument.insertString(AbstractDocument.java:740) ~[?:?]
	at javax.swing.text.PlainDocument.insertString(PlainDocument.java:131) ~[?:?]
	at javax.swing.text.AbstractDocument.replace(AbstractDocument.java:699) ~[?:?]
	at javax.swing.text.JTextComponent.setText(JTextComponent.java:1725) ~[?:?]
	at com.st.microxplorer.plugins.projectmanager.gui.ProjectChoiceTab.createHeapStackFields(ProjectChoiceTab.java:993) ~[filemanager.jar:?]
	at com.st.microxplorer.plugins.projectmanager.gui.ProjectChoiceTab.buildLinkSettingsPanel(ProjectChoiceTab.java:3813) ~[filemanager.jar:?]
	at com.st.microxplorer.plugins.projectmanager.gui.ProjectChoiceTab.defineWindowsFields(ProjectChoiceTab.java:1987) ~[filemanager.jar:?]
	at com.st.microxplorer.plugins.projectmanager.gui.ProjectChoiceTab.updateSettings(ProjectChoiceTab.java:558) ~[filemanager.jar:?]
	at com.st.microxplorer.plugins.projectmanager.gui.ProjectSettingsPanel.UpdateDialog(ProjectSettingsPanel.java:247) ~[filemanager.jar:?]
	at com.st.microxplorer.plugins.projectmanager.ProjectManagerView.propertyChange(ProjectManagerView.java:392) ~[filemanager.jar:?]
	at java.beans.PropertyChangeSupport.fire(PropertyChangeSupport.java:343) ~[?:?]
	at java.beans.PropertyChangeSupport.firePropertyChange(PropertyChangeSupport.java:335) ~[?:?]
	at java.beans.PropertyChangeSupport.firePropertyChange(PropertyChangeSupport.java:268) ~[?:?]
	at com.st.microxplorer.util.MXPropertyChangeSupport.firePropertyChange(MXPropertyChangeSupport.java:54) ~[STM32CubeMX.jar:?]
	at com.st.microxplorer.mxsystem.MxSystem.closeConfig(MxSystem.java:899) ~[STM32CubeMX.jar:?]
	at com.st.microxplorer.maingui.MainPanel.closeConfig(MainPanel.java:792) ~[STM32CubeMX.jar:?]
	at com.st.microxplorer.plugins.filemanager.engine.OpenFileManager.loadConfigurationFile(OpenFileManager.java:288) ~[filemanager.jar:?]
	at com.st.microxplorer.plugins.filemanager.engine.MainFileManager.userLoadConfig(MainFileManager.java:364) ~[filemanager.jar:?]
	at com.st.microxplorer.plugins.filemanager.FileManagerView.getSpecificTask(FileManagerView.java:268) ~[filemanager.jar:?]
	at com.st.stm32cube.common.mx.editor.CubeMxEditor.getMxTabbedPaneInstance(CubeMxEditor.java:1191) ~[com.st.stm32cube.common.mx_6.15.0.202507011659/:?]
	at com.st.stm32cube.common.mx.editor.CubeMxEditor$12$1.createSwingComponent(CubeMxEditor.java:1068) ~[com.st.stm32cube.common.mx_6.15.0.202507011659/:?]
	at com.st.stm32cube.common.mx.oss.core.awtswtbridge.EmbeddedSwingComposite.doComponentCreation(EmbeddedSwingComposite.java:492) ~[com.st.stm32cube.common.mx.oss_6.15.0.202507011659/:?]
	at com.st.stm32cube.common.mx.oss.core.awtswtbridge.EmbeddedSwingComposite$4.run(EmbeddedSwingComposite.java:291) ~[com.st.stm32cube.common.mx.oss_6.15.0.202507011659/:?]
	at com.st.stm32cube.common.mx.oss.core.awtswtbridge.AwtEnvironment$2.run(AwtEnvironment.java:166) ~[com.st.stm32cube.common.mx.oss_6.15.0.202507011659/:?]
	at java.awt.event.InvocationEvent.dispatch(InvocationEvent.java:318) ~[?:?]
	at java.awt.EventQueue.dispatchEventImpl(EventQueue.java:773) ~[?:?]
	at java.awt.EventQueue$4.run(EventQueue.java:720) ~[?:?]
	at java.awt.EventQueue$4.run(EventQueue.java:714) ~[?:?]
	at java.security.AccessController.doPrivileged(AccessController.java:400) ~[?:?]
	at java.security.ProtectionDomain$JavaSecurityAccessImpl.doIntersectionPrivilege(ProtectionDomain.java:87) ~[?:?]
	at java.awt.EventQueue.dispatchEvent(EventQueue.java:742) ~[?:?]
	at java.awt.EventDispatchThread.pumpOneEventForFilters(EventDispatchThread.java:203) ~[?:?]
	at java.awt.EventDispatchThread.pumpEventsForFilter(EventDispatchThread.java:124) ~[?:?]
	at java.awt.EventDispatchThread.pumpEventsForHierarchy(EventDispatchThread.java:113) ~[?:?]
	at java.awt.EventDispatchThread.pumpEvents(EventDispatchThread.java:109) ~[?:?]
	at java.awt.EventDispatchThread.pumpEvents(EventDispatchThread.java:101) ~[?:?]
	at java.awt.EventDispatchThread.run(EventDispatchThread.java:90) ~[?:?]
2026-07-10 17:29:09,381 [WARN] ThirdParty:871 - waiting for thirdparty lock release [close project]
2026-07-10 17:29:09,381 [INFO] ThirdParty:873 - entering critical section [close project]
2026-07-10 17:29:09,381 [INFO] ThirdParty:883 - exiting critical section [close project]
2026-07-10 17:29:09,382 [INFO] PinOutPanel:1589 - setPackage(No Configuration,No Configuration)
2026-07-10 17:29:09,387 [WARN] IpParametersView:155 - Warning: This peripheral hasn't parameters
2026-07-10 17:29:09,392 [WARN] MainPanel:289 - <html><b><center>Warning: This peripheral has no parameters to be configured<br></b></html>
2026-07-10 17:29:09,395 [INFO] UtilMem:75 - Begin LoadConfig() Used Memory: 828267480 Bytes (957349888)
2026-07-10 17:29:09,396 [INFO] OpenFileManager:355 - Change cursor
2026-07-10 17:29:09,407 [INFO] ProjectFactory:514 - No CPN specified for board NUCLEO-F446RE => set CPN to STM32F446RET6
2026-07-10 17:29:09,408 [INFO] Mcu:2029 - Initializing MCU STM32F446R(C-E)Tx STM32F446RETx STM32F446RET6
2026-07-10 17:29:10,322 [INFO] Context:786 - Trying to add GPIOservice into a context  which must be forbidden
2026-07-10 17:29:10,703 [INFO] ImportTextPane:234 - (OptionalMessage_ERROR) Unable to find key (Mcu.ThirdPartyNb) in loaded IOC file
2026-07-10 17:29:10,705 [INFO] ImportTextPane:234 - (OptionalMessage_ERROR) Pin12 (VP_RIF_VS_RIF1) cannot be retrieved for this MCU
2026-07-10 17:29:10,747 [INFO] RtosManager:558 - Registered RTOS mode: class=CMSIS, group=RTOS, mode=CMSIS_V1, owner=FREERTOS
2026-07-10 17:29:10,747 [INFO] RtosManager:558 - Registered RTOS mode: class=CMSIS, group=RTOS2, mode=CMSIS_V2, owner=FREERTOS
2026-07-10 17:29:10,747 [INFO] RtosManager:558 - Registered RTOS mode: class=RTOS, group=Core, mode=CMSIS_V1, owner=FREERTOS
2026-07-10 17:29:10,747 [INFO] RtosManager:558 - Registered RTOS mode: class=RTOS, group=Core, mode=CMSIS_V2, owner=FREERTOS
2026-07-10 17:29:10,747 [WARN] ModelIntegratedComponent:184 - Missing modes for component STMicroelectronics:FreeRTOS:0.0.1:STMicroelectronics:RTOS:FreeRTOS:Core:::10.2.0:
2026-07-10 17:29:10,755 [WARN] ModelIntegratedComponent:63 - No mode defined for component null
2026-07-10 17:29:10,755 [WARN] ModelIntegratedComponent:63 - No mode defined for component null
2026-07-10 17:29:10,755 [WARN] ModelIntegratedComponent:63 - No mode defined for component null
2026-07-10 17:29:10,755 [WARN] ModelIntegratedComponent:63 - No mode defined for component null
2026-07-10 17:29:10,755 [WARN] ModelIntegratedComponent:63 - No mode defined for component null
2026-07-10 17:29:10,755 [WARN] ModelIntegratedComponent:63 - No mode defined for component null
2026-07-10 17:29:10,755 [WARN] ModelIntegratedComponent:63 - No mode defined for component null
2026-07-10 17:29:10,755 [WARN] ModelIntegratedComponent:63 - No mode defined for component null
2026-07-10 17:29:10,755 [WARN] ModelIntegratedComponent:63 - No mode defined for component null
2026-07-10 17:29:10,755 [WARN] ModelIntegratedComponent:63 - No mode defined for component null
2026-07-10 17:29:10,755 [WARN] ModelIntegratedComponent:63 - No mode defined for component null
2026-07-10 17:29:10,755 [WARN] ModelIntegratedComponent:63 - No mode defined for component null
2026-07-10 17:29:10,755 [WARN] ModelIntegratedComponent:63 - No mode defined for component null
2026-07-10 17:29:10,755 [WARN] ModelIntegratedComponent:63 - No mode defined for component null
2026-07-10 17:29:10,755 [WARN] ModelIntegratedComponent:63 - No mode defined for component null
2026-07-10 17:29:10,755 [WARN] ModelIntegratedComponent:63 - No mode defined for component null
2026-07-10 17:29:10,755 [WARN] ModelIntegratedComponent:63 - No mode defined for component null
2026-07-10 17:29:10,755 [WARN] ModelIntegratedComponent:63 - No mode defined for component null
2026-07-10 17:29:10,755 [WARN] ModelIntegratedComponent:63 - No mode defined for component null
2026-07-10 17:29:10,755 [WARN] ModelIntegratedComponent:63 - No mode defined for component null
2026-07-10 17:29:10,755 [WARN] ModelIntegratedComponent:63 - No mode defined for component null
2026-07-10 17:29:10,755 [WARN] ModelIntegratedComponent:63 - No mode defined for component null
2026-07-10 17:29:10,755 [WARN] ModelIntegratedComponent:63 - No mode defined for component null
2026-07-10 17:29:10,755 [WARN] ModelIntegratedComponent:63 - No mode defined for component null
2026-07-10 17:29:10,755 [WARN] ModelIntegratedComponent:63 - No mode defined for component null
2026-07-10 17:29:10,755 [WARN] ModelIntegratedComponent:63 - No mode defined for component null
2026-07-10 17:29:10,755 [WARN] ModelIntegratedComponent:63 - No mode defined for component null
2026-07-10 17:29:10,755 [WARN] ModelIntegratedComponent:63 - No mode defined for component null
2026-07-10 17:29:10,755 [WARN] ModelIntegratedComponent:63 - No mode defined for component null
2026-07-10 17:29:10,755 [WARN] ModelIntegratedComponent:63 - No mode defined for component null
2026-07-10 17:29:10,756 [WARN] ModelIntegratedComponent:63 - No mode defined for component null
2026-07-10 17:29:10,756 [WARN] ModelIntegratedComponent:63 - No mode defined for component null
2026-07-10 17:29:10,756 [WARN] ModelIntegratedComponent:63 - No mode defined for component null
2026-07-10 17:29:10,756 [WARN] ModelIntegratedComponent:63 - No mode defined for component null
2026-07-10 17:29:10,756 [WARN] ModelIntegratedComponent:63 - No mode defined for component null
2026-07-10 17:29:10,756 [WARN] ModelPack:524 - Component already loaded: STMicroelectronics:HAL Drivers:0.0.0:STMicroelectronics:Device:STMicro_Driver:XSPI:HAL::0.0.1:HAL_XSPI
2026-07-10 17:29:10,862 [INFO] ThirdPartyModel:298 - Start build external matchings
2026-07-10 17:29:11,139 [INFO] ThirdPartyModel:316 - End build external matchings
2026-07-10 17:29:11,148 [INFO] ImportTextPane:234 - (OptionalMessage_ERROR) IP (RCC) : Invalid parameter (48MHZClocksFreq_Value)
2026-07-10 17:29:11,148 [INFO] ImportTextPane:234 - (OptionalMessage_ERROR) IP (RCC) : Invalid parameter (EthernetFreq_Value)
2026-07-10 17:29:11,149 [INFO] ImportTextPane:234 - (OptionalMessage_ERROR) IP (RCC) : Parameter (FLatency) has Id (AdvancedSettings) currently not set
2026-07-10 17:29:11,149 [INFO] ImportTextPane:234 - (OptionalMessage_ERROR) IP (RCC) : Invalid parameter (FamilyName)
2026-07-10 17:29:11,149 [INFO] ImportTextPane:234 - (OptionalMessage_ERROR) IP (RCC) : Invalid parameter (I2SClocksFreq_Value)
2026-07-10 17:29:11,150 [INFO] ImportTextPane:234 - (OptionalMessage_ERROR) IP (RCC) : Parameter (SDIOFreq_Value) has invalid value (168000000)
2026-07-10 17:29:11,150 [INFO] ImportTextPane:234 - (OptionalMessage_ERROR) IP (RCC) : Parameter (USBFreq_Value) has invalid value (168000000)
2026-07-10 17:29:11,150 [INFO] ImportTextPane:234 - (OptionalMessage_ERROR) IP (RCC) : Invalid parameter (VCOInputMFreq_Value)
2026-07-10 17:29:11,150 [INFO] ImportTextPane:234 - (OptionalMessage_ERROR) IP (RCC) : Invalid parameter (VcooutputI2S)
2026-07-10 17:29:11,292 [INFO] UtilMem:75 - End LoadConfig() Used Memory: 702574984 Bytes (1073741824)
2026-07-10 17:29:11,415 [WARN] ThirdParty:833 - waiting for thirdparty lock release [change project]
2026-07-10 17:29:11,415 [INFO] ThirdParty:835 - entering critical section [change project]
2026-07-10 17:29:11,415 [INFO] ThirdParty:1030 - CMSIS Pack Vendor :STMicroelectronics X-CUBE-AZRTOS-H7 3.5.0
2026-07-10 17:29:11,415 [INFO] ThirdParty:1030 - CMSIS Pack Vendor :STMicroelectronics X-CUBE-PM33A1 1.0.0
2026-07-10 17:29:11,415 [INFO] ThirdParty:1030 - CMSIS Pack Vendor :STMicroelectronics USBPD 4.1
2026-07-10 17:29:11,415 [INFO] ThirdParty:1030 - CMSIS Pack Vendor :STMicroelectronics X-CUBE-NFC9 1.0.0
2026-07-10 17:29:11,415 [INFO] ThirdParty:1030 - CMSIS Pack Vendor :STMicroelectronics USB_HOST 2.0.0
2026-07-10 17:29:11,415 [INFO] ThirdParty:1030 - CMSIS Pack Vendor :STMicroelectronics X-CUBE-AZRTOS-F4 1.1.0
2026-07-10 17:29:11,415 [INFO] ThirdParty:1030 - CMSIS Pack Vendor :STMicroelectronics LIBJPEG 8.0.0
2026-07-10 17:29:11,415 [INFO] ThirdParty:1030 - CMSIS Pack Vendor :STMicroelectronics FP-ATR-ASTRA1 2.0.2
2026-07-10 17:29:11,415 [INFO] ThirdParty:1030 - CMSIS Pack Vendor :STMicroelectronics X-CUBE-BLE1 7.1.0
2026-07-10 17:29:11,415 [INFO] ThirdParty:1030 - CMSIS Pack Vendor :wolfSSL I-CUBE-wolfMQTT 1.19.2
2026-07-10 17:29:11,415 [INFO] ThirdParty:1030 - CMSIS Pack Vendor :STMicroelectronics USB_DEVICE 3.0.0
2026-07-10 17:29:11,415 [INFO] ThirdParty:1030 - CMSIS Pack Vendor :STMicroelectronics X-CUBE-ISPU 2.1.0
2026-07-10 17:29:11,415 [INFO] ThirdParty:1030 - CMSIS Pack Vendor :STMicroelectronics X-CUBE-EEPRMA1 5.2.0
2026-07-10 17:29:11,415 [INFO] ThirdParty:1030 - CMSIS Pack Vendor :STMicroelectronics X-CUBE-IPS 3.2.0
2026-07-10 17:29:11,415 [INFO] ThirdParty:1030 - CMSIS Pack Vendor :STMicroelectronics eDS-WB_DPC_TT-BIDIR 2.1.1
2026-07-10 17:29:11,416 [INFO] ThirdParty:1030 - CMSIS Pack Vendor :STMicroelectronics X-CUBE-AZRTOS-WB 2.0.0
2026-07-10 17:29:11,416 [INFO] ThirdParty:1030 - CMSIS Pack Vendor :STMicroelectronics X-CUBE-NFC12 1.0.0
2026-07-10 17:29:11,416 [INFO] ThirdParty:1030 - CMSIS Pack Vendor :STMicroelectronics X-CUBE-AZRTOS-F7 1.1.0
2026-07-10 17:29:11,416 [INFO] ThirdParty:1030 - CMSIS Pack Vendor :STMicroelectronics X-CUBE-AZRTOS-L5 2.0.0
2026-07-10 17:29:11,416 [INFO] ThirdParty:1030 - CMSIS Pack Vendor :STMicroelectronics USB_DEVICE 2.0.0
2026-07-10 17:29:11,416 [INFO] ThirdParty:1030 - CMSIS Pack Vendor :STMicroelectronics X-CUBE-FREERTOS 1.6.0
2026-07-10 17:29:11,416 [INFO] ThirdParty:1030 - CMSIS Pack Vendor :STMicroelectronics FP-SNS-STAIOTCFT 1.1.0
2026-07-10 17:29:11,416 [INFO] ThirdParty:1030 - CMSIS Pack Vendor :quantropi X-CUBE-qispace-sdk-base 2.1.0
2026-07-10 17:29:11,416 [INFO] ThirdParty:1030 - CMSIS Pack Vendor :STMicroelectronics X-CUBE-STSE01 2.0.0
2026-07-10 17:29:11,416 [INFO] ThirdParty:1030 - CMSIS Pack Vendor :STMicroelectronics X-CUBE-ALGOBUILD 1.5.0
2026-07-10 17:29:11,416 [INFO] ThirdParty:1030 - CMSIS Pack Vendor :STMicroelectronics FP-SNS-MOTENV1 5.1.0
2026-07-10 17:29:11,416 [INFO] ThirdParty:1030 - CMSIS Pack Vendor :STMicroelectronics FreeRTOS 0.0.1
2026-07-10 17:29:11,416 [INFO] ThirdParty:1030 - CMSIS Pack Vendor :STMicroelectronics X-CUBE-AZRTOS-H7RS 1.3.0
2026-07-10 17:29:11,416 [INFO] ThirdParty:1030 - CMSIS Pack Vendor :STMicroelectronics X-CUBE-AZRTOS-G0 1.1.0
2026-07-10 17:29:11,416 [INFO] ThirdParty:1030 - CMSIS Pack Vendor :STMicroelectronics X-CUBE-NFC4 3.0.0
2026-07-10 17:29:11,416 [INFO] ThirdParty:1030 - CMSIS Pack Vendor :STMicroelectronics X-CUBE-SUBG2 5.0.0
2026-07-10 17:29:11,416 [INFO] ThirdParty:1030 - CMSIS Pack Vendor :STMicroelectronics STM32_WPAN 1.0.0
2026-07-10 17:29:11,416 [INFO] ThirdParty:1030 - CMSIS Pack Vendor :STMicroelectronics eDS-WB_DPC_VIENNA 1.2.0
2026-07-10 17:29:11,416 [INFO] ThirdParty:1030 - CMSIS Pack Vendor :EmbeddedOffice I-CUBE-FS-RTOS 1.0.1
2026-07-10 17:29:11,416 [INFO] ThirdParty:1030 - CMSIS Pack Vendor :STMicroelectronics lwIP 2.0.3
2026-07-10 17:29:11,416 [INFO] ThirdParty:1030 - CMSIS Pack Vendor :WES I-CUBE-Cesium 1.4.0
2026-07-10 17:29:11,416 [INFO] ThirdParty:1030 - CMSIS Pack Vendor :STMicroelectronics eDS-WB_DPC_3PH2L-BIDIR 1.1.1
2026-07-10 17:29:11,416 [INFO] ThirdParty:1030 - CMSIS Pack Vendor :STMicroelectronics USB_HOST 1.0.0
2026-07-10 17:29:11,416 [INFO] ThirdParty:1030 - CMSIS Pack Vendor :STMicroelectronics X-CUBE-AZRTOS-G4 2.0.0
2026-07-10 17:29:11,416 [INFO] ThirdParty:1030 - CMSIS Pack Vendor :STMicroelectronics PDM2PCM 3.1.0
2026-07-10 17:29:11,416 [INFO] ThirdParty:1030 - CMSIS Pack Vendor :STMicroelectronics PDM2PCM 3.3.0
2026-07-10 17:29:11,416 [INFO] ThirdParty:1030 - CMSIS Pack Vendor :wolfSSL I-CUBE-wolfTPM 3.8.0
2026-07-10 17:29:11,416 [INFO] ThirdParty:1030 - CMSIS Pack Vendor :STMicroelectronics X-CUBE-DISPLAY 3.0.0
2026-07-10 17:29:11,416 [INFO] ThirdParty:1030 - CMSIS Pack Vendor :wolfSSL I-CUBE-wolfSSH 1.4.20
2026-07-10 17:29:11,416 [INFO] ThirdParty:1030 - CMSIS Pack Vendor :STMicroelectronics X-CUBE-NFC7 2.0.0
2026-07-10 17:29:11,416 [INFO] ThirdParty:1030 - CMSIS Pack Vendor :STMicroelectronics X-CUBE-GNSS1 7.1.1
2026-07-10 17:29:11,416 [INFO] ThirdParty:1030 - CMSIS Pack Vendor :STMicroelectronics FP-SNS-MOTENVWB1 1.5.0
2026-07-10 17:29:11,416 [INFO] ThirdParty:1030 - CMSIS Pack Vendor :STMicroelectronics X-CUBE-TCPP 4.2.0
2026-07-10 17:29:11,416 [INFO] ThirdParty:1030 - CMSIS Pack Vendor :RealThread X-CUBE-RT-Thread_Nano 4.1.1
2026-07-10 17:29:11,416 [INFO] ThirdParty:1030 - CMSIS Pack Vendor :wolfSSL I-CUBE-wolfSSL 5.9.1
2026-07-10 17:29:11,416 [INFO] ThirdParty:1030 - CMSIS Pack Vendor :STMicroelectronics FP-ATR-SIGFOX1 3.2.0
2026-07-10 17:29:11,416 [INFO] ThirdParty:1030 - CMSIS Pack Vendor :STMicroelectronics X-CUBE-NFC10 1.0.0
2026-07-10 17:29:11,416 [INFO] ThirdParty:1030 - CMSIS Pack Vendor :STMicroelectronics HAL Drivers 0.0.0
2026-07-10 17:29:11,416 [INFO] ThirdParty:1030 - CMSIS Pack Vendor :STMicroelectronics MBEDTLS 2.16.2
2026-07-10 17:29:11,416 [INFO] ThirdParty:1030 - CMSIS Pack Vendor :STMicroelectronics X-CUBE-ST60 1.1.0
2026-07-10 17:29:11,416 [INFO] ThirdParty:1030 - CMSIS Pack Vendor :STMicroelectronics X-CUBE-ALS 1.0.2
2026-07-10 17:29:11,416 [INFO] ThirdParty:1030 - CMSIS Pack Vendor :emotas I-CUBE-CANOPEN 1.3.0
2026-07-10 17:29:11,416 [INFO] ThirdParty:1030 - CMSIS Pack Vendor :STMicroelectronics MBEDTLS 2.14.1
2026-07-10 17:29:11,416 [INFO] ThirdParty:1030 - CMSIS Pack Vendor :ITTIA_DB I-CUBE-ITTIADB 8.9.0
2026-07-10 17:29:11,417 [INFO] ThirdParty:1030 - CMSIS Pack Vendor :Cesanta I-CUBE-Mongoose 7.21.7
2026-07-10 17:29:11,417 [INFO] ThirdParty:1030 - CMSIS Pack Vendor :STMicroelectronics X-CUBE-TOUCHGFX 4.26.1
2026-07-10 17:29:11,417 [INFO] ThirdParty:1030 - CMSIS Pack Vendor :STMicroelectronics X-CUBE-NFC6 3.2.0
2026-07-10 17:29:11,417 [INFO] ThirdParty:1030 - CMSIS Pack Vendor :STMicroelectronics FP-SNS-STBOX1 2.1.0
2026-07-10 17:29:11,417 [INFO] ThirdParty:1030 - CMSIS Pack Vendor :STMicroelectronics X-CUBE-AI 10.2.1
2026-07-10 17:29:11,417 [INFO] ThirdParty:1030 - CMSIS Pack Vendor :STMicroelectronics ThreadX 1.0.0
2026-07-10 17:29:11,417 [INFO] ThirdParty:1030 - CMSIS Pack Vendor :STMicroelectronics FP-SNS-SMARTAG2 1.2.0
2026-07-10 17:29:11,417 [INFO] ThirdParty:1030 - CMSIS Pack Vendor :STMicroelectronics X-CUBE-MEMS1 12.1.0
2026-07-10 17:29:11,417 [INFO] ThirdParty:1030 - CMSIS Pack Vendor :STMicroelectronics FP-SNS-FLIGHT1 5.1.0
2026-07-10 17:29:11,417 [INFO] ThirdParty:1030 - CMSIS Pack Vendor :STMicroelectronics X-CUBE-AZRTOS-WL 2.0.0
2026-07-10 17:29:11,417 [INFO] ThirdParty:1030 - CMSIS Pack Vendor :SEGGER I-CUBE-embOS 1.3.1
2026-07-10 17:29:11,417 [INFO] ThirdParty:1030 - CMSIS Pack Vendor :STMicroelectronics X-CUBE-DPower 1.3.0
2026-07-10 17:29:11,417 [INFO] ThirdParty:1030 - CMSIS Pack Vendor :STMicroelectronics USB_DEVICE 1.0.0
2026-07-10 17:29:11,417 [INFO] ThirdParty:1030 - CMSIS Pack Vendor :STMicroelectronics X-CUBE-AZRTOS-L4 2.0.0
2026-07-10 17:29:11,417 [INFO] ThirdParty:1030 - CMSIS Pack Vendor :STMicroelectronics ThreadX 0.0.2
2026-07-10 17:29:11,417 [INFO] ThirdParty:1030 - CMSIS Pack Vendor :STMicroelectronics lwIP 2.1.2
2026-07-10 17:29:11,417 [INFO] ThirdParty:1030 - CMSIS Pack Vendor :STMicroelectronics X-CUBE-SFXS2LP1 4.0.0
2026-07-10 17:29:11,417 [INFO] ThirdParty:1030 - CMSIS Pack Vendor :STMicroelectronics X-CUBE-BLE2 3.3.0
2026-07-10 17:29:11,417 [INFO] ThirdParty:1030 - CMSIS Pack Vendor :Avnet-IOTCONNECT X-CUBE-iotc-st67-sdk 1.0.0
2026-07-10 17:29:11,417 [INFO] ThirdParty:1030 - CMSIS Pack Vendor :STMicroelectronics X-CUBE-TOF1 3.4.3
2026-07-10 17:29:11,417 [INFO] ThirdParty:1030 - CMSIS Pack Vendor :Infineon AIROC-Wi-Fi-Bluetooth-STM32 1.8.0
2026-07-10 17:29:11,417 [INFO] ThirdParty:1030 - CMSIS Pack Vendor :STMicroelectronics X-CUBE-NFC13 1.0.0
2026-07-10 17:29:11,417 [INFO] ThirdParty:1030 - CMSIS Pack Vendor :STMicroelectronics PDM2PCM 3.2.0
2026-07-10 17:29:11,417 [INFO] ThirdParty:1030 - CMSIS Pack Vendor :STMicroelectronics X-CUBE-WB05N 2.1.0
2026-07-10 17:29:11,417 [INFO] ThirdParty:841 - exiting critical section [change project]
2026-07-10 17:29:11,641 [INFO] PinOutPanel:1589 - setPackage(No Configuration,No Configuration)
2026-07-10 17:29:11,641 [INFO] PinOutPanel:1589 - setPackage(STM32F446RETx,LQFP64)
2026-07-10 17:29:11,844 [INFO] UtilMem:75 - Before build in PCC Used Memory: 914380832 Bytes (1073741824)
2026-07-10 17:29:12,027 [INFO] UtilMem:75 - After build in PCC Used Memory: 965761056 Bytes (1073741824)
2026-07-10 17:29:12,042 [INFO] IPUIPlugin:80 - create IPUIPlugin
2026-07-10 17:29:12,042 [INFO] IPUIPlugin:80 - create IPUIPlugin
2026-07-10 17:29:12,042 [INFO] IPUIPlugin:80 - create IPUIPlugin
2026-07-10 17:29:12,042 [INFO] IPUIPlugin:80 - create IPUIPlugin
2026-07-10 17:29:12,042 [INFO] IPUIPlugin:80 - create IPUIPlugin
2026-07-10 17:29:12,042 [INFO] IPUIPlugin:80 - create IPUIPlugin
2026-07-10 17:29:12,042 [INFO] IPUIPlugin:80 - create IPUIPlugin
2026-07-10 17:29:12,042 [INFO] IPUIPlugin:80 - create IPUIPlugin
2026-07-10 17:29:12,043 [INFO] IPUIPlugin:80 - create IPUIPlugin
2026-07-10 17:29:12,043 [INFO] IPUIPlugin:80 - create IPUIPlugin
2026-07-10 17:29:12,043 [INFO] IPUIPlugin:80 - create IPUIPlugin
2026-07-10 17:29:12,043 [INFO] IPUIPlugin:80 - create IPUIPlugin
2026-07-10 17:29:12,043 [INFO] IPUIPlugin:80 - create IPUIPlugin
2026-07-10 17:29:12,043 [INFO] IPUIPlugin:80 - create IPUIPlugin
2026-07-10 17:29:12,043 [INFO] IPUIPlugin:80 - create IPUIPlugin
2026-07-10 17:29:12,043 [INFO] IPUIPlugin:80 - create IPUIPlugin
2026-07-10 17:29:12,043 [INFO] IPUIPlugin:80 - create IPUIPlugin
2026-07-10 17:29:12,043 [INFO] IPUIPlugin:80 - create IPUIPlugin
2026-07-10 17:29:12,043 [INFO] IPUIPlugin:80 - create IPUIPlugin
2026-07-10 17:29:12,043 [INFO] IPUIPlugin:80 - create IPUIPlugin
2026-07-10 17:29:12,043 [INFO] IPUIPlugin:80 - create IPUIPlugin
2026-07-10 17:29:12,043 [INFO] IPUIPlugin:80 - create IPUIPlugin
2026-07-10 17:29:12,044 [INFO] IPUIPlugin:80 - create IPUIPlugin
2026-07-10 17:29:12,044 [INFO] IPUIPlugin:80 - create IPUIPlugin
2026-07-10 17:29:12,044 [INFO] IPUIPlugin:80 - create IPUIPlugin
2026-07-10 17:29:12,044 [INFO] IPUIPlugin:80 - create IPUIPlugin
2026-07-10 17:29:12,044 [INFO] IPUIPlugin:80 - create IPUIPlugin
2026-07-10 17:29:12,044 [INFO] IPUIPlugin:80 - create IPUIPlugin
2026-07-10 17:29:12,044 [INFO] IPUIPlugin:80 - create IPUIPlugin
2026-07-10 17:29:12,044 [INFO] IPUIPlugin:80 - create IPUIPlugin
2026-07-10 17:29:12,044 [INFO] IPUIPlugin:80 - create IPUIPlugin
2026-07-10 17:29:12,044 [INFO] IPUIPlugin:80 - create IPUIPlugin
2026-07-10 17:29:12,045 [INFO] IPUIPlugin:80 - create IPUIPlugin
2026-07-10 17:29:12,045 [INFO] IPUIPlugin:80 - create IPUIPlugin
2026-07-10 17:29:12,045 [INFO] IPUIPlugin:80 - create IPUIPlugin
2026-07-10 17:29:12,045 [INFO] IPUIPlugin:80 - create IPUIPlugin
2026-07-10 17:29:12,045 [INFO] IPUIPlugin:80 - create IPUIPlugin
2026-07-10 17:29:12,045 [INFO] IPUIPlugin:80 - create IPUIPlugin
2026-07-10 17:29:12,045 [INFO] IPUIPlugin:80 - create IPUIPlugin
2026-07-10 17:29:12,045 [INFO] IPUIPlugin:80 - create IPUIPlugin
2026-07-10 17:29:12,045 [INFO] IPUIPlugin:80 - create IPUIPlugin
2026-07-10 17:29:12,045 [INFO] IPUIPlugin:80 - create IPUIPlugin
2026-07-10 17:29:12,045 [INFO] IPUIPlugin:80 - create IPUIPlugin
2026-07-10 17:29:12,045 [INFO] IPUIPlugin:80 - create IPUIPlugin
2026-07-10 17:29:12,045 [INFO] IPUIPlugin:80 - create IPUIPlugin
2026-07-10 17:29:12,045 [INFO] IPUIPlugin:80 - create IPUIPlugin
2026-07-10 17:29:12,045 [INFO] IPUIPlugin:80 - create IPUIPlugin
2026-07-10 17:29:12,045 [INFO] IPUIPlugin:80 - create IPUIPlugin
2026-07-10 17:29:12,045 [INFO] IPUIPlugin:80 - create IPUIPlugin
2026-07-10 17:29:12,045 [INFO] IPUIPlugin:80 - create IPUIPlugin
2026-07-10 17:29:12,045 [INFO] IPUIPlugin:80 - create IPUIPlugin
2026-07-10 17:29:12,061 [INFO] IPUIPlugin:80 - create IPUIPlugin
2026-07-10 17:29:12,061 [INFO] IPUIPlugin:80 - create IPUIPlugin
2026-07-10 17:29:12,062 [INFO] IPUIPlugin:80 - create IPUIPlugin
2026-07-10 17:29:12,062 [INFO] IPUIPlugin:80 - create IPUIPlugin
2026-07-10 17:29:12,062 [INFO] IPUIPlugin:80 - create IPUIPlugin
2026-07-10 17:29:12,062 [INFO] IPUIPlugin:80 - create IPUIPlugin
2026-07-10 17:29:12,063 [INFO] IPUIPlugin:80 - create IPUIPlugin
2026-07-10 17:29:12,063 [INFO] IPUIPlugin:80 - create IPUIPlugin
2026-07-10 17:29:12,063 [INFO] IPUIPlugin:80 - create IPUIPlugin
2026-07-10 17:29:12,065 [INFO] ApiDbMcu:532 - Load IP Config File for PDM2PCM
2026-07-10 17:29:12,100 [INFO] CADModel:165 - CPN selected for project levelSTM32F446RET6
2026-07-10 17:29:12,100 [INFO] CADModel:114 - Register for checkConnection events
2026-07-10 17:29:12,139 [INFO] OpenFileManager:386 - Restore cursor
2026-07-10 17:29:12,395 [INFO] UtilMem:75 - End SaveConfig() Used Memory: 710196376 Bytes (1073741824)
2026-07-10 17:29:24,838 [INFO] McuFinderGlobals:76 - Set McuFinderConnectedMode to true
2026-07-10 17:29:24,839 [INFO] ApiDb:448 - Save user favorites file /home/anton/.stm32cubeide/favorites.mcus.txt: 0 item(s)
2026-07-10 17:29:24,839 [INFO] ApiDb:452 - User favorites MCUs=[]
2026-07-10 17:29:24,840 [INFO] ApiDb:448 - Save user favorites file /home/anton/.stm32cubeide/favorites.boards.txt: 0 item(s)
2026-07-10 17:29:24,840 [INFO] ApiDb:452 - User favorites Boards=[]
2026-07-10 17:30:10,994 [ERROR] LogOutputStream:75 - [STDERR_REDIRECT] 
2026-07-10 17:30:21,751 [INFO] Activator:176 - 


2026-07-10 17:30:21,752 [INFO] Activator:177 - !SESSION log4j initialized
2026-07-10 17:30:25,014 [INFO] LogOutputStream:77 - [STDOUT_REDIRECT] 
2026-07-10 17:30:25,375 [INFO] ApplicationProperties:184 - Using Application install path: /opt/st/stm32cubeide_1.19.0/plugins/com.st.stm32cube.common.mx_6.15.0.202507011659
2026-07-10 17:30:25,386 [INFO] DbMcusXml:78 - Set database path to: /opt/st/stm32cubeide_1.19.0/plugins/com.st.stm32cube.common.mx_6.15.0.202507011659//db//mcu/
2026-07-10 17:30:25,386 [INFO] ApiDb:274 - Set plugin database path to: /opt/st/stm32cubeide_1.19.0/plugins/com.st.stm32cube.common.mx_6.15.0.202507011659//db//plugins/boardmanager/
2026-07-10 17:30:25,386 [WARN] ApiDb:259 - Overriding images path with different value:  => /opt/st/stm32cubeide_1.19.0/plugins/com.st.stm32cube.common.mx_6.15.0.202507011659//db//plugins/mcufinder/images/
2026-07-10 17:30:25,388 [INFO] ApiDb:250 - Set database path to: /home/anton/.stmcufinder/plugins/mcufinder//mcu/
2026-07-10 17:30:25,389 [INFO] DbMcusAds:125 - Set database path to: /home/anton/.stmcufinder/plugins/mcufinder//mcu/
2026-07-10 17:30:25,390 [INFO] CrossReferenceDbSqlite:203 - Set database path to: /home/anton/.stmcufinder/plugins/mcufinder//mcu/cs/
2026-07-10 17:30:25,477 [INFO] RulesReader:64 - Compatibility file has been processed (317 Rules)
2026-07-10 17:30:25,524 [INFO] DbMcusXml:78 - Set database path to: /opt/st/stm32cubeide_1.19.0/plugins/com.st.stm32cube.common.mx_6.15.0.202507011659//db//mcu/
2026-07-10 17:30:25,524 [INFO] ApiDb:274 - Set plugin database path to: /opt/st/stm32cubeide_1.19.0/plugins/com.st.stm32cube.common.mx_6.15.0.202507011659//db//plugins/boardmanager/
2026-07-10 17:30:25,524 [INFO] ApiDb:261 - Set plugin images path to: /opt/st/stm32cubeide_1.19.0/plugins/com.st.stm32cube.common.mx_6.15.0.202507011659//db//plugins/mcufinder/images/
2026-07-10 17:30:25,524 [WARN] DbFile:41 - Overriding database path with different value: /home/anton/.stmcufinder/plugins/mcufinder/ => /home/anton/.stmcufinder/plugins/mcufinder
2026-07-10 17:30:25,524 [INFO] ApiDb:250 - Set database path to: /home/anton/.stmcufinder/plugins/mcufinder//mcu/
2026-07-10 17:30:25,524 [WARN] DbFile:41 - Overriding database path with different value: /home/anton/.stmcufinder/plugins/mcufinder/ => /home/anton/.stmcufinder/plugins/mcufinder
2026-07-10 17:30:25,525 [INFO] DbMcusAds:125 - Set database path to: /home/anton/.stmcufinder/plugins/mcufinder//mcu/
2026-07-10 17:30:25,525 [WARN] DbFile:41 - Overriding database path with different value: /home/anton/.stmcufinder/plugins/mcufinder/ => /home/anton/.stmcufinder/plugins/mcufinder
2026-07-10 17:30:25,525 [WARN] DbFile:41 - Overriding database path with different value: /home/anton/.stmcufinder/plugins/mcufinder/ => /home/anton/.stmcufinder/plugins/mcufinder
2026-07-10 17:30:25,525 [INFO] CrossReferenceDbSqlite:203 - Set database path to: /home/anton/.stmcufinder/plugins/mcufinder//mcu/cs/
2026-07-10 17:30:25,572 [INFO] MainPanel:274 - HeapMemory: 268435456
2026-07-10 17:30:25,651 [INFO] DbMcusXml:78 - Set database path to: /opt/st/stm32cubeide_1.19.0/plugins/com.st.stm32cube.common.mx_6.15.0.202507011659//db//mcu/
2026-07-10 17:30:25,651 [INFO] ApiDb:274 - Set plugin database path to: /opt/st/stm32cubeide_1.19.0/plugins/com.st.stm32cube.common.mx_6.15.0.202507011659//db//plugins/boardmanager/
2026-07-10 17:30:25,651 [INFO] ApiDb:261 - Set plugin images path to: /opt/st/stm32cubeide_1.19.0/plugins/com.st.stm32cube.common.mx_6.15.0.202507011659//db//plugins/mcufinder/images/
2026-07-10 17:30:25,651 [WARN] DbFile:41 - Overriding database path with different value: /home/anton/.stmcufinder/plugins/mcufinder/ => /home/anton/.stmcufinder/plugins/mcufinder
2026-07-10 17:30:25,651 [INFO] ApiDb:250 - Set database path to: /home/anton/.stmcufinder/plugins/mcufinder//mcu/
2026-07-10 17:30:25,651 [WARN] DbFile:41 - Overriding database path with different value: /home/anton/.stmcufinder/plugins/mcufinder/ => /home/anton/.stmcufinder/plugins/mcufinder
2026-07-10 17:30:25,651 [INFO] DbMcusAds:125 - Set database path to: /home/anton/.stmcufinder/plugins/mcufinder//mcu/
2026-07-10 17:30:25,651 [WARN] DbFile:41 - Overriding database path with different value: /home/anton/.stmcufinder/plugins/mcufinder/ => /home/anton/.stmcufinder/plugins/mcufinder
2026-07-10 17:30:25,652 [WARN] DbFile:41 - Overriding database path with different value: /home/anton/.stmcufinder/plugins/mcufinder/ => /home/anton/.stmcufinder/plugins/mcufinder
2026-07-10 17:30:25,652 [INFO] CrossReferenceDbSqlite:203 - Set database path to: /home/anton/.stmcufinder/plugins/mcufinder//mcu/cs/
2026-07-10 17:30:25,664 [INFO] ApplicationProperties:184 - Using Application install path: /opt/st/stm32cubeide_1.19.0/plugins/com.st.stm32cube.common.mx_6.15.0.202507011659
2026-07-10 17:30:25,666 [INFO] PluginManage:196 - Search for loadable plugins [exclusion list=, ]
2026-07-10 17:30:25,666 [INFO] PluginManage:310 - Check plugin analytics
2026-07-10 17:30:25,792 [INFO] AnalyticsPlugin:253 - Accepted Software Licenses: STM32CubeMX.6.16.0
2026-07-10 17:30:25,792 [INFO] AnalyticsPlugin:255 - Accepted CMSIS Pack Licenses: 
2026-07-10 17:30:25,792 [INFO] AnalyticsPlugin:257 - Accepted Firmware Licenses: 
2026-07-10 17:30:25,795 [INFO] PluginManage:359 - Loaded plugin analytics (category:tool,tabindex:-1)
2026-07-10 17:30:25,795 [INFO] PluginManage:310 - Check plugin cadmodel
2026-07-10 17:30:25,797 [INFO] CADModel:105 - Init CAD model plugin
2026-07-10 17:30:25,798 [INFO] PluginManage:359 - Loaded plugin cadmodel (category:power,tabindex:5)
2026-07-10 17:30:25,798 [INFO] PluginManage:310 - Check plugin clock
2026-07-10 17:30:25,803 [INFO] PluginManage:359 - Loaded plugin clock (category:base,tabindex:2)
2026-07-10 17:30:25,803 [INFO] PluginManage:310 - Check plugin ddr
2026-07-10 17:30:25,805 [INFO] PluginManage:359 - Loaded plugin ddr (category:tool,tabindex:6)
2026-07-10 17:30:25,805 [INFO] PluginManage:310 - Check plugin filemanager
2026-07-10 17:30:25,909 [INFO] PluginManage:359 - Loaded plugin filemanager (category:base,tabindex:10)
2026-07-10 17:30:25,909 [INFO] PluginManage:310 - Check plugin ipmanager
2026-07-10 17:30:25,913 [INFO] PluginManage:359 - Loaded plugin ipmanager (category:base,tabindex:5)
2026-07-10 17:30:25,913 [INFO] PluginManage:310 - Check plugin lpbam
2026-07-10 17:30:25,919 [INFO] PluginManage:359 - Loaded plugin lpbam (category:base,tabindex:0)
2026-07-10 17:30:25,920 [INFO] PluginManage:310 - Check plugin memorymap
2026-07-10 17:30:25,927 [INFO] PluginManage:359 - Loaded plugin memorymap (category:base,tabindex:4)
2026-07-10 17:30:25,928 [INFO] PluginManage:310 - Check plugin pinoutandconfiguration
2026-07-10 17:30:25,933 [INFO] PluginManage:359 - Loaded plugin pinoutandconfiguration (category:base,tabindex:1)
2026-07-10 17:30:25,933 [INFO] PluginManage:310 - Check plugin pinoutconfig
2026-07-10 17:30:25,992 [WARN] SupportedApi:132 - Cannot load RTOS API schema: s4s-elt-must-match.1: The content of 'definitions' must match (annotation?, (simpleType | complexType)?, (unique | key | keyref)*)). A problem was found starting at: attribute.
2026-07-10 17:30:26,096 [INFO] PluginManage:359 - Loaded plugin pinoutconfig (category:base,tabindex:0)
2026-07-10 17:30:26,097 [INFO] PluginManage:310 - Check plugin power
2026-07-10 17:30:26,103 [INFO] PluginManage:359 - Loaded plugin power (category:power,tabindex:4)
2026-07-10 17:30:26,103 [INFO] PluginManage:310 - Check plugin projectmanager
2026-07-10 17:30:26,118 [INFO] PluginManage:359 - Loaded plugin projectmanager (category:projectmanager,tabindex:4)
2026-07-10 17:30:26,118 [INFO] PluginManage:310 - Check plugin rif
2026-07-10 17:30:26,127 [INFO] PluginManage:359 - Loaded plugin rif (category:base,tabindex:3)
2026-07-10 17:30:26,127 [INFO] PluginManage:310 - Check plugin thirdparty
2026-07-10 17:30:26,216 [INFO] PluginManage:359 - Loaded plugin thirdparty (category:base,tabindex:-1)
2026-07-10 17:30:26,216 [WARN] IntegrityCheckThread:84 - waiting for thirdparty lock release [integrity check]
2026-07-10 17:30:26,216 [INFO] IntegrityCheckThread:86 - entering critical section [integrity check]
2026-07-10 17:30:26,216 [INFO] PluginManage:310 - Check plugin tools
2026-07-10 17:30:26,217 [INFO] ThirdPartyUpdaterWithRetryManager:70 - Updater plugin not ready yet. [1/15]
2026-07-10 17:30:26,218 [INFO] PluginManage:359 - Loaded plugin tools (category:base,tabindex:7)
2026-07-10 17:30:26,218 [INFO] PluginManage:310 - Check plugin tutovideos
2026-07-10 17:30:26,332 [INFO] PluginManage:359 - Loaded plugin tutovideos (category:base,tabindex:-1)
2026-07-10 17:30:26,332 [INFO] PluginManage:310 - Check plugin updater
2026-07-10 17:30:26,347 [INFO] PluginManage:359 - Loaded plugin updater (category:base,tabindex:12)
2026-07-10 17:30:26,347 [INFO] PluginManage:310 - Check plugin userauth
2026-07-10 17:30:26,349 [INFO] UserAuth:118 - Init User Auth plugin
2026-07-10 17:30:26,350 [INFO] PluginManage:359 - Loaded plugin userauth (category:base,tabindex:14)
2026-07-10 17:30:26,350 [INFO] PluginManage:283 - PluginManage : Loaded plugins [18]
2026-07-10 17:30:26,447 [INFO] PinOutPanel:1589 - setPackage(No Configuration,No Configuration)
2026-07-10 17:30:26,489 [INFO] CADModel:165 - CPN selected for project level
2026-07-10 17:30:26,489 [INFO] CADModel:114 - Register for checkConnection events
2026-07-10 17:30:26,496 [INFO] IPUIPlugin:80 - create IPUIPlugin
2026-07-10 17:30:26,496 [INFO] PluginManager:220 - loadIPPluginJar : add i2s
2026-07-10 17:30:26,500 [INFO] IPUIPlugin:80 - create IPUIPlugin
2026-07-10 17:30:26,500 [INFO] PluginManager:220 - loadIPPluginJar : add dma
2026-07-10 17:30:26,501 [INFO] IPUIPlugin:80 - create IPUIPlugin
2026-07-10 17:30:26,501 [INFO] PluginManager:220 - loadIPPluginJar : add tim
2026-07-10 17:30:26,501 [INFO] IPUIPlugin:80 - create IPUIPlugin
2026-07-10 17:30:26,501 [INFO] PluginManager:220 - loadIPPluginJar : add ltdc
2026-07-10 17:30:26,502 [INFO] IPUIPlugin:80 - create IPUIPlugin
2026-07-10 17:30:26,502 [INFO] PluginManager:220 - loadIPPluginJar : add quadspi
2026-07-10 17:30:26,507 [INFO] IPUIPlugin:80 - create IPUIPlugin
2026-07-10 17:30:26,507 [INFO] PluginManager:220 - loadIPPluginJar : add stm32_wpan
2026-07-10 17:30:26,509 [INFO] IPUIPlugin:80 - create IPUIPlugin
2026-07-10 17:30:26,509 [INFO] PluginManager:220 - loadIPPluginJar : add ddr_ctrl_phy
2026-07-10 17:30:26,511 [INFO] IPUIPlugin:80 - create IPUIPlugin
2026-07-10 17:30:26,511 [INFO] PluginManager:220 - loadIPPluginJar : add can
2026-07-10 17:30:26,514 [INFO] IPUIPlugin:80 - create IPUIPlugin
2026-07-10 17:30:26,514 [INFO] PluginManager:220 - loadIPPluginJar : add gic
2026-07-10 17:30:26,516 [INFO] IPUIPlugin:80 - create IPUIPlugin
2026-07-10 17:30:26,516 [INFO] PluginManager:220 - loadIPPluginJar : add spi
2026-07-10 17:30:26,517 [INFO] IPUIPlugin:80 - create IPUIPlugin
2026-07-10 17:30:26,517 [INFO] PluginManager:220 - loadIPPluginJar : add openamp
2026-07-10 17:30:26,519 [INFO] IPUIPlugin:80 - create IPUIPlugin
2026-07-10 17:30:26,519 [INFO] PluginManager:220 - loadIPPluginJar : add aes
2026-07-10 17:30:26,520 [INFO] IPUIPlugin:80 - create IPUIPlugin
2026-07-10 17:30:26,520 [INFO] PluginManager:220 - loadIPPluginJar : add gtzc
2026-07-10 17:30:26,524 [INFO] IPUIPlugin:80 - create IPUIPlugin
2026-07-10 17:30:26,524 [INFO] PluginManager:220 - loadIPPluginJar : add linkedlist
2026-07-10 17:30:26,525 [INFO] IPUIPlugin:80 - create IPUIPlugin
2026-07-10 17:30:26,525 [INFO] PluginManager:220 - loadIPPluginJar : add fatfs
2026-07-10 17:30:26,526 [INFO] IPUIPlugin:80 - create IPUIPlugin
2026-07-10 17:30:26,526 [INFO] PluginManager:220 - loadIPPluginJar : add dma3
2026-07-10 17:30:26,529 [INFO] IPUIPlugin:80 - create IPUIPlugin
2026-07-10 17:30:26,529 [INFO] PluginManager:220 - loadIPPluginJar : add mdma
2026-07-10 17:30:26,531 [INFO] IPUIPlugin:80 - create IPUIPlugin
2026-07-10 17:30:26,531 [INFO] PluginManager:220 - loadIPPluginJar : add resmgrutility
2026-07-10 17:30:26,531 [INFO] IPUIPlugin:80 - create IPUIPlugin
2026-07-10 17:30:26,531 [INFO] PluginManager:220 - loadIPPluginJar : add genericplugin
2026-07-10 17:30:26,533 [INFO] IPUIPlugin:80 - create IPUIPlugin
2026-07-10 17:30:26,533 [INFO] PluginManager:220 - loadIPPluginJar : add hash
2026-07-10 17:30:26,534 [INFO] IPUIPlugin:80 - create IPUIPlugin
2026-07-10 17:30:26,534 [INFO] PluginManager:220 - loadIPPluginJar : add lorawan
2026-07-10 17:30:26,535 [INFO] IPUIPlugin:80 - create IPUIPlugin
2026-07-10 17:30:26,535 [INFO] PluginManager:220 - loadIPPluginJar : add tracer_emb
2026-07-10 17:30:26,536 [INFO] IPUIPlugin:80 - create IPUIPlugin
2026-07-10 17:30:26,536 [INFO] PluginManager:220 - loadIPPluginJar : add extmemmanager
2026-07-10 17:30:26,538 [INFO] IPUIPlugin:80 - create IPUIPlugin
2026-07-10 17:30:26,538 [INFO] PluginManager:220 - loadIPPluginJar : add nvic
2026-07-10 17:30:26,540 [INFO] IPUIPlugin:80 - create IPUIPlugin
2026-07-10 17:30:26,540 [INFO] PluginManager:220 - loadIPPluginJar : add fmc
2026-07-10 17:30:26,542 [INFO] IPUIPlugin:80 - create IPUIPlugin
2026-07-10 17:30:26,542 [INFO] PluginManager:220 - loadIPPluginJar : add ipddr
2026-07-10 17:30:26,543 [INFO] IPUIPlugin:80 - create IPUIPlugin
2026-07-10 17:30:26,543 [INFO] PluginManager:220 - loadIPPluginJar : add gpio
2026-07-10 17:30:26,544 [INFO] IPUIPlugin:80 - create IPUIPlugin
2026-07-10 17:30:26,544 [INFO] PluginManager:220 - loadIPPluginJar : add ts
2026-07-10 17:30:26,547 [INFO] IPUIPlugin:80 - create IPUIPlugin
2026-07-10 17:30:26,547 [INFO] PluginManager:220 - loadIPPluginJar : add freertos
2026-07-10 17:30:26,548 [INFO] IPUIPlugin:80 - create IPUIPlugin
2026-07-10 17:30:26,548 [INFO] PluginManager:220 - loadIPPluginJar : add radio
2026-07-10 17:30:26,549 [INFO] IPUIPlugin:80 - create IPUIPlugin
2026-07-10 17:30:26,549 [INFO] PluginManager:220 - loadIPPluginJar : add gfxmmu
2026-07-10 17:30:26,550 [INFO] IPUIPlugin:80 - create IPUIPlugin
2026-07-10 17:30:26,550 [INFO] PluginManager:220 - loadIPPluginJar : add dfsdm
2026-07-10 17:30:26,551 [INFO] IPUIPlugin:80 - create IPUIPlugin
2026-07-10 17:30:26,552 [INFO] PluginManager:220 - loadIPPluginJar : add opamp
2026-07-10 17:30:26,552 [INFO] IPUIPlugin:80 - create IPUIPlugin
2026-07-10 17:30:26,552 [INFO] PluginManager:220 - loadIPPluginJar : add tsc
2026-07-10 17:30:26,553 [INFO] IPUIPlugin:80 - create IPUIPlugin
2026-07-10 17:30:26,553 [INFO] PluginManager:220 - loadIPPluginJar : add i3c
2026-07-10 17:30:26,554 [INFO] IPUIPlugin:80 - create IPUIPlugin
2026-07-10 17:30:26,554 [INFO] PluginManager:220 - loadIPPluginJar : add sai
2026-07-10 17:30:26,556 [INFO] IPUIPlugin:80 - create IPUIPlugin
2026-07-10 17:30:26,556 [INFO] PluginManager:220 - loadIPPluginJar : add touchsensing
2026-07-10 17:30:26,557 [INFO] IPUIPlugin:80 - create IPUIPlugin
2026-07-10 17:30:26,557 [INFO] PluginManager:220 - loadIPPluginJar : add cryp
2026-07-10 17:30:26,558 [INFO] IPUIPlugin:80 - create IPUIPlugin
2026-07-10 17:30:26,558 [INFO] PluginManager:220 - loadIPPluginJar : add pdm2pcm
2026-07-10 17:30:26,558 [INFO] IPUIPlugin:80 - create IPUIPlugin
2026-07-10 17:30:26,558 [INFO] PluginManager:220 - loadIPPluginJar : add comp
2026-07-10 17:30:26,559 [INFO] IPUIPlugin:80 - create IPUIPlugin
2026-07-10 17:30:26,559 [INFO] PluginManager:220 - loadIPPluginJar : add usart
2026-07-10 17:30:26,560 [INFO] IPUIPlugin:80 - create IPUIPlugin
2026-07-10 17:30:26,560 [INFO] PluginManager:220 - loadIPPluginJar : add ucpd
2026-07-10 17:30:26,561 [INFO] IPUIPlugin:80 - create IPUIPlugin
2026-07-10 17:30:26,561 [INFO] PluginManager:220 - loadIPPluginJar : add i2c
2026-07-10 17:30:26,562 [INFO] IPUIPlugin:80 - create IPUIPlugin
2026-07-10 17:30:26,563 [INFO] PluginManager:220 - loadIPPluginJar : add usbx
2026-07-10 17:30:26,566 [INFO] IPUIPlugin:80 - create IPUIPlugin
2026-07-10 17:30:26,567 [INFO] PluginManager:220 - loadIPPluginJar : add adc
2026-07-10 17:30:26,570 [INFO] IPUIPlugin:80 - create IPUIPlugin
2026-07-10 17:30:26,572 [INFO] PluginManager:220 - loadIPPluginJar : add plateformsettings
2026-07-10 17:30:26,660 [FATAL] Updater:351 - Updater called before beeing initialized
2026-07-10 17:30:26,700 [INFO] RulesReader:64 - Compatibility file has been processed (317 Rules)
2026-07-10 17:30:26,719 [INFO] RulesReader:64 - Compatibility file has been processed (317 Rules)
2026-07-10 17:30:26,725 [INFO] CADModel:165 - CPN selected for project level
2026-07-10 17:30:26,725 [INFO] CADModel:114 - Register for checkConnection events
2026-07-10 17:30:26,725 [FATAL] Updater:351 - Updater called before beeing initialized
2026-07-10 17:30:26,725 [ERROR] CADModel:125 - Updater not yet initialized, retry later 
2026-07-10 17:30:26,793 [FATAL] Updater:351 - Updater called before beeing initialized
2026-07-10 17:30:26,794 [INFO] CADModel:165 - CPN selected for project level
2026-07-10 17:30:26,794 [INFO] CADModel:114 - Register for checkConnection events
2026-07-10 17:30:26,794 [FATAL] Updater:351 - Updater called before beeing initialized
2026-07-10 17:30:26,794 [ERROR] CADModel:125 - Updater not yet initialized, retry later 
2026-07-10 17:30:26,796 [FATAL] Updater:351 - Updater called before beeing initialized
2026-07-10 17:30:26,850 [FATAL] Updater:351 - Updater called before beeing initialized
2026-07-10 17:30:26,853 [INFO] DbMcusAds:53 - JSON generation date=Thu May 28 21:38:16 IST 2026 (1779984496216)
2026-07-10 17:30:26,853 [FATAL] Updater:351 - Updater called before beeing initialized
2026-07-10 17:30:26,874 [WARN] DetailPanel:346 - Failed to get advertising image, set to default
2026-07-10 17:30:26,918 [FATAL] Updater:351 - Updater called before beeing initialized
2026-07-10 17:30:26,919 [FATAL] Updater:351 - Updater called before beeing initialized
2026-07-10 17:30:26,919 [FATAL] Updater:351 - Updater called before beeing initialized
2026-07-10 17:30:26,919 [WARN] DetailPanel:346 - Failed to get advertising image, set to default
2026-07-10 17:30:26,920 [FATAL] Updater:351 - Updater called before beeing initialized
2026-07-10 17:30:26,937 [ERROR] Updater:1198 - MainUpdater not yet initialized. External WinMGr cannot be set.
2026-07-10 17:30:26,938 [INFO] Updater:1134 - Updater Version found : 6.15.0
2026-07-10 17:30:26,949 [INFO] ApplicationProperties:184 - Using Application install path: /opt/st/stm32cubeide_1.19.0/plugins/com.st.stm32cube.common.mx_6.15.0.202507011659
2026-07-10 17:30:27,522 [INFO] MainUpdater:2872 - connection check result : 10
2026-07-10 17:30:27,523 [INFO] MainUpdater:289 - Updater Check For Update Now.
2026-07-10 17:30:27,523 [INFO] MicroXplorer:498 - Change Database Version : DB.6.0.150
2026-07-10 17:30:27,528 [INFO] McuFinderGlobals:63 - Set McuFinder mode to 2 (CubeIDE integrated)
2026-07-10 17:30:27,528 [INFO] UserAuth:171 - activating auth plugin
2026-07-10 17:30:27,530 [INFO] UserAuth:487 - Internet connection configuration mode: 1
2026-07-10 17:30:27,542 [INFO] JxBrowserEngine:152 - Initiate JxBrowser Engine with user profile folder
2026-07-10 17:30:27,695 [INFO] CheckServerUpdateThread:120 - End of CheckServer Thread
2026-07-10 17:30:27,927 [INFO] WebApp:169 - Instantiating new browser for Auth
2026-07-10 17:30:28,307 [INFO] WebApp:463 - Apply proxy settings
2026-07-10 17:30:28,307 [INFO] WebApp:548 - Chromium requires no authentication
2026-07-10 17:30:28,312 [INFO] WebApp:491 - Direct internet connection detected
2026-07-10 17:30:28,324 [INFO] WebApp:900 - Register for checkConnection events
2026-07-10 17:30:28,325 [INFO] WebApp:463 - Apply proxy settings
2026-07-10 17:30:28,325 [INFO] WebApp:548 - Chromium requires no authentication
2026-07-10 17:30:28,325 [INFO] WebApp:491 - Direct internet connection detected
2026-07-10 17:30:28,401 [INFO] WebApp:225 - Starting web application
2026-07-10 17:30:28,401 [INFO] WebApp:593 - Web application path used /opt/st/stm32cubeide_1.19.0/plugins/com.st.stm32cube.common.mx_6.15.0.202507011659/db/plugins/mcufinder/reactClient1/index.html
2026-07-10 17:30:29,305 [WARN] PackLoader:240 - Cannot read IP mode file for STMicroelectronics.X-CUBE-AZRTOS-H7.3.5.0
2026-07-10 17:30:29,313 [WARN] PackLoader:240 - Cannot read IP mode file for STMicroelectronics.FP-ATR-ASTRA1.2.0.2
2026-07-10 17:30:29,316 [ERROR] Engine:466 - /home/anton/.stm32cubemx/thirdparties/pdsc/STMicroelectronics.X-CUBE-SMBUS.2.1.1.pdsc: PDSC version is not supported
2026-07-10 17:30:29,328 [WARN] PackLoader:240 - Cannot read IP mode file for STMicroelectronics.X-CUBE-AZRTOS-F7.1.1.0
2026-07-10 17:30:29,335 [WARN] PackLoader:240 - Cannot read IP mode file for STMicroelectronics.X-CUBE-FREERTOS.1.6.0
2026-07-10 17:30:29,338 [WARN] PackLoader:240 - Cannot read IP mode file for STMicroelectronics.FP-SNS-MOTENV1.5.1.0
2026-07-10 17:30:29,368 [WARN] PackLoader:240 - Cannot read IP mode file for STMicroelectronics.X-CUBE-AZRTOS-H7RS.1.3.0
2026-07-10 17:30:29,381 [WARN] PackLoader:240 - Cannot read IP mode file for WES.I-CUBE-Cesium.1.4.0
2026-07-10 17:30:29,388 [WARN] PackLoader:240 - Cannot read IP mode file for STMicroelectronics.X-CUBE-DISPLAY.3.0.0
2026-07-10 17:30:29,400 [WARN] PackLoader:240 - Cannot read IP mode file for STMicroelectronics.X-CUBE-GNSS1.7.1.1
2026-07-10 17:30:29,405 [WARN] PackLoader:240 - Cannot read IP mode file for STMicroelectronics.FP-SNS-MOTENVWB1.1.5.0
2026-07-10 17:30:29,407 [WARN] PackLoader:240 - Cannot read IP mode file for wolfSSL.I-CUBE-wolfSSL.5.9.1
2026-07-10 17:30:29,413 [WARN] PackLoader:240 - Cannot read IP mode file for STMicroelectronics.X-CUBE-NFC10.1.0.0
2026-07-10 17:30:29,417 [WARN] PackLoader:240 - Cannot read IP mode file for STMicroelectronics.X-CUBE-ST60.1.1.0
2026-07-10 17:30:29,421 [WARN] PackLoader:240 - Cannot read IP mode file for emotas.I-CUBE-CANOPEN.1.3.0
2026-07-10 17:30:29,423 [ERROR] Engine:466 - /home/anton/.stm32cubemx/thirdparties/pdsc/STMicroelectronics.X-CUBE-WBA.1.1.0.pdsc: PDSC version is not supported
2026-07-10 17:30:29,428 [WARN] PackLoader:240 - Cannot read IP mode file for STMicroelectronics.FP-SNS-STBOX1.2.1.0
2026-07-10 17:30:29,431 [WARN] PackLoader:240 - Cannot read IP mode file for STMicroelectronics.FP-SNS-SMARTAG2.1.2.0
2026-07-10 17:30:29,435 [WARN] PackLoader:240 - Cannot read IP mode file for STMicroelectronics.FP-SNS-FLIGHT1.5.1.0
2026-07-10 17:30:29,442 [INFO] LogOutputStream:77 - [STDOUT_REDIRECT] 1 : Invalid condition id : UX_CORESTACK_Condition cause : null
2026-07-10 17:30:29,442 [INFO] LogOutputStream:77 - [STDOUT_REDIRECT] 1 : Invalid condition id : UX_CORESTACK_Condition cause : null
2026-07-10 17:30:29,443 [INFO] LogOutputStream:77 - [STDOUT_REDIRECT] 1 : Invalid condition id : UX_CORESTACK_Condition cause : null
2026-07-10 17:30:29,443 [INFO] LogOutputStream:77 - [STDOUT_REDIRECT] 1 : Invalid condition id : UX_CORESTACK_Condition cause : null
2026-07-10 17:30:29,443 [INFO] LogOutputStream:77 - [STDOUT_REDIRECT] 1 : Invalid condition id : UX_CORESTACK_Condition cause : null
2026-07-10 17:30:29,446 [WARN] PackLoader:240 - Cannot read IP mode file for STMicroelectronics.X-CUBE-AZRTOS-WL.2.0.0
2026-07-10 17:30:29,467 [WARN] PackLoader:240 - Cannot read IP mode file for STMicroelectronics.X-CUBE-BLE2.3.3.0
2026-07-10 17:30:29,505 [WARN] PackLoader:240 - Cannot read IP mode file for Infineon.AIROC-Wi-Fi-Bluetooth-STM32.1.8.0
2026-07-10 17:30:29,517 [WARN] PackLoader:240 - Cannot read IP mode file for STMicroelectronics.X-CUBE-NFC9.1.0.0
2026-07-10 17:30:29,524 [WARN] PackLoader:240 - Cannot read IP mode file for STMicroelectronics.X-CUBE-BLE1.7.1.0
2026-07-10 17:30:29,527 [WARN] PackLoader:240 - Cannot read IP mode file for wolfSSL.I-CUBE-wolfMQTT.1.19.2
2026-07-10 17:30:29,533 [WARN] PackLoader:240 - Cannot read IP mode file for STMicroelectronics.X-CUBE-EEPRMA1.5.2.0
2026-07-10 17:30:29,541 [WARN] PackLoader:240 - Cannot read IP mode file for STMicroelectronics.FP-SNS-STAIOTCFT.1.1.0
2026-07-10 17:30:29,556 [WARN] PackLoader:240 - Cannot read IP mode file for STMicroelectronics.X-CUBE-AZRTOS-G0.1.1.0
2026-07-10 17:30:29,560 [WARN] PackLoader:240 - Cannot read IP mode file for STMicroelectronics.X-CUBE-NFC4.3.0.0
2026-07-10 17:30:29,566 [WARN] PackLoader:240 - Cannot read IP mode file for EmbeddedOffice.I-CUBE-FS-RTOS.1.0.1
2026-07-10 17:30:29,569 [WARN] PackLoader:240 - Cannot read IP mode file for wolfSSL.I-CUBE-wolfTPM.3.8.0
2026-07-10 17:30:29,571 [WARN] PackLoader:240 - Cannot read IP mode file for STMicroelectronics.X-CUBE-TCPP.4.2.0
2026-07-10 17:30:29,575 [WARN] PackLoader:240 - Cannot read IP mode file for RealThread.X-CUBE-RT-Thread_Nano.4.1.1
2026-07-10 17:30:29,577 [WARN] PackLoader:240 - Cannot read IP mode file for STMicroelectronics.FP-ATR-SIGFOX1.3.2.0
2026-07-10 17:30:29,579 [WARN] PackLoader:240 - Cannot read IP mode file for ITTIA_DB.I-CUBE-ITTIADB.8.9.0
2026-07-10 17:30:29,580 [WARN] PackLoader:240 - Cannot read IP mode file for Cesanta.I-CUBE-Mongoose.7.21.7
2026-07-10 17:30:29,583 [WARN] PackLoader:240 - Cannot read IP mode file for STMicroelectronics.X-CUBE-NFC6.3.2.0
2026-07-10 17:30:29,587 [WARN] PackLoader:240 - Cannot read IP mode file for STMicroelectronics.X-CUBE-AI.10.2.1
2026-07-10 17:30:29,616 [WARN] PackLoader:240 - Cannot read IP mode file for STMicroelectronics.X-CUBE-MEMS1.12.1.0
2026-07-10 17:30:29,688 [WARN] PackLoader:240 - Cannot read IP mode file for SEGGER.I-CUBE-embOS.1.3.1
2026-07-10 17:30:29,725 [WARN] PackLoader:240 - Cannot read IP mode file for STMicroelectronics.X-CUBE-NFC13.1.0.0
2026-07-10 17:30:29,728 [WARN] PackLoader:240 - Cannot read IP mode file for STMicroelectronics.X-CUBE-PM33A1.1.0.0
2026-07-10 17:30:29,746 [INFO] WebApp:191 - Connection restablished
2026-07-10 17:30:29,747 [WARN] PackLoader:240 - Cannot read IP mode file for STMicroelectronics.X-CUBE-AZRTOS-F4.1.1.0
2026-07-10 17:30:29,750 [WARN] PackLoader:240 - Cannot read IP mode file for STMicroelectronics.X-CUBE-ISPU.2.1.0
2026-07-10 17:30:29,759 [WARN] PackLoader:240 - Cannot read IP mode file for STMicroelectronics.X-CUBE-IPS.3.2.0
2026-07-10 17:30:29,765 [WARN] PackLoader:240 - Cannot read IP mode file for STMicroelectronics.eDS-WB_DPC_TT-BIDIR.2.1.1
2026-07-10 17:30:29,768 [WARN] PackLoader:240 - Cannot read IP mode file for STMicroelectronics.X-CUBE-NFC12.1.0.0
2026-07-10 17:30:29,776 [WARN] PackLoader:240 - Cannot read IP mode file for STMicroelectronics.X-CUBE-AZRTOS-L5.2.0.0
2026-07-10 17:30:29,780 [WARN] PackLoader:240 - Cannot read IP mode file for STMicroelectronics.X-CUBE-ALGOBUILD.1.5.0
2026-07-10 17:30:29,781 [WARN] PackLoader:240 - Cannot read IP mode file for STMicroelectronics.eDS-WB_DPC_VIENNA.1.2.0
2026-07-10 17:30:29,782 [WARN] PackLoader:240 - Cannot read IP mode file for STMicroelectronics.eDS-WB_DPC_3PH2L-BIDIR.1.1.1
2026-07-10 17:30:29,784 [ERROR] Engine:466 - /home/anton/.stm32cubemx/thirdparties/pdsc/STMicroelectronics.X-CUBE-ST67W61.1.3.0.pdsc: PDSC version is not supported
2026-07-10 17:30:29,785 [WARN] PackLoader:240 - Cannot read IP mode file for STMicroelectronics.X-CUBE-TOUCHGFX.4.26.1
2026-07-10 17:30:29,787 [WARN] PackLoader:240 - Cannot read IP mode file for STMicroelectronics.X-CUBE-DPower.1.3.0
2026-07-10 17:30:29,795 [WARN] ConditionMgr:438 - getConditionDescription Invalid condition id : LAN8742 Phy interface Condition cause : null
2026-07-10 17:30:29,796 [WARN] PackLoader:240 - Cannot read IP mode file for STMicroelectronics.X-CUBE-AZRTOS-L4.2.0.0
2026-07-10 17:30:29,797 [WARN] ConditionMgr:1044 - genDependencies : Invalid condition id : LAN8742 Phy interface Condition cause : null
2026-07-10 17:30:29,797 [WARN] ConditionMgr:1044 - genDependencies : Invalid condition id : LAN8742 Phy interface Condition cause : null
2026-07-10 17:30:29,797 [WARN] ConditionMgr:1044 - genDependencies : Invalid condition id : LAN8742 Phy interface Condition cause : null
2026-07-10 17:30:29,800 [WARN] PackLoader:240 - Cannot read IP mode file for STMicroelectronics.X-CUBE-SFXS2LP1.4.0.0
2026-07-10 17:30:29,803 [WARN] PackLoader:240 - Cannot read IP mode file for STMicroelectronics.X-CUBE-WB05N.2.1.0
2026-07-10 17:30:29,808 [WARN] ConditionMgr:438 - getConditionDescription Invalid condition id : UX DEVICE CLASS RTOS Condition cause : null
2026-07-10 17:30:29,809 [WARN] ConditionMgr:438 - getConditionDescription Invalid condition id : UX DEVICE CLASS RTOS Condition cause : null
2026-07-10 17:30:29,810 [WARN] PackLoader:240 - Cannot read IP mode file for STMicroelectronics.X-CUBE-AZRTOS-WB.2.0.0
2026-07-10 17:30:29,810 [WARN] ConditionMgr:1044 - genDependencies : Invalid condition id : UX DEVICE CLASS RTOS Condition cause : null
2026-07-10 17:30:29,810 [WARN] ConditionMgr:1044 - genDependencies : Invalid condition id : UX DEVICE CLASS RTOS Condition cause : null
2026-07-10 17:30:29,810 [WARN] ConditionMgr:1044 - genDependencies : Invalid condition id : UX DEVICE CLASS RTOS Condition cause : null
2026-07-10 17:30:29,810 [WARN] ConditionMgr:1044 - genDependencies : Invalid condition id : UX DEVICE CLASS RTOS Condition cause : null
2026-07-10 17:30:29,810 [WARN] ConditionMgr:1044 - genDependencies : Invalid condition id : UX DEVICE CLASS RTOS Condition cause : null
2026-07-10 17:30:29,812 [WARN] ConditionMgr:438 - getConditionDescription Invalid condition id : Cortex-A Device cause : null
2026-07-10 17:30:29,816 [WARN] ConditionMgr:1044 - genDependencies : Invalid condition id : Cortex-A Device cause : null
2026-07-10 17:30:29,817 [WARN] ConditionMgr:1044 - genDependencies : Invalid condition id : Cortex-A Device cause : null
2026-07-10 17:30:29,817 [WARN] ConditionMgr:1044 - genDependencies : Invalid condition id : Cortex-A Device cause : null
2026-07-10 17:30:29,819 [WARN] PackLoader:240 - Cannot read IP mode file for STMicroelectronics.X-CUBE-STSE01.2.0.0
2026-07-10 17:30:29,824 [WARN] PackLoader:240 - Cannot read IP mode file for STMicroelectronics.X-CUBE-SUBG2.5.0.0
2026-07-10 17:30:29,833 [WARN] PackLoader:240 - Cannot read IP mode file for STMicroelectronics.X-CUBE-AZRTOS-G4.2.0.0
2026-07-10 17:30:29,835 [WARN] PackLoader:240 - Cannot read IP mode file for wolfSSL.I-CUBE-wolfSSH.1.4.20
2026-07-10 17:30:29,837 [WARN] PackLoader:240 - Cannot read IP mode file for STMicroelectronics.X-CUBE-NFC7.2.0.0
2026-07-10 17:30:29,839 [ERROR] Engine:466 - /home/anton/.stm32cubemx/thirdparties/pdsc/STMicroelectronics.X-CUBE-BLEMGR.4.2.0.pdsc: PDSC version is not supported
2026-07-10 17:30:29,840 [WARN] PackLoader:240 - Cannot read IP mode file for STMicroelectronics.X-CUBE-ALS.1.0.2
2026-07-10 17:30:29,845 [WARN] PackLoader:240 - Cannot read IP mode file for STMicroelectronics.X-CUBE-TOF1.3.4.3
2026-07-10 17:30:29,850 [INFO] ThirdParty:978 - Integrity check success = true
2026-07-10 17:30:29,850 [INFO] IntegrityCheckThread:100 - exiting critical section [integrity check]
2026-07-10 17:30:29,850 [INFO] IntegrityCheckThread:103 - End integrity checks thread
2026-07-10 17:30:30,589 [INFO] McuFinderGlobals:63 - Set McuFinder mode to 2 (CubeIDE integrated)
2026-07-10 17:30:30,590 [INFO] MainUpdater:2872 - connection check result : 10
2026-07-10 17:30:30,591 [INFO] McuFinderGlobals:76 - Set McuFinderConnectedMode to true
2026-07-10 17:30:31,723 [INFO] ServerAccessManage:452 - Complete download http(s) 200
2026-07-10 17:30:31,724 [INFO] ServerAccessManage:509 - Download File mcusAds.json._tmp_
2026-07-10 17:30:31,826 [INFO] LoadUrlFilesThread:156 - End of LoadUrlFiles Thread
2026-07-10 17:30:32,012 [INFO] ServerAccessManage:452 - Complete download http(s) 200
2026-07-10 17:30:32,013 [INFO] ServerAccessManage:509 - Download File cube-finder-db.zip
2026-07-10 17:30:33,630 [ERROR] ServerAccessManage:740 - User Cancel Download : cube-finder-db.zip.
2026-07-10 17:30:33,731 [INFO] LoadUrlFilesThread:156 - End of LoadUrlFiles Thread
2026-07-10 17:30:33,731 [INFO] ProgressBarDialog:492 - /home/anton/.stmcufinder/plugins/mcufinder/mcu/cube-finder-db.zip.tmp : file deleted.
2026-07-10 17:30:34,844 [INFO] DbMcusAds:53 - JSON generation date=Thu May 28 21:38:16 IST 2026 (1779984496462)
2026-07-10 17:30:34,855 [ERROR] TargetSelectorAdapter:267 - Unable to refresh data
2026-07-10 17:30:35,044 [INFO] ApiDb:581 - Connected to CubeFinder SQLite database (/home/anton/.stmcufinder/plugins/mcufinder/mcu/cube-finder-db.db)
2026-07-10 17:30:35,076 [INFO] ApiDb:668 - CubeFinder database Data Model version=2.1
2026-07-10 17:30:35,076 [INFO] ApiDb:669 - CubeFinder database Configuration version=3.0.42
2026-07-10 17:30:35,076 [INFO] ApiDb:670 - CubeFinder database generation date=2026-06-23 (1782213372)
2026-07-10 17:30:35,076 [INFO] ApiDb:671 - CubeFinder database FW Pack versions=[FP-ATR-ASTRA1_V2.0.0, FP-SNS-FLIGHT1_V5.1.0, FP-SNS-MOTENV1_V5.1.0, FP-SNS-MOTENVWB1_V1.5.0, FP-SNS-SMARTAG2_V1.2.0, FP-SNS-STBOX1_V2.1.0, STM32Cube_FW_C0_V1.4.0, STM32Cube_FW_F4_V1.28.3, STM32Cube_FW_F7_V1.17.4, STM32Cube_FW_G0_V1.6.3, STM32Cube_FW_G4_V1.6.2, STM32Cube_FW_H5_V1.7.0, STM32Cube_FW_H7RS_V1.3.0, STM32Cube_FW_H7_V1.13.0, STM32Cube_FW_L0_V1.12.2, STM32Cube_FW_L4_V1.18.2, STM32Cube_FW_L5_V1.6.0, STM32Cube_FW_N6_V1.4.0, STM32Cube_FW_U0_V1.3.0, STM32Cube_FW_U3_V1.4.0, STM32Cube_FW_U5_V1.9.0, STM32Cube_FW_WB0_V1.5.0, STM32Cube_FW_WBA_V1.10.0, STM32Cube_FW_WB_V1.24.0, STM32Cube_FW_WL3_V1.5.0, STM32Cube_FW_WL_V1.6.0, X-CUBE-ALGOBUILD_V1.5.0, X-CUBE-ALS_V1.0.2, X-CUBE-AZRTOS-F4_V1.1.0, X-CUBE-AZRTOS-F7_V1.1.0, X-CUBE-AZRTOS-G0_V1.1.0, X-CUBE-AZRTOS-G4_V2.0.0, X-CUBE-AZRTOS-H7RS_V1.1.0, X-CUBE-AZRTOS-H7_V3.5.0, X-CUBE-AZRTOS-L4_V2.0.0, X-CUBE-AZRTOS-L5_V2.0.0, X-CUBE-AZRTOS-WB_V2.0.0, X-CUBE-AZRTOS-WL_V2.0.0, X-CUBE-BLE1_V7.1.0, X-CUBE-BLE2_V3.3.0, X-CUBE-BLEMGR_V4.1.0, X-CUBE-EEPRMA1_V5.2.0, X-CUBE-FREERTOS_V1.5.0, X-CUBE-GNSS1_V7.1.1, X-CUBE-MEMS1_V12.1.0, X-CUBE-NFC4_V3.0.0, X-CUBE-NFC7_V2.0.0, X-CUBE-SFXS2LP1_V4.0.0, X-CUBE-ST67W61_V1.3.0, X-CUBE-SUBG2_V5.0.0, X-CUBE-TOF1_V3.4.3]
2026-07-10 17:30:36,646 [INFO] ApiDb:240 - Found 880 in-development CPN: [B-G473E-ZEST1S, B-WB1M-WPAN1, B-WBA5M-WPAN, B-WL5M-SUBG1, NUCLEO-C031C6, NUCLEO-C051C8, NUCLEO-C071RB, NUCLEO-C092RC, NUCLEO-H503RB, NUCLEO-H533RE, NUCLEO-H563ZI, NUCLEO-H7S3L8, NUCLEO-N657X0-Q, NUCLEO-U031R8, NUCLEO-U083RC, NUCLEO-U385RG-Q, NUCLEO-U545RE-Q, NUCLEO-U5A5ZJ-Q, NUCLEO-WB05KZ, NUCLEO-WB07CC, NUCLEO-WB09KE, NUCLEO-WBA52CG, NUCLEO-WBA55CG, NUCLEO-WL33CC1, NUCLEO-WL33CC2, STEVAL-PROTEUS1, STEVAL-SMARTAG2, STEVAL-STWINBX1, STM320518-EVAL, STM32C0116-DK, STM32C011D6Y3TR, STM32C011D6Y6TR, STM32C011F4P3, STM32C011F4P6, STM32C011F4U3, STM32C011F4U6TR, STM32C011F6P3, STM32C011F6P6, STM32C011F6U3, STM32C011F6U6TR, STM32C011J4M3, STM32C011J4M6, STM32C011J6M3, STM32C011J6M6, STM32C0316-DK, STM32C031C4T3, STM32C031C4T6, STM32C031C4U3, STM32C031C4U6, STM32C031C6T3, STM32C031C6T6, STM32C031C6U3, STM32C031C6U6, STM32C031F4P3, STM32C031F4P6, STM32C031F6P3, STM32C031F6P6, STM32C031G4U3, STM32C031G4U6, STM32C031G6U3, STM32C031G6U6, STM32C031K4T3, STM32C031K4T6, STM32C031K4U3, STM32C031K4U6, STM32C031K6T3, STM32C031K6T6, STM32C031K6U3, STM32C031K6U6, STM32C051C6T6, STM32C051C6U6, STM32C051C8T6, STM32C051C8U6, STM32C051D8Y6TR, STM32C051F6P6, STM32C051F8P6, STM32C051G6U6, STM32C051G8U6, STM32C051K6T6, STM32C051K6U6, STM32C051K8T6, STM32C071C8T6, STM32C071C8T6N, STM32C071C8U6, STM32C071C8U6N, STM32C071CBT6, STM32C071CBT6N, STM32C071CBU6, STM32C071CBU6N, STM32C071F8P6, STM32C071F8P6N, STM32C071FBP6, STM32C071FBP6N, STM32C071FBY6TR, STM32C071G8U6, STM32C071G8U6N, STM32C071GBU6, STM32C071GBU6N, STM32C071K8T6, STM32C071K8T6N, STM32C071K8U6, STM32C071K8U6N, STM32C071KBT6, STM32C071KBT6N, STM32C071KBU6, STM32C071KBU6N, STM32C071R8T6, STM32C071R8T6N, STM32C071RBI6N, STM32C071RBT6, STM32C071RBT6N, STM32C091CBT6, STM32C091CBU6, STM32C091CCT6, STM32C091CCU6, STM32C091ECY6TR, STM32C091FBP6, STM32C091FCP6, STM32C091GBU6, STM32C091GCU6, STM32C091KBT6, STM32C091KBU6, STM32C091KCT6, STM32C091KCU6, STM32C091RBT6, STM32C091RCI6, STM32C091RCT6, STM32C092CBT6, STM32C092CBU6, STM32C092CCT6, STM32C092CCU6, STM32C092ECY6TR, STM32C092FBP6, STM32C092FCP6, STM32C092GBU6, STM32C092GCU6, STM32C092KBT6, STM32C092KBU6, STM32C092KCT6, STM32C092KCU6, STM32C092RBT6, STM32C092RCI6, STM32C092RCT6, STM32G071K8TXN, STM32G071K8UXN, STM32G081GBU6N, STM32G081KBT6N, STM32G081KBUXN, STM32G0B1CCT6N, STM32G0B1KCT6, STM32G0B1NEY6TR, STM32G0B1RCT6N, STM32G0C1CCT6, STM32G0C1CCT6N, STM32G0C1CCU6N, STM32G0C1CET6N, STM32G0C1CEU6N, STM32G0C1KCT6, STM32G0C1NEY6TR, STM32G0C1RCI6N, STM32G0C1RCT6N, STM32G0C1REI6N, STM32G0C1RET6N, STM32G0C1VCI6, STM32G0C1VEI6, STM32G411C6T3, STM32G411C6T6, STM32G411C6U3, STM32G411C6U6, STM32G411C8T3, STM32G411C8T6, STM32G411C8U3, STM32G411C8U6, STM32G411CBT3, STM32G411CBT6, STM32G411CBU3, STM32G411CBU6, STM32G411K6T3, STM32G411K6T6, STM32G411K6U3, STM32G411K6U6, STM32G411K8T3, STM32G411K8T6, STM32G411K8U3, STM32G411K8U6, STM32G411KBT3, STM32G411KBT6, STM32G411KBU3, STM32G411KBU6, STM32G411M6T3, STM32G411M6T6, STM32G411M8T3, STM32G411M8T6, STM32G411MBT3, STM32G411MBT6, STM32G411R6T3, STM32G411R6T6, STM32G411R8T3, STM32G411R8T6, STM32G411RBT3, STM32G411RBT6, STM32G414CBT3, STM32G414CBT6, STM32G414CBU3, STM32G414CBU6, STM32G414CCT3, STM32G414CCT6, STM32G414CCU3, STM32G414CCU6, STM32G414MBT3, STM32G414MBT6, STM32G414MCT3, STM32G414MCT6, STM32G414RBT3, STM32G414RBT6, STM32G414RCT3, STM32G414RCT6, STM32G414VBT3, STM32G414VBT6, STM32G414VCT3, STM32G414VCT6, STM32G431CBT3Z, STM32G431RBT3Z, STM32G471CCT6, STM32G471CCU6, STM32G471CET3, STM32G471CET6, STM32G471CEU3, STM32G471CEU6, STM32G471MCT6, STM32G471MET3, STM32G471MET6, STM32G471MEY6TR, STM32G471QCT6, STM32G471QET3, STM32G471RCT6, STM32G471RET3, STM32G471RET6, STM32G471VCH6, STM32G471VCI6, STM32G471VCT6, STM32G471VEH3, STM32G471VEH6, STM32G471VEI3, STM32G471VEI6, STM32G471VET3, STM32G471VET6, STM32G473QET3Z, STM32G473RET3Z, STM32G474CCT6, STM32G491RET3Z, STM32H503CBT6, STM32H503CBU6, STM32H503EBY6TR, STM32H503KBU6, STM32H503RBT6, STM32H523CCT6, STM32H523CCU6, STM32H523CET6, STM32H523CEU6, STM32H523HEY6TR, STM32H523RCT6, STM32H523RET6, STM32H523VCI6, STM32H523VCT6, STM32H523VEI6, STM32H523VET6, STM32H523ZCJ6, STM32H523ZCT6, STM32H523ZEJ6, STM32H523ZET6, STM32H533CET6, STM32H533CEU6, STM32H533HEY6TR, STM32H533RET6, STM32H533VEI6, STM32H533VET6, STM32H533ZEJ6, STM32H533ZET6, STM32H562AGI6, STM32H562AII6, STM32H562IGK6, STM32H562IGT6, STM32H562IIK6, STM32H562IIT6, STM32H562RGT6, STM32H562RGV6, STM32H562RIT6, STM32H562RIV6, STM32H562VGT6, STM32H562VIT6, STM32H562ZGT6, STM32H562ZIT6, STM32H563AGI6, STM32H563AII3Q, STM32H563AII6, STM32H563IGK6, STM32H563IGT6, STM32H563IIK3Q, STM32H563IIK6, STM32H563IIT3Q, STM32H563IIT6, STM32H563MIY3QTR, STM32H563RGT6, STM32H563RGV6, STM32H563RIT6, STM32H563RIV6, STM32H563VGT6, STM32H563VIT3Q, STM32H563VIT6, STM32H563ZGT6, STM32H563ZIT3Q, STM32H563ZIT6, STM32H573AII3Q, STM32H573AII6, STM32H573I-DK, STM32H573IIK3Q, STM32H573IIK6, STM32H573IIT3Q, STM32H573IIT6, STM32H573MIY3QTR, STM32H573RIT6, STM32H573RIV6, STM32H573VIT3Q, STM32H573VIT6, STM32H573ZIT3Q, STM32H573ZIT6, STM32H7R3A8I6, STM32H7R3I8K6, STM32H7R3I8T6, STM32H7R3L8H6, STM32H7R3L8H6H, STM32H7R3R8V6, STM32H7R3V8H6, STM32H7R3V8T6, STM32H7R3V8Y6TR, STM32H7R3Z8J6, STM32H7R3Z8T6, STM32H7R7A8I6, STM32H7R7I8K6, STM32H7R7I8T6, STM32H7R7L8H6, STM32H7R7L8H6H, STM32H7R7Z8J6, STM32H7S3A8I6, STM32H7S3I8K6, STM32H7S3I8T6, STM32H7S3L8H6, STM32H7S3L8H6H, STM32H7S3R8V6, STM32H7S3V8H6, STM32H7S3V8T6, STM32H7S3V8Y6TR, STM32H7S3Z8J6, STM32H7S3Z8T6, STM32H7S78-DK, STM32H7S7A8I6, STM32H7S7I8K6, STM32H7S7I8T6, STM32H7S7L8H6, STM32H7S7L8H6H, STM32H7S7Z8J6, STM32L4R5QGI6STR, STM32MP131AAE3, STM32MP131AAF3, STM32MP131AAG3, STM32MP131CAE3, STM32MP131CAF3, STM32MP131CAG3, STM32MP131DAE7, STM32MP131DAF7, STM32MP131DAG7, STM32MP131FAE7, STM32MP131FAF7, STM32MP131FAG7, STM32MP133AAE3, STM32MP133AAF3, STM32MP133AAG3, STM32MP133CAE3, STM32MP133CAF3, STM32MP133CAG3, STM32MP133DAE7, STM32MP133DAF7, STM32MP133DAG7, STM32MP133FAE7, STM32MP133FAF7, STM32MP133FAG7, STM32MP135AAE3, STM32MP135AAF3, STM32MP135AAG3, STM32MP135CAE3, STM32MP135CAF3, STM32MP135CAG3, STM32MP135DAE7, STM32MP135DAF7, STM32MP135DAG7, STM32MP135F-DK, STM32MP135FAE7, STM32MP135FAF7, STM32MP135FAF7T, STM32MP135FAF7U, STM32MP135FAG7, STM32MP211AAL3, STM32MP211AAM3, STM32MP211AAN3, STM32MP211AAO3, STM32MP211CAL3, STM32MP211CAM3, STM32MP211CAN3, STM32MP211CAO3, STM32MP211DAL3, STM32MP211DAM3, STM32MP211DAN3, STM32MP211DAO3, STM32MP211FAL3, STM32MP211FAM3, STM32MP211FAN3, STM32MP211FAO3, STM32MP213AAL3, STM32MP213AAM3, STM32MP213AAN3, STM32MP213AAO3, STM32MP213CAL3, STM32MP213CAM3, STM32MP213CAN3, STM32MP213CAO3, STM32MP213DAL3, STM32MP213DAM3, STM32MP213DAN3, STM32MP213DAO3, STM32MP213FAL3, STM32MP213FAM3, STM32MP213FAN3, STM32MP213FAO3, STM32MP215AAL3, STM32MP215AAM3, STM32MP215AAN3, STM32MP215AAO3, STM32MP215CAL3, STM32MP215CAM3, STM32MP215CAN3, STM32MP215CAO3, STM32MP215DAL3, STM32MP215DAM3, STM32MP215DAN3, STM32MP215DAO3, STM32MP215F-DK, STM32MP215FAL3, STM32MP215FAM3, STM32MP215FAN3, STM32MP215FAO3, STM32MP231AAJ3, STM32MP231AAK3, STM32MP231AAL3, STM32MP231CAJ3, STM32MP231CAK3, STM32MP231CAL3, STM32MP231DAJ3, STM32MP231DAK3, STM32MP231DAL3, STM32MP231FAJ3, STM32MP231FAK3, STM32MP231FAL3, STM32MP233AAJ3, STM32MP233AAK3, STM32MP233AAL3, STM32MP233CAJ3, STM32MP233CAK3, STM32MP233CAL3, STM32MP233DAJ3, STM32MP233DAK3, STM32MP233DAL3, STM32MP233FAJ3, STM32MP233FAK3, STM32MP233FAL3, STM32MP235AAJ3, STM32MP235AAK3, STM32MP235AAL3, STM32MP235CAJ3, STM32MP235CAK3, STM32MP235CAL3, STM32MP235DAJ3, STM32MP235DAK3, STM32MP235DAL3, STM32MP235FAJ3, STM32MP235FAK3, STM32MP235FAL3, STM32MP251AAI3, STM32MP251AAK3, STM32MP251AAL3, STM32MP251CAI3, STM32MP251CAK3, STM32MP251CAL3, STM32MP251DAI3, STM32MP251DAK3, STM32MP251DAL3, STM32MP251FAI3, STM32MP251FAK3, STM32MP251FAL3, STM32MP253AAI3, STM32MP253AAK3, STM32MP253AAL3, STM32MP253CAI3, STM32MP253CAK3, STM32MP253CAL3, STM32MP253DAI3, STM32MP253DAK3, STM32MP253DAL3, STM32MP253FAI3, STM32MP253FAK3, STM32MP253FAL3, STM32MP255AAI3, STM32MP255AAK3, STM32MP255AAL3, STM32MP255CAI3, STM32MP255CAK3, STM32MP255CAL3, STM32MP255DAI3, STM32MP255DAK3, STM32MP255DAL3, STM32MP255FAI3, STM32MP255FAK3, STM32MP255FAL3, STM32MP257AAI3, STM32MP257AAK3, STM32MP257AAL3, STM32MP257CAI3, STM32MP257CAK3, STM32MP257CAL3, STM32MP257DAI3, STM32MP257DAK3, STM32MP257DAL3, STM32MP257F-DK, STM32MP257F-EV1, STM32MP257FAI3, STM32MP257FAK3, STM32MP257FAL3, STM32N645A0H3Q, STM32N645B0H3Q, STM32N645I0H3Q, STM32N645L0H3Q, STM32N645X0H3Q, STM32N645Z0H3Q, STM32N647A0H3Q, STM32N647B0H3Q, STM32N647I0H3Q, STM32N647L0H3Q, STM32N647X0H3Q, STM32N647Z0H3Q, STM32N655A0H3Q, STM32N655B0H3Q, STM32N655I0H3Q, STM32N655L0H3Q, STM32N655X0H3Q, STM32N655Z0H3Q, STM32N6570-DK, STM32N657A0H3Q, STM32N657B0H3Q, STM32N657I0H3Q, STM32N657L0H3Q, STM32N657X0H3Q, STM32N657Z0H3Q, STM32U031C6T6, STM32U031C6U6, STM32U031C8T6, STM32U031C8U6, STM32U031F4P6, STM32U031F6P6, STM32U031F8P6, STM32U031G6Y6TR, STM32U031G8Y6TR, STM32U031K4U6, STM32U031K6U6, STM32U031K8U6, STM32U031R6I6, STM32U031R6T6, STM32U031R8I6, STM32U031R8T6, STM32U073C8T6, STM32U073C8U6, STM32U073CBT6, STM32U073CBU6, STM32U073CCT6, STM32U073CCU6, STM32U073H8Y6TR, STM32U073HBY6TR, STM32U073HCY6TR, STM32U073K8U6, STM32U073KBU6, STM32U073KCU6, STM32U073M8I6, STM32U073M8T6, STM32U073MBI6, STM32U073MBT6, STM32U073MCI6, STM32U073MCT6, STM32U073R8I6, STM32U073R8T6, STM32U073RBI6, STM32U073RBT6, STM32U073RCI6, STM32U073RCT6, STM32U083C-DK, STM32U083CCT6, STM32U083CCU6, STM32U083HCY6TR, STM32U083KCU6, STM32U083MCI6, STM32U083MCT6, STM32U083RCI6, STM32U083RCT6, STM32U375CET6, STM32U375CET6Q, STM32U375CEU6, STM32U375CEU6Q, STM32U375CEY6QTR, STM32U375CGT6, STM32U375CGT6Q, STM32U375CGU6, STM32U375CGU6Q, STM32U375CGY6QTR, STM32U375KEU6, STM32U375KGU6, STM32U375REI6, STM32U375REI6Q, STM32U375RET6, STM32U375RET6Q, STM32U375REY6GTR, STM32U375REY6QTR, STM32U375RGI6, STM32U375RGI6Q, STM32U375RGT6, STM32U375RGT6Q, STM32U375RGY6GTR, STM32U375RGY6QTR, STM32U375VEI6, STM32U375VEI6Q, STM32U375VET6, STM32U375VET6Q, STM32U375VGI6, STM32U375VGI6Q, STM32U375VGT6, STM32U375VGT6Q, STM32U385CGT6, STM32U385CGT6Q, STM32U385CGU6, STM32U385CGU6Q, STM32U385CGY6QTR, STM32U385KGU6, STM32U385RGI6, STM32U385RGI6Q, STM32U385RGT6, STM32U385RGT6Q, STM32U385RGY6GTR, STM32U385RGY6QTR, STM32U385VGI6, STM32U385VGI6Q, STM32U385VGT6, STM32U385VGT6Q, STM32U535CBT6, STM32U535CBT6Q, STM32U535CBU6, STM32U535CBU6Q, STM32U535CCT6, STM32U535CCT6Q, STM32U535CCU6, STM32U535CCU6Q, STM32U535CET6, STM32U535CET6Q, STM32U535CEU6, STM32U535CEU6Q, STM32U535JEY6QTR, STM32U535NCY6QTR, STM32U535NEY6QTR, STM32U535RBI6, STM32U535RBI6Q, STM32U535RBT6, STM32U535RBT6Q, STM32U535RCI6, STM32U535RCI6Q, STM32U535RCT6, STM32U535RCT6Q, STM32U535REI6, STM32U535REI6Q, STM32U535RET6, STM32U535RET6Q, STM32U535VCI6, STM32U535VCI6Q, STM32U535VCT6, STM32U535VCT6Q, STM32U535VEI6, STM32U535VEI6Q, STM32U535VET6, STM32U535VET6Q, STM32U545CET6, STM32U545CET6Q, STM32U545CEU6, STM32U545CEU6Q, STM32U545JEY6QTR, STM32U545NEY6QTR, STM32U545REI6, STM32U545REI6Q, STM32U545RET6, STM32U545RET6Q, STM32U545VEI6, STM32U545VEI6Q, STM32U545VET6, STM32U545VET6Q, STM32U595AIH6, STM32U595AIH6Q, STM32U595AJH6, STM32U595AJH6Q, STM32U595QII6, STM32U595QII6Q, STM32U595QJI6, STM32U595QJI6Q, STM32U595RIT6, STM32U595RIT6Q, STM32U595RJT6, STM32U595RJT6Q, STM32U595VIT6, STM32U595VIT6Q, STM32U595VJT6, STM32U595VJT6Q, STM32U595ZIT6, STM32U595ZIT6Q, STM32U595ZIY6QTR, STM32U595ZJT6, STM32U595ZJT6Q, STM32U595ZJY6QTR, STM32U599BJY6QTR, STM32U599NIH6Q, STM32U599NJH6Q, STM32U599VIT6Q, STM32U599VJT6, STM32U599VJT6Q, STM32U599ZIT6Q, STM32U599ZIY6QTR, STM32U599ZJT6Q, STM32U599ZJY6QTR, STM32U5A5AJH6, STM32U5A5AJH6Q, STM32U5A5QII3Q , STM32U5A5QJI6, STM32U5A5QJI6Q, STM32U5A5RJT6, STM32U5A5RJT6Q, STM32U5A5VJT6, STM32U5A5VJT6Q, STM32U5A5ZJT6, STM32U5A5ZJT6Q, STM32U5A5ZJY6QTR, STM32U5A9BJY6QTR, STM32U5A9J-DK, STM32U5A9NJH6Q, STM32U5A9VJT6Q, STM32U5A9ZJT6Q, STM32U5A9ZJY6QTR, STM32U5F7VIT6, STM32U5F7VIT6Q, STM32U5F7VJT6, STM32U5F7VJT6Q, STM32U5F9BJY6QTR, STM32U5F9NJH6Q, STM32U5F9VIT6Q, STM32U5F9VJT6Q, STM32U5F9ZIJ6QTR, STM32U5F9ZIT6Q, STM32U5F9ZJJ6QTR, STM32U5F9ZJT6Q, STM32U5G7VJT6, STM32U5G7VJT6Q, STM32U5G9BJY6QTR, STM32U5G9J-DK1, STM32U5G9J-DK2, STM32U5G9NJH6Q, STM32U5G9VJT6Q, STM32U5G9ZJJ6QTR, STM32U5G9ZJT6Q, STM32WB05KZV6TR, STM32WB05KZV7TR, STM32WB05TZF6TR, STM32WB05TZF7TR, STM32WB06CCF6TR, STM32WB06CCF7TR, STM32WB06CCV6TR, STM32WB06CCV7TR, STM32WB06KCV6TR, STM32WB06KCV7TR, STM32WB07CCF6TR, STM32WB07CCF7TR, STM32WB07CCV6TR, STM32WB07CCV7TR, STM32WB07KCV6TR, STM32WB07KCV7TR, STM32WB09KEV6TR, STM32WB09KEV7TR, STM32WB09TEF6TR, STM32WB09TEF7TR, STM32WB1MMCH6, STM32WBA50KGU6, STM32WBA50KGU6TR, STM32WBA52CEU6, STM32WBA52CEU6TR, STM32WBA52CEU7, STM32WBA52CEU7TR, STM32WBA52CGU6, STM32WBA52CGU6TR, STM32WBA52CGU6U, STM32WBA52CGU7, STM32WBA52CGU7TR, STM32WBA52KEU6, STM32WBA52KEU6TR, STM32WBA52KGU6, STM32WBA52KGU6TR, STM32WBA54CEU6, STM32WBA54CEU6TR, STM32WBA54CEU7, STM32WBA54CEU7TR, STM32WBA54CGU6, STM32WBA54CGU6TR, STM32WBA54CGU7, STM32WBA54CGU7TR, STM32WBA54KEU6, STM32WBA54KEU6TR, STM32WBA54KEU7, STM32WBA54KEU7TR, STM32WBA54KGU6, STM32WBA54KGU6TR, STM32WBA54KGU7, STM32WBA54KGU7TR, STM32WBA55CEU6, STM32WBA55CEU6TR, STM32WBA55CEU7, STM32WBA55CEU7TR, STM32WBA55CGU6, STM32WBA55CGU6TR, STM32WBA55CGU6U, STM32WBA55CGU7, STM32WBA55CGU7TR, STM32WBA55G-DK1, STM32WBA55HEF6, STM32WBA55HEF7, STM32WBA55HGF6, STM32WBA55HGF7, STM32WBA55UEI6, STM32WBA55UEI6TR, STM32WBA55UEI7, STM32WBA55UEI7TR, STM32WBA55UGI6, STM32WBA55UGI6TR, STM32WBA55UGI7, STM32WBA55UGI7TR, STM32WBA5MMGH6TR, STM32WBA62MGF6, STM32WBA62MIF6, STM32WBA65MGF7, STM32WBA65MIF6, STM32WBA65MIF7, STM32WL30K8V6, STM32WL30KBV6, STM32WL31C8V6, STM32WL31CBV6, STM32WL31K8V6, STM32WL31KBV6, STM32WL33C8V6, STM32WL33C8V6X, STM32WL33CBV6, STM32WL33CBV6X, STM32WL33CCV6, STM32WL33CCV6A, STM32WL33CCV6X, STM32WL33K8V7, STM32WL33K8V7X, STM32WL33KBV7 , STM32WL33KBV7X, STM32WL33KCV7, STM32WL33KCV7X, STM32WL5MOCH6, STM32WL5MOCH6TR]
2026-07-10 17:30:36,651 [INFO] DbMcus:218 - Found 5250 MCUs, 5097 are supported
2026-07-10 17:30:36,651 [INFO] ApiDb:423 - Load user favorites file /home/anton/.stm32cubeide/favorites.mcus.txt: 0 item(s)
2026-07-10 17:30:36,652 [INFO] ApiDb:427 - User favorites MCUs=[]
2026-07-10 17:30:36,652 [INFO] DbMcus:224 - Set 0 / 0 favorites MCUs
2026-07-10 17:30:37,014 [INFO] ApiDb:668 - CubeFinder database Data Model version=2.1
2026-07-10 17:30:37,014 [INFO] ApiDb:669 - CubeFinder database Configuration version=3.0.42
2026-07-10 17:30:37,015 [INFO] ApiDb:670 - CubeFinder database generation date=2026-06-23 (1782213372)
2026-07-10 17:30:37,015 [INFO] ApiDb:671 - CubeFinder database FW Pack versions=[FP-ATR-ASTRA1_V2.0.0, FP-SNS-FLIGHT1_V5.1.0, FP-SNS-MOTENV1_V5.1.0, FP-SNS-MOTENVWB1_V1.5.0, FP-SNS-SMARTAG2_V1.2.0, FP-SNS-STBOX1_V2.1.0, STM32Cube_FW_C0_V1.4.0, STM32Cube_FW_F4_V1.28.3, STM32Cube_FW_F7_V1.17.4, STM32Cube_FW_G0_V1.6.3, STM32Cube_FW_G4_V1.6.2, STM32Cube_FW_H5_V1.7.0, STM32Cube_FW_H7RS_V1.3.0, STM32Cube_FW_H7_V1.13.0, STM32Cube_FW_L0_V1.12.2, STM32Cube_FW_L4_V1.18.2, STM32Cube_FW_L5_V1.6.0, STM32Cube_FW_N6_V1.4.0, STM32Cube_FW_U0_V1.3.0, STM32Cube_FW_U3_V1.4.0, STM32Cube_FW_U5_V1.9.0, STM32Cube_FW_WB0_V1.5.0, STM32Cube_FW_WBA_V1.10.0, STM32Cube_FW_WB_V1.24.0, STM32Cube_FW_WL3_V1.5.0, STM32Cube_FW_WL_V1.6.0, X-CUBE-ALGOBUILD_V1.5.0, X-CUBE-ALS_V1.0.2, X-CUBE-AZRTOS-F4_V1.1.0, X-CUBE-AZRTOS-F7_V1.1.0, X-CUBE-AZRTOS-G0_V1.1.0, X-CUBE-AZRTOS-G4_V2.0.0, X-CUBE-AZRTOS-H7RS_V1.1.0, X-CUBE-AZRTOS-H7_V3.5.0, X-CUBE-AZRTOS-L4_V2.0.0, X-CUBE-AZRTOS-L5_V2.0.0, X-CUBE-AZRTOS-WB_V2.0.0, X-CUBE-AZRTOS-WL_V2.0.0, X-CUBE-BLE1_V7.1.0, X-CUBE-BLE2_V3.3.0, X-CUBE-BLEMGR_V4.1.0, X-CUBE-EEPRMA1_V5.2.0, X-CUBE-FREERTOS_V1.5.0, X-CUBE-GNSS1_V7.1.1, X-CUBE-MEMS1_V12.1.0, X-CUBE-NFC4_V3.0.0, X-CUBE-NFC7_V2.0.0, X-CUBE-SFXS2LP1_V4.0.0, X-CUBE-ST67W61_V1.3.0, X-CUBE-SUBG2_V5.0.0, X-CUBE-TOF1_V3.4.3]
2026-07-10 17:30:37,042 [INFO] DbBoardsSqlite:226 - include board P-NUCLEO-WB55-NUCLEO as a kit item of type 'Nucleo-64'
2026-07-10 17:30:37,042 [INFO] DbBoardsSqlite:226 - include board P-NUCLEO-WB55-USBDONGLE as a kit item of type 'Nucleo USB Dongle'
2026-07-10 17:30:37,042 [INFO] DbBoardsSqlite:226 - include board STEVAL-IDP005V1 as a kit item of type 'Evaluation Board'
2026-07-10 17:30:37,042 [INFO] DbBoardsSqlite:226 - include board STEVAL-IDP005V2 as a kit item of type 'Evaluation Board'
2026-07-10 17:30:37,069 [INFO] ApiDb:240 - Found 880 in-development CPN: [B-G473E-ZEST1S, B-WB1M-WPAN1, B-WBA5M-WPAN, B-WL5M-SUBG1, NUCLEO-C031C6, NUCLEO-C051C8, NUCLEO-C071RB, NUCLEO-C092RC, NUCLEO-H503RB, NUCLEO-H533RE, NUCLEO-H563ZI, NUCLEO-H7S3L8, NUCLEO-N657X0-Q, NUCLEO-U031R8, NUCLEO-U083RC, NUCLEO-U385RG-Q, NUCLEO-U545RE-Q, NUCLEO-U5A5ZJ-Q, NUCLEO-WB05KZ, NUCLEO-WB07CC, NUCLEO-WB09KE, NUCLEO-WBA52CG, NUCLEO-WBA55CG, NUCLEO-WL33CC1, NUCLEO-WL33CC2, STEVAL-PROTEUS1, STEVAL-SMARTAG2, STEVAL-STWINBX1, STM320518-EVAL, STM32C0116-DK, STM32C011D6Y3TR, STM32C011D6Y6TR, STM32C011F4P3, STM32C011F4P6, STM32C011F4U3, STM32C011F4U6TR, STM32C011F6P3, STM32C011F6P6, STM32C011F6U3, STM32C011F6U6TR, STM32C011J4M3, STM32C011J4M6, STM32C011J6M3, STM32C011J6M6, STM32C0316-DK, STM32C031C4T3, STM32C031C4T6, STM32C031C4U3, STM32C031C4U6, STM32C031C6T3, STM32C031C6T6, STM32C031C6U3, STM32C031C6U6, STM32C031F4P3, STM32C031F4P6, STM32C031F6P3, STM32C031F6P6, STM32C031G4U3, STM32C031G4U6, STM32C031G6U3, STM32C031G6U6, STM32C031K4T3, STM32C031K4T6, STM32C031K4U3, STM32C031K4U6, STM32C031K6T3, STM32C031K6T6, STM32C031K6U3, STM32C031K6U6, STM32C051C6T6, STM32C051C6U6, STM32C051C8T6, STM32C051C8U6, STM32C051D8Y6TR, STM32C051F6P6, STM32C051F8P6, STM32C051G6U6, STM32C051G8U6, STM32C051K6T6, STM32C051K6U6, STM32C051K8T6, STM32C071C8T6, STM32C071C8T6N, STM32C071C8U6, STM32C071C8U6N, STM32C071CBT6, STM32C071CBT6N, STM32C071CBU6, STM32C071CBU6N, STM32C071F8P6, STM32C071F8P6N, STM32C071FBP6, STM32C071FBP6N, STM32C071FBY6TR, STM32C071G8U6, STM32C071G8U6N, STM32C071GBU6, STM32C071GBU6N, STM32C071K8T6, STM32C071K8T6N, STM32C071K8U6, STM32C071K8U6N, STM32C071KBT6, STM32C071KBT6N, STM32C071KBU6, STM32C071KBU6N, STM32C071R8T6, STM32C071R8T6N, STM32C071RBI6N, STM32C071RBT6, STM32C071RBT6N, STM32C091CBT6, STM32C091CBU6, STM32C091CCT6, STM32C091CCU6, STM32C091ECY6TR, STM32C091FBP6, STM32C091FCP6, STM32C091GBU6, STM32C091GCU6, STM32C091KBT6, STM32C091KBU6, STM32C091KCT6, STM32C091KCU6, STM32C091RBT6, STM32C091RCI6, STM32C091RCT6, STM32C092CBT6, STM32C092CBU6, STM32C092CCT6, STM32C092CCU6, STM32C092ECY6TR, STM32C092FBP6, STM32C092FCP6, STM32C092GBU6, STM32C092GCU6, STM32C092KBT6, STM32C092KBU6, STM32C092KCT6, STM32C092KCU6, STM32C092RBT6, STM32C092RCI6, STM32C092RCT6, STM32G071K8TXN, STM32G071K8UXN, STM32G081GBU6N, STM32G081KBT6N, STM32G081KBUXN, STM32G0B1CCT6N, STM32G0B1KCT6, STM32G0B1NEY6TR, STM32G0B1RCT6N, STM32G0C1CCT6, STM32G0C1CCT6N, STM32G0C1CCU6N, STM32G0C1CET6N, STM32G0C1CEU6N, STM32G0C1KCT6, STM32G0C1NEY6TR, STM32G0C1RCI6N, STM32G0C1RCT6N, STM32G0C1REI6N, STM32G0C1RET6N, STM32G0C1VCI6, STM32G0C1VEI6, STM32G411C6T3, STM32G411C6T6, STM32G411C6U3, STM32G411C6U6, STM32G411C8T3, STM32G411C8T6, STM32G411C8U3, STM32G411C8U6, STM32G411CBT3, STM32G411CBT6, STM32G411CBU3, STM32G411CBU6, STM32G411K6T3, STM32G411K6T6, STM32G411K6U3, STM32G411K6U6, STM32G411K8T3, STM32G411K8T6, STM32G411K8U3, STM32G411K8U6, STM32G411KBT3, STM32G411KBT6, STM32G411KBU3, STM32G411KBU6, STM32G411M6T3, STM32G411M6T6, STM32G411M8T3, STM32G411M8T6, STM32G411MBT3, STM32G411MBT6, STM32G411R6T3, STM32G411R6T6, STM32G411R8T3, STM32G411R8T6, STM32G411RBT3, STM32G411RBT6, STM32G414CBT3, STM32G414CBT6, STM32G414CBU3, STM32G414CBU6, STM32G414CCT3, STM32G414CCT6, STM32G414CCU3, STM32G414CCU6, STM32G414MBT3, STM32G414MBT6, STM32G414MCT3, STM32G414MCT6, STM32G414RBT3, STM32G414RBT6, STM32G414RCT3, STM32G414RCT6, STM32G414VBT3, STM32G414VBT6, STM32G414VCT3, STM32G414VCT6, STM32G431CBT3Z, STM32G431RBT3Z, STM32G471CCT6, STM32G471CCU6, STM32G471CET3, STM32G471CET6, STM32G471CEU3, STM32G471CEU6, STM32G471MCT6, STM32G471MET3, STM32G471MET6, STM32G471MEY6TR, STM32G471QCT6, STM32G471QET3, STM32G471RCT6, STM32G471RET3, STM32G471RET6, STM32G471VCH6, STM32G471VCI6, STM32G471VCT6, STM32G471VEH3, STM32G471VEH6, STM32G471VEI3, STM32G471VEI6, STM32G471VET3, STM32G471VET6, STM32G473QET3Z, STM32G473RET3Z, STM32G474CCT6, STM32G491RET3Z, STM32H503CBT6, STM32H503CBU6, STM32H503EBY6TR, STM32H503KBU6, STM32H503RBT6, STM32H523CCT6, STM32H523CCU6, STM32H523CET6, STM32H523CEU6, STM32H523HEY6TR, STM32H523RCT6, STM32H523RET6, STM32H523VCI6, STM32H523VCT6, STM32H523VEI6, STM32H523VET6, STM32H523ZCJ6, STM32H523ZCT6, STM32H523ZEJ6, STM32H523ZET6, STM32H533CET6, STM32H533CEU6, STM32H533HEY6TR, STM32H533RET6, STM32H533VEI6, STM32H533VET6, STM32H533ZEJ6, STM32H533ZET6, STM32H562AGI6, STM32H562AII6, STM32H562IGK6, STM32H562IGT6, STM32H562IIK6, STM32H562IIT6, STM32H562RGT6, STM32H562RGV6, STM32H562RIT6, STM32H562RIV6, STM32H562VGT6, STM32H562VIT6, STM32H562ZGT6, STM32H562ZIT6, STM32H563AGI6, STM32H563AII3Q, STM32H563AII6, STM32H563IGK6, STM32H563IGT6, STM32H563IIK3Q, STM32H563IIK6, STM32H563IIT3Q, STM32H563IIT6, STM32H563MIY3QTR, STM32H563RGT6, STM32H563RGV6, STM32H563RIT6, STM32H563RIV6, STM32H563VGT6, STM32H563VIT3Q, STM32H563VIT6, STM32H563ZGT6, STM32H563ZIT3Q, STM32H563ZIT6, STM32H573AII3Q, STM32H573AII6, STM32H573I-DK, STM32H573IIK3Q, STM32H573IIK6, STM32H573IIT3Q, STM32H573IIT6, STM32H573MIY3QTR, STM32H573RIT6, STM32H573RIV6, STM32H573VIT3Q, STM32H573VIT6, STM32H573ZIT3Q, STM32H573ZIT6, STM32H7R3A8I6, STM32H7R3I8K6, STM32H7R3I8T6, STM32H7R3L8H6, STM32H7R3L8H6H, STM32H7R3R8V6, STM32H7R3V8H6, STM32H7R3V8T6, STM32H7R3V8Y6TR, STM32H7R3Z8J6, STM32H7R3Z8T6, STM32H7R7A8I6, STM32H7R7I8K6, STM32H7R7I8T6, STM32H7R7L8H6, STM32H7R7L8H6H, STM32H7R7Z8J6, STM32H7S3A8I6, STM32H7S3I8K6, STM32H7S3I8T6, STM32H7S3L8H6, STM32H7S3L8H6H, STM32H7S3R8V6, STM32H7S3V8H6, STM32H7S3V8T6, STM32H7S3V8Y6TR, STM32H7S3Z8J6, STM32H7S3Z8T6, STM32H7S78-DK, STM32H7S7A8I6, STM32H7S7I8K6, STM32H7S7I8T6, STM32H7S7L8H6, STM32H7S7L8H6H, STM32H7S7Z8J6, STM32L4R5QGI6STR, STM32MP131AAE3, STM32MP131AAF3, STM32MP131AAG3, STM32MP131CAE3, STM32MP131CAF3, STM32MP131CAG3, STM32MP131DAE7, STM32MP131DAF7, STM32MP131DAG7, STM32MP131FAE7, STM32MP131FAF7, STM32MP131FAG7, STM32MP133AAE3, STM32MP133AAF3, STM32MP133AAG3, STM32MP133CAE3, STM32MP133CAF3, STM32MP133CAG3, STM32MP133DAE7, STM32MP133DAF7, STM32MP133DAG7, STM32MP133FAE7, STM32MP133FAF7, STM32MP133FAG7, STM32MP135AAE3, STM32MP135AAF3, STM32MP135AAG3, STM32MP135CAE3, STM32MP135CAF3, STM32MP135CAG3, STM32MP135DAE7, STM32MP135DAF7, STM32MP135DAG7, STM32MP135F-DK, STM32MP135FAE7, STM32MP135FAF7, STM32MP135FAF7T, STM32MP135FAF7U, STM32MP135FAG7, STM32MP211AAL3, STM32MP211AAM3, STM32MP211AAN3, STM32MP211AAO3, STM32MP211CAL3, STM32MP211CAM3, STM32MP211CAN3, STM32MP211CAO3, STM32MP211DAL3, STM32MP211DAM3, STM32MP211DAN3, STM32MP211DAO3, STM32MP211FAL3, STM32MP211FAM3, STM32MP211FAN3, STM32MP211FAO3, STM32MP213AAL3, STM32MP213AAM3, STM32MP213AAN3, STM32MP213AAO3, STM32MP213CAL3, STM32MP213CAM3, STM32MP213CAN3, STM32MP213CAO3, STM32MP213DAL3, STM32MP213DAM3, STM32MP213DAN3, STM32MP213DAO3, STM32MP213FAL3, STM32MP213FAM3, STM32MP213FAN3, STM32MP213FAO3, STM32MP215AAL3, STM32MP215AAM3, STM32MP215AAN3, STM32MP215AAO3, STM32MP215CAL3, STM32MP215CAM3, STM32MP215CAN3, STM32MP215CAO3, STM32MP215DAL3, STM32MP215DAM3, STM32MP215DAN3, STM32MP215DAO3, STM32MP215F-DK, STM32MP215FAL3, STM32MP215FAM3, STM32MP215FAN3, STM32MP215FAO3, STM32MP231AAJ3, STM32MP231AAK3, STM32MP231AAL3, STM32MP231CAJ3, STM32MP231CAK3, STM32MP231CAL3, STM32MP231DAJ3, STM32MP231DAK3, STM32MP231DAL3, STM32MP231FAJ3, STM32MP231FAK3, STM32MP231FAL3, STM32MP233AAJ3, STM32MP233AAK3, STM32MP233AAL3, STM32MP233CAJ3, STM32MP233CAK3, STM32MP233CAL3, STM32MP233DAJ3, STM32MP233DAK3, STM32MP233DAL3, STM32MP233FAJ3, STM32MP233FAK3, STM32MP233FAL3, STM32MP235AAJ3, STM32MP235AAK3, STM32MP235AAL3, STM32MP235CAJ3, STM32MP235CAK3, STM32MP235CAL3, STM32MP235DAJ3, STM32MP235DAK3, STM32MP235DAL3, STM32MP235FAJ3, STM32MP235FAK3, STM32MP235FAL3, STM32MP251AAI3, STM32MP251AAK3, STM32MP251AAL3, STM32MP251CAI3, STM32MP251CAK3, STM32MP251CAL3, STM32MP251DAI3, STM32MP251DAK3, STM32MP251DAL3, STM32MP251FAI3, STM32MP251FAK3, STM32MP251FAL3, STM32MP253AAI3, STM32MP253AAK3, STM32MP253AAL3, STM32MP253CAI3, STM32MP253CAK3, STM32MP253CAL3, STM32MP253DAI3, STM32MP253DAK3, STM32MP253DAL3, STM32MP253FAI3, STM32MP253FAK3, STM32MP253FAL3, STM32MP255AAI3, STM32MP255AAK3, STM32MP255AAL3, STM32MP255CAI3, STM32MP255CAK3, STM32MP255CAL3, STM32MP255DAI3, STM32MP255DAK3, STM32MP255DAL3, STM32MP255FAI3, STM32MP255FAK3, STM32MP255FAL3, STM32MP257AAI3, STM32MP257AAK3, STM32MP257AAL3, STM32MP257CAI3, STM32MP257CAK3, STM32MP257CAL3, STM32MP257DAI3, STM32MP257DAK3, STM32MP257DAL3, STM32MP257F-DK, STM32MP257F-EV1, STM32MP257FAI3, STM32MP257FAK3, STM32MP257FAL3, STM32N645A0H3Q, STM32N645B0H3Q, STM32N645I0H3Q, STM32N645L0H3Q, STM32N645X0H3Q, STM32N645Z0H3Q, STM32N647A0H3Q, STM32N647B0H3Q, STM32N647I0H3Q, STM32N647L0H3Q, STM32N647X0H3Q, STM32N647Z0H3Q, STM32N655A0H3Q, STM32N655B0H3Q, STM32N655I0H3Q, STM32N655L0H3Q, STM32N655X0H3Q, STM32N655Z0H3Q, STM32N6570-DK, STM32N657A0H3Q, STM32N657B0H3Q, STM32N657I0H3Q, STM32N657L0H3Q, STM32N657X0H3Q, STM32N657Z0H3Q, STM32U031C6T6, STM32U031C6U6, STM32U031C8T6, STM32U031C8U6, STM32U031F4P6, STM32U031F6P6, STM32U031F8P6, STM32U031G6Y6TR, STM32U031G8Y6TR, STM32U031K4U6, STM32U031K6U6, STM32U031K8U6, STM32U031R6I6, STM32U031R6T6, STM32U031R8I6, STM32U031R8T6, STM32U073C8T6, STM32U073C8U6, STM32U073CBT6, STM32U073CBU6, STM32U073CCT6, STM32U073CCU6, STM32U073H8Y6TR, STM32U073HBY6TR, STM32U073HCY6TR, STM32U073K8U6, STM32U073KBU6, STM32U073KCU6, STM32U073M8I6, STM32U073M8T6, STM32U073MBI6, STM32U073MBT6, STM32U073MCI6, STM32U073MCT6, STM32U073R8I6, STM32U073R8T6, STM32U073RBI6, STM32U073RBT6, STM32U073RCI6, STM32U073RCT6, STM32U083C-DK, STM32U083CCT6, STM32U083CCU6, STM32U083HCY6TR, STM32U083KCU6, STM32U083MCI6, STM32U083MCT6, STM32U083RCI6, STM32U083RCT6, STM32U375CET6, STM32U375CET6Q, STM32U375CEU6, STM32U375CEU6Q, STM32U375CEY6QTR, STM32U375CGT6, STM32U375CGT6Q, STM32U375CGU6, STM32U375CGU6Q, STM32U375CGY6QTR, STM32U375KEU6, STM32U375KGU6, STM32U375REI6, STM32U375REI6Q, STM32U375RET6, STM32U375RET6Q, STM32U375REY6GTR, STM32U375REY6QTR, STM32U375RGI6, STM32U375RGI6Q, STM32U375RGT6, STM32U375RGT6Q, STM32U375RGY6GTR, STM32U375RGY6QTR, STM32U375VEI6, STM32U375VEI6Q, STM32U375VET6, STM32U375VET6Q, STM32U375VGI6, STM32U375VGI6Q, STM32U375VGT6, STM32U375VGT6Q, STM32U385CGT6, STM32U385CGT6Q, STM32U385CGU6, STM32U385CGU6Q, STM32U385CGY6QTR, STM32U385KGU6, STM32U385RGI6, STM32U385RGI6Q, STM32U385RGT6, STM32U385RGT6Q, STM32U385RGY6GTR, STM32U385RGY6QTR, STM32U385VGI6, STM32U385VGI6Q, STM32U385VGT6, STM32U385VGT6Q, STM32U535CBT6, STM32U535CBT6Q, STM32U535CBU6, STM32U535CBU6Q, STM32U535CCT6, STM32U535CCT6Q, STM32U535CCU6, STM32U535CCU6Q, STM32U535CET6, STM32U535CET6Q, STM32U535CEU6, STM32U535CEU6Q, STM32U535JEY6QTR, STM32U535NCY6QTR, STM32U535NEY6QTR, STM32U535RBI6, STM32U535RBI6Q, STM32U535RBT6, STM32U535RBT6Q, STM32U535RCI6, STM32U535RCI6Q, STM32U535RCT6, STM32U535RCT6Q, STM32U535REI6, STM32U535REI6Q, STM32U535RET6, STM32U535RET6Q, STM32U535VCI6, STM32U535VCI6Q, STM32U535VCT6, STM32U535VCT6Q, STM32U535VEI6, STM32U535VEI6Q, STM32U535VET6, STM32U535VET6Q, STM32U545CET6, STM32U545CET6Q, STM32U545CEU6, STM32U545CEU6Q, STM32U545JEY6QTR, STM32U545NEY6QTR, STM32U545REI6, STM32U545REI6Q, STM32U545RET6, STM32U545RET6Q, STM32U545VEI6, STM32U545VEI6Q, STM32U545VET6, STM32U545VET6Q, STM32U595AIH6, STM32U595AIH6Q, STM32U595AJH6, STM32U595AJH6Q, STM32U595QII6, STM32U595QII6Q, STM32U595QJI6, STM32U595QJI6Q, STM32U595RIT6, STM32U595RIT6Q, STM32U595RJT6, STM32U595RJT6Q, STM32U595VIT6, STM32U595VIT6Q, STM32U595VJT6, STM32U595VJT6Q, STM32U595ZIT6, STM32U595ZIT6Q, STM32U595ZIY6QTR, STM32U595ZJT6, STM32U595ZJT6Q, STM32U595ZJY6QTR, STM32U599BJY6QTR, STM32U599NIH6Q, STM32U599NJH6Q, STM32U599VIT6Q, STM32U599VJT6, STM32U599VJT6Q, STM32U599ZIT6Q, STM32U599ZIY6QTR, STM32U599ZJT6Q, STM32U599ZJY6QTR, STM32U5A5AJH6, STM32U5A5AJH6Q, STM32U5A5QII3Q , STM32U5A5QJI6, STM32U5A5QJI6Q, STM32U5A5RJT6, STM32U5A5RJT6Q, STM32U5A5VJT6, STM32U5A5VJT6Q, STM32U5A5ZJT6, STM32U5A5ZJT6Q, STM32U5A5ZJY6QTR, STM32U5A9BJY6QTR, STM32U5A9J-DK, STM32U5A9NJH6Q, STM32U5A9VJT6Q, STM32U5A9ZJT6Q, STM32U5A9ZJY6QTR, STM32U5F7VIT6, STM32U5F7VIT6Q, STM32U5F7VJT6, STM32U5F7VJT6Q, STM32U5F9BJY6QTR, STM32U5F9NJH6Q, STM32U5F9VIT6Q, STM32U5F9VJT6Q, STM32U5F9ZIJ6QTR, STM32U5F9ZIT6Q, STM32U5F9ZJJ6QTR, STM32U5F9ZJT6Q, STM32U5G7VJT6, STM32U5G7VJT6Q, STM32U5G9BJY6QTR, STM32U5G9J-DK1, STM32U5G9J-DK2, STM32U5G9NJH6Q, STM32U5G9VJT6Q, STM32U5G9ZJJ6QTR, STM32U5G9ZJT6Q, STM32WB05KZV6TR, STM32WB05KZV7TR, STM32WB05TZF6TR, STM32WB05TZF7TR, STM32WB06CCF6TR, STM32WB06CCF7TR, STM32WB06CCV6TR, STM32WB06CCV7TR, STM32WB06KCV6TR, STM32WB06KCV7TR, STM32WB07CCF6TR, STM32WB07CCF7TR, STM32WB07CCV6TR, STM32WB07CCV7TR, STM32WB07KCV6TR, STM32WB07KCV7TR, STM32WB09KEV6TR, STM32WB09KEV7TR, STM32WB09TEF6TR, STM32WB09TEF7TR, STM32WB1MMCH6, STM32WBA50KGU6, STM32WBA50KGU6TR, STM32WBA52CEU6, STM32WBA52CEU6TR, STM32WBA52CEU7, STM32WBA52CEU7TR, STM32WBA52CGU6, STM32WBA52CGU6TR, STM32WBA52CGU6U, STM32WBA52CGU7, STM32WBA52CGU7TR, STM32WBA52KEU6, STM32WBA52KEU6TR, STM32WBA52KGU6, STM32WBA52KGU6TR, STM32WBA54CEU6, STM32WBA54CEU6TR, STM32WBA54CEU7, STM32WBA54CEU7TR, STM32WBA54CGU6, STM32WBA54CGU6TR, STM32WBA54CGU7, STM32WBA54CGU7TR, STM32WBA54KEU6, STM32WBA54KEU6TR, STM32WBA54KEU7, STM32WBA54KEU7TR, STM32WBA54KGU6, STM32WBA54KGU6TR, STM32WBA54KGU7, STM32WBA54KGU7TR, STM32WBA55CEU6, STM32WBA55CEU6TR, STM32WBA55CEU7, STM32WBA55CEU7TR, STM32WBA55CGU6, STM32WBA55CGU6TR, STM32WBA55CGU6U, STM32WBA55CGU7, STM32WBA55CGU7TR, STM32WBA55G-DK1, STM32WBA55HEF6, STM32WBA55HEF7, STM32WBA55HGF6, STM32WBA55HGF7, STM32WBA55UEI6, STM32WBA55UEI6TR, STM32WBA55UEI7, STM32WBA55UEI7TR, STM32WBA55UGI6, STM32WBA55UGI6TR, STM32WBA55UGI7, STM32WBA55UGI7TR, STM32WBA5MMGH6TR, STM32WBA62MGF6, STM32WBA62MIF6, STM32WBA65MGF7, STM32WBA65MIF6, STM32WBA65MIF7, STM32WL30K8V6, STM32WL30KBV6, STM32WL31C8V6, STM32WL31CBV6, STM32WL31K8V6, STM32WL31KBV6, STM32WL33C8V6, STM32WL33C8V6X, STM32WL33CBV6, STM32WL33CBV6X, STM32WL33CCV6, STM32WL33CCV6A, STM32WL33CCV6X, STM32WL33K8V7, STM32WL33K8V7X, STM32WL33KBV7 , STM32WL33KBV7X, STM32WL33KCV7, STM32WL33KCV7X, STM32WL5MOCH6, STM32WL5MOCH6TR]
2026-07-10 17:30:37,124 [INFO] BoardInfo:889 - No configuration file found for board NUCLEO-H5E5ZJ
2026-07-10 17:30:37,124 [INFO] DbBoards:161 - Board is not supported: NUCLEO-H5E5ZJ
2026-07-10 17:30:37,145 [INFO] BoardInfo:889 - No configuration file found for board NUCLEO-U3C5ZI-Q
2026-07-10 17:30:37,146 [INFO] DbBoards:161 - Board is not supported: NUCLEO-U3C5ZI-Q
2026-07-10 17:30:37,151 [INFO] BoardInfo:889 - No configuration file found for board NUCLEO-WBA25CE1
2026-07-10 17:30:37,151 [INFO] DbBoards:161 - Board is not supported: NUCLEO-WBA25CE1
2026-07-10 17:30:37,155 [INFO] BoardInfo:889 - No configuration file found for board NUCLEO-WL3RKB1
2026-07-10 17:30:37,155 [INFO] DbBoards:161 - Board is not supported: NUCLEO-WL3RKB1
2026-07-10 17:30:37,156 [INFO] BoardInfo:889 - No configuration file found for board NUCLEO-WL3RKB2
2026-07-10 17:30:37,156 [INFO] DbBoards:161 - Board is not supported: NUCLEO-WL3RKB2
2026-07-10 17:30:37,159 [INFO] BoardInfo:889 - No configuration file found for board P-NUCLEO-WB55
2026-07-10 17:30:37,159 [INFO] DbBoards:161 - Kit is not supported: P-NUCLEO-WB55
2026-07-10 17:30:37,162 [INFO] BoardInfo:889 - No configuration file found for board STEVAL-BFA001V1B
2026-07-10 17:30:37,162 [INFO] DbBoards:161 - Kit is not supported: STEVAL-BFA001V1B
2026-07-10 17:30:37,162 [INFO] BoardInfo:889 - No configuration file found for board STEVAL-BFA001V2B
2026-07-10 17:30:37,162 [INFO] DbBoards:161 - Kit is not supported: STEVAL-BFA001V2B
2026-07-10 17:30:37,206 [INFO] BoardInfo:889 - No configuration file found for board STM32H5F5J-DK
2026-07-10 17:30:37,206 [INFO] DbBoards:161 - Board is not supported: STM32H5F5J-DK
2026-07-10 17:30:37,239 [INFO] DbBoards:168 - Found 218 boards, 209 are supported
2026-07-10 17:30:37,239 [INFO] DbBoards:169 - Found 218 boards, 43 of them is supported for  Bsp
2026-07-10 17:30:37,242 [INFO] ApiDb:423 - Load user favorites file /home/anton/.stm32cubeide/favorites.boards.txt: 0 item(s)
2026-07-10 17:30:37,242 [INFO] ApiDb:427 - User favorites Boards=[]
2026-07-10 17:30:37,242 [INFO] DbBoards:198 - Set 0 / 0 favorites Boards
2026-07-10 17:30:37,242 [INFO] McuFinderGlobals:76 - Set McuFinderConnectedMode to true
2026-07-10 17:30:37,246 [INFO] MultiScanPanel:200 - Auto-refresh data requested => check proxy status ongoing
2026-07-10 17:30:37,248 [INFO] FinderPluginLoader:96 - Searching for filters in installed packs
2026-07-10 17:30:38,236 [INFO] LoadUrlFilesThread:185 - End of LoadServerUrlFiles without Thread
2026-07-10 17:30:38,242 [INFO] DetailPanel:341 - Set advertising image to /home/anton/STM32Cube/Repository//en.prom-stm32wl3r-0526.jpg
2026-07-10 17:30:43,393 [INFO] McuFinderGlobals:76 - Set McuFinderConnectedMode to true
2026-07-10 17:30:44,192 [INFO] ApiDb:448 - Save user favorites file /home/anton/.stm32cubeide/favorites.mcus.txt: 0 item(s)
2026-07-10 17:30:44,193 [INFO] ApiDb:452 - User favorites MCUs=[]
2026-07-10 17:30:45,421 [INFO] WebApp:194 - Connection lost
2026-07-10 17:30:46,449 [INFO] WebApp:191 - Connection restablished
2026-07-10 17:30:47,227 [INFO] MainUpdater:2872 - connection check result : 10
2026-07-10 17:30:47,228 [INFO] McuFinderGlobals:76 - Set McuFinderConnectedMode to true
2026-07-10 17:30:47,683 [INFO] ServerAccessManage:452 - Complete download http(s) 200
2026-07-10 17:30:47,683 [INFO] ServerAccessManage:509 - Download File mcusAds.json._tmp_
2026-07-10 17:30:47,785 [INFO] LoadUrlFilesThread:156 - End of LoadUrlFiles Thread
2026-07-10 17:30:47,976 [INFO] ServerAccessManage:452 - Complete download http(s) 200
2026-07-10 17:30:47,977 [INFO] ServerAccessManage:509 - Download File cube-finder-db.zip
2026-07-10 17:31:00,311 [INFO] FileExtend:248 - Unzip File : cube-finder-db.zip
2026-07-10 17:31:00,311 [INFO] FileExtend:263 - Standard Zip Deflate
2026-07-10 17:31:01,028 [INFO] LoadUrlFilesThread:156 - End of LoadUrlFiles Thread
2026-07-10 17:31:46,535 [WARN] ServerAccessManage:1291 - Warning during Server Connection :  timeout Connect timed out
2026-07-10 17:32:31,621 [WARN] ServerAccessManage:1291 - Warning during Server Connection :  timeout Connect timed out
2026-07-10 17:32:31,622 [ERROR] ServerAccessManage:740 - Problem, Http timeout : crdb.zip.
2026-07-10 17:32:36,269 [INFO] LoadUrlFilesThread:156 - End of LoadUrlFiles Thread
2026-07-10 17:32:40,544 [INFO] DbMcusAds:53 - JSON generation date=Thu May 28 21:38:16 IST 2026 (1779984496462)
2026-07-10 17:32:40,547 [INFO] ApiDb:448 - Save user favorites file /home/anton/.stm32cubeide/favorites.mcus.txt: 0 item(s)
2026-07-10 17:32:40,547 [INFO] ApiDb:452 - User favorites MCUs=[]
2026-07-10 17:32:40,548 [INFO] ApiDb:581 - Connected to CubeFinder SQLite database (/home/anton/.stmcufinder/plugins/mcufinder/mcu/cube-finder-db.db)
2026-07-10 17:32:40,582 [INFO] ApiDb:668 - CubeFinder database Data Model version=2.1
2026-07-10 17:32:40,582 [INFO] ApiDb:669 - CubeFinder database Configuration version=3.0.42
2026-07-10 17:32:40,582 [INFO] ApiDb:670 - CubeFinder database generation date=2026-06-23 (1782213372)
2026-07-10 17:32:40,582 [INFO] ApiDb:671 - CubeFinder database FW Pack versions=[FP-ATR-ASTRA1_V2.0.0, FP-SNS-FLIGHT1_V5.1.0, FP-SNS-MOTENV1_V5.1.0, FP-SNS-MOTENVWB1_V1.5.0, FP-SNS-SMARTAG2_V1.2.0, FP-SNS-STBOX1_V2.1.0, STM32Cube_FW_C0_V1.4.0, STM32Cube_FW_F4_V1.28.3, STM32Cube_FW_F7_V1.17.4, STM32Cube_FW_G0_V1.6.3, STM32Cube_FW_G4_V1.6.2, STM32Cube_FW_H5_V1.7.0, STM32Cube_FW_H7RS_V1.3.0, STM32Cube_FW_H7_V1.13.0, STM32Cube_FW_L0_V1.12.2, STM32Cube_FW_L4_V1.18.2, STM32Cube_FW_L5_V1.6.0, STM32Cube_FW_N6_V1.4.0, STM32Cube_FW_U0_V1.3.0, STM32Cube_FW_U3_V1.4.0, STM32Cube_FW_U5_V1.9.0, STM32Cube_FW_WB0_V1.5.0, STM32Cube_FW_WBA_V1.10.0, STM32Cube_FW_WB_V1.24.0, STM32Cube_FW_WL3_V1.5.0, STM32Cube_FW_WL_V1.6.0, X-CUBE-ALGOBUILD_V1.5.0, X-CUBE-ALS_V1.0.2, X-CUBE-AZRTOS-F4_V1.1.0, X-CUBE-AZRTOS-F7_V1.1.0, X-CUBE-AZRTOS-G0_V1.1.0, X-CUBE-AZRTOS-G4_V2.0.0, X-CUBE-AZRTOS-H7RS_V1.1.0, X-CUBE-AZRTOS-H7_V3.5.0, X-CUBE-AZRTOS-L4_V2.0.0, X-CUBE-AZRTOS-L5_V2.0.0, X-CUBE-AZRTOS-WB_V2.0.0, X-CUBE-AZRTOS-WL_V2.0.0, X-CUBE-BLE1_V7.1.0, X-CUBE-BLE2_V3.3.0, X-CUBE-BLEMGR_V4.1.0, X-CUBE-EEPRMA1_V5.2.0, X-CUBE-FREERTOS_V1.5.0, X-CUBE-GNSS1_V7.1.1, X-CUBE-MEMS1_V12.1.0, X-CUBE-NFC4_V3.0.0, X-CUBE-NFC7_V2.0.0, X-CUBE-SFXS2LP1_V4.0.0, X-CUBE-ST67W61_V1.3.0, X-CUBE-SUBG2_V5.0.0, X-CUBE-TOF1_V3.4.3]
2026-07-10 17:32:42,368 [INFO] ApiDb:240 - Found 880 in-development CPN: [B-G473E-ZEST1S, B-WB1M-WPAN1, B-WBA5M-WPAN, B-WL5M-SUBG1, NUCLEO-C031C6, NUCLEO-C051C8, NUCLEO-C071RB, NUCLEO-C092RC, NUCLEO-H503RB, NUCLEO-H533RE, NUCLEO-H563ZI, NUCLEO-H7S3L8, NUCLEO-N657X0-Q, NUCLEO-U031R8, NUCLEO-U083RC, NUCLEO-U385RG-Q, NUCLEO-U545RE-Q, NUCLEO-U5A5ZJ-Q, NUCLEO-WB05KZ, NUCLEO-WB07CC, NUCLEO-WB09KE, NUCLEO-WBA52CG, NUCLEO-WBA55CG, NUCLEO-WL33CC1, NUCLEO-WL33CC2, STEVAL-PROTEUS1, STEVAL-SMARTAG2, STEVAL-STWINBX1, STM320518-EVAL, STM32C0116-DK, STM32C011D6Y3TR, STM32C011D6Y6TR, STM32C011F4P3, STM32C011F4P6, STM32C011F4U3, STM32C011F4U6TR, STM32C011F6P3, STM32C011F6P6, STM32C011F6U3, STM32C011F6U6TR, STM32C011J4M3, STM32C011J4M6, STM32C011J6M3, STM32C011J6M6, STM32C0316-DK, STM32C031C4T3, STM32C031C4T6, STM32C031C4U3, STM32C031C4U6, STM32C031C6T3, STM32C031C6T6, STM32C031C6U3, STM32C031C6U6, STM32C031F4P3, STM32C031F4P6, STM32C031F6P3, STM32C031F6P6, STM32C031G4U3, STM32C031G4U6, STM32C031G6U3, STM32C031G6U6, STM32C031K4T3, STM32C031K4T6, STM32C031K4U3, STM32C031K4U6, STM32C031K6T3, STM32C031K6T6, STM32C031K6U3, STM32C031K6U6, STM32C051C6T6, STM32C051C6U6, STM32C051C8T6, STM32C051C8U6, STM32C051D8Y6TR, STM32C051F6P6, STM32C051F8P6, STM32C051G6U6, STM32C051G8U6, STM32C051K6T6, STM32C051K6U6, STM32C051K8T6, STM32C071C8T6, STM32C071C8T6N, STM32C071C8U6, STM32C071C8U6N, STM32C071CBT6, STM32C071CBT6N, STM32C071CBU6, STM32C071CBU6N, STM32C071F8P6, STM32C071F8P6N, STM32C071FBP6, STM32C071FBP6N, STM32C071FBY6TR, STM32C071G8U6, STM32C071G8U6N, STM32C071GBU6, STM32C071GBU6N, STM32C071K8T6, STM32C071K8T6N, STM32C071K8U6, STM32C071K8U6N, STM32C071KBT6, STM32C071KBT6N, STM32C071KBU6, STM32C071KBU6N, STM32C071R8T6, STM32C071R8T6N, STM32C071RBI6N, STM32C071RBT6, STM32C071RBT6N, STM32C091CBT6, STM32C091CBU6, STM32C091CCT6, STM32C091CCU6, STM32C091ECY6TR, STM32C091FBP6, STM32C091FCP6, STM32C091GBU6, STM32C091GCU6, STM32C091KBT6, STM32C091KBU6, STM32C091KCT6, STM32C091KCU6, STM32C091RBT6, STM32C091RCI6, STM32C091RCT6, STM32C092CBT6, STM32C092CBU6, STM32C092CCT6, STM32C092CCU6, STM32C092ECY6TR, STM32C092FBP6, STM32C092FCP6, STM32C092GBU6, STM32C092GCU6, STM32C092KBT6, STM32C092KBU6, STM32C092KCT6, STM32C092KCU6, STM32C092RBT6, STM32C092RCI6, STM32C092RCT6, STM32G071K8TXN, STM32G071K8UXN, STM32G081GBU6N, STM32G081KBT6N, STM32G081KBUXN, STM32G0B1CCT6N, STM32G0B1KCT6, STM32G0B1NEY6TR, STM32G0B1RCT6N, STM32G0C1CCT6, STM32G0C1CCT6N, STM32G0C1CCU6N, STM32G0C1CET6N, STM32G0C1CEU6N, STM32G0C1KCT6, STM32G0C1NEY6TR, STM32G0C1RCI6N, STM32G0C1RCT6N, STM32G0C1REI6N, STM32G0C1RET6N, STM32G0C1VCI6, STM32G0C1VEI6, STM32G411C6T3, STM32G411C6T6, STM32G411C6U3, STM32G411C6U6, STM32G411C8T3, STM32G411C8T6, STM32G411C8U3, STM32G411C8U6, STM32G411CBT3, STM32G411CBT6, STM32G411CBU3, STM32G411CBU6, STM32G411K6T3, STM32G411K6T6, STM32G411K6U3, STM32G411K6U6, STM32G411K8T3, STM32G411K8T6, STM32G411K8U3, STM32G411K8U6, STM32G411KBT3, STM32G411KBT6, STM32G411KBU3, STM32G411KBU6, STM32G411M6T3, STM32G411M6T6, STM32G411M8T3, STM32G411M8T6, STM32G411MBT3, STM32G411MBT6, STM32G411R6T3, STM32G411R6T6, STM32G411R8T3, STM32G411R8T6, STM32G411RBT3, STM32G411RBT6, STM32G414CBT3, STM32G414CBT6, STM32G414CBU3, STM32G414CBU6, STM32G414CCT3, STM32G414CCT6, STM32G414CCU3, STM32G414CCU6, STM32G414MBT3, STM32G414MBT6, STM32G414MCT3, STM32G414MCT6, STM32G414RBT3, STM32G414RBT6, STM32G414RCT3, STM32G414RCT6, STM32G414VBT3, STM32G414VBT6, STM32G414VCT3, STM32G414VCT6, STM32G431CBT3Z, STM32G431RBT3Z, STM32G471CCT6, STM32G471CCU6, STM32G471CET3, STM32G471CET6, STM32G471CEU3, STM32G471CEU6, STM32G471MCT6, STM32G471MET3, STM32G471MET6, STM32G471MEY6TR, STM32G471QCT6, STM32G471QET3, STM32G471RCT6, STM32G471RET3, STM32G471RET6, STM32G471VCH6, STM32G471VCI6, STM32G471VCT6, STM32G471VEH3, STM32G471VEH6, STM32G471VEI3, STM32G471VEI6, STM32G471VET3, STM32G471VET6, STM32G473QET3Z, STM32G473RET3Z, STM32G474CCT6, STM32G491RET3Z, STM32H503CBT6, STM32H503CBU6, STM32H503EBY6TR, STM32H503KBU6, STM32H503RBT6, STM32H523CCT6, STM32H523CCU6, STM32H523CET6, STM32H523CEU6, STM32H523HEY6TR, STM32H523RCT6, STM32H523RET6, STM32H523VCI6, STM32H523VCT6, STM32H523VEI6, STM32H523VET6, STM32H523ZCJ6, STM32H523ZCT6, STM32H523ZEJ6, STM32H523ZET6, STM32H533CET6, STM32H533CEU6, STM32H533HEY6TR, STM32H533RET6, STM32H533VEI6, STM32H533VET6, STM32H533ZEJ6, STM32H533ZET6, STM32H562AGI6, STM32H562AII6, STM32H562IGK6, STM32H562IGT6, STM32H562IIK6, STM32H562IIT6, STM32H562RGT6, STM32H562RGV6, STM32H562RIT6, STM32H562RIV6, STM32H562VGT6, STM32H562VIT6, STM32H562ZGT6, STM32H562ZIT6, STM32H563AGI6, STM32H563AII3Q, STM32H563AII6, STM32H563IGK6, STM32H563IGT6, STM32H563IIK3Q, STM32H563IIK6, STM32H563IIT3Q, STM32H563IIT6, STM32H563MIY3QTR, STM32H563RGT6, STM32H563RGV6, STM32H563RIT6, STM32H563RIV6, STM32H563VGT6, STM32H563VIT3Q, STM32H563VIT6, STM32H563ZGT6, STM32H563ZIT3Q, STM32H563ZIT6, STM32H573AII3Q, STM32H573AII6, STM32H573I-DK, STM32H573IIK3Q, STM32H573IIK6, STM32H573IIT3Q, STM32H573IIT6, STM32H573MIY3QTR, STM32H573RIT6, STM32H573RIV6, STM32H573VIT3Q, STM32H573VIT6, STM32H573ZIT3Q, STM32H573ZIT6, STM32H7R3A8I6, STM32H7R3I8K6, STM32H7R3I8T6, STM32H7R3L8H6, STM32H7R3L8H6H, STM32H7R3R8V6, STM32H7R3V8H6, STM32H7R3V8T6, STM32H7R3V8Y6TR, STM32H7R3Z8J6, STM32H7R3Z8T6, STM32H7R7A8I6, STM32H7R7I8K6, STM32H7R7I8T6, STM32H7R7L8H6, STM32H7R7L8H6H, STM32H7R7Z8J6, STM32H7S3A8I6, STM32H7S3I8K6, STM32H7S3I8T6, STM32H7S3L8H6, STM32H7S3L8H6H, STM32H7S3R8V6, STM32H7S3V8H6, STM32H7S3V8T6, STM32H7S3V8Y6TR, STM32H7S3Z8J6, STM32H7S3Z8T6, STM32H7S78-DK, STM32H7S7A8I6, STM32H7S7I8K6, STM32H7S7I8T6, STM32H7S7L8H6, STM32H7S7L8H6H, STM32H7S7Z8J6, STM32L4R5QGI6STR, STM32MP131AAE3, STM32MP131AAF3, STM32MP131AAG3, STM32MP131CAE3, STM32MP131CAF3, STM32MP131CAG3, STM32MP131DAE7, STM32MP131DAF7, STM32MP131DAG7, STM32MP131FAE7, STM32MP131FAF7, STM32MP131FAG7, STM32MP133AAE3, STM32MP133AAF3, STM32MP133AAG3, STM32MP133CAE3, STM32MP133CAF3, STM32MP133CAG3, STM32MP133DAE7, STM32MP133DAF7, STM32MP133DAG7, STM32MP133FAE7, STM32MP133FAF7, STM32MP133FAG7, STM32MP135AAE3, STM32MP135AAF3, STM32MP135AAG3, STM32MP135CAE3, STM32MP135CAF3, STM32MP135CAG3, STM32MP135DAE7, STM32MP135DAF7, STM32MP135DAG7, STM32MP135F-DK, STM32MP135FAE7, STM32MP135FAF7, STM32MP135FAF7T, STM32MP135FAF7U, STM32MP135FAG7, STM32MP211AAL3, STM32MP211AAM3, STM32MP211AAN3, STM32MP211AAO3, STM32MP211CAL3, STM32MP211CAM3, STM32MP211CAN3, STM32MP211CAO3, STM32MP211DAL3, STM32MP211DAM3, STM32MP211DAN3, STM32MP211DAO3, STM32MP211FAL3, STM32MP211FAM3, STM32MP211FAN3, STM32MP211FAO3, STM32MP213AAL3, STM32MP213AAM3, STM32MP213AAN3, STM32MP213AAO3, STM32MP213CAL3, STM32MP213CAM3, STM32MP213CAN3, STM32MP213CAO3, STM32MP213DAL3, STM32MP213DAM3, STM32MP213DAN3, STM32MP213DAO3, STM32MP213FAL3, STM32MP213FAM3, STM32MP213FAN3, STM32MP213FAO3, STM32MP215AAL3, STM32MP215AAM3, STM32MP215AAN3, STM32MP215AAO3, STM32MP215CAL3, STM32MP215CAM3, STM32MP215CAN3, STM32MP215CAO3, STM32MP215DAL3, STM32MP215DAM3, STM32MP215DAN3, STM32MP215DAO3, STM32MP215F-DK, STM32MP215FAL3, STM32MP215FAM3, STM32MP215FAN3, STM32MP215FAO3, STM32MP231AAJ3, STM32MP231AAK3, STM32MP231AAL3, STM32MP231CAJ3, STM32MP231CAK3, STM32MP231CAL3, STM32MP231DAJ3, STM32MP231DAK3, STM32MP231DAL3, STM32MP231FAJ3, STM32MP231FAK3, STM32MP231FAL3, STM32MP233AAJ3, STM32MP233AAK3, STM32MP233AAL3, STM32MP233CAJ3, STM32MP233CAK3, STM32MP233CAL3, STM32MP233DAJ3, STM32MP233DAK3, STM32MP233DAL3, STM32MP233FAJ3, STM32MP233FAK3, STM32MP233FAL3, STM32MP235AAJ3, STM32MP235AAK3, STM32MP235AAL3, STM32MP235CAJ3, STM32MP235CAK3, STM32MP235CAL3, STM32MP235DAJ3, STM32MP235DAK3, STM32MP235DAL3, STM32MP235FAJ3, STM32MP235FAK3, STM32MP235FAL3, STM32MP251AAI3, STM32MP251AAK3, STM32MP251AAL3, STM32MP251CAI3, STM32MP251CAK3, STM32MP251CAL3, STM32MP251DAI3, STM32MP251DAK3, STM32MP251DAL3, STM32MP251FAI3, STM32MP251FAK3, STM32MP251FAL3, STM32MP253AAI3, STM32MP253AAK3, STM32MP253AAL3, STM32MP253CAI3, STM32MP253CAK3, STM32MP253CAL3, STM32MP253DAI3, STM32MP253DAK3, STM32MP253DAL3, STM32MP253FAI3, STM32MP253FAK3, STM32MP253FAL3, STM32MP255AAI3, STM32MP255AAK3, STM32MP255AAL3, STM32MP255CAI3, STM32MP255CAK3, STM32MP255CAL3, STM32MP255DAI3, STM32MP255DAK3, STM32MP255DAL3, STM32MP255FAI3, STM32MP255FAK3, STM32MP255FAL3, STM32MP257AAI3, STM32MP257AAK3, STM32MP257AAL3, STM32MP257CAI3, STM32MP257CAK3, STM32MP257CAL3, STM32MP257DAI3, STM32MP257DAK3, STM32MP257DAL3, STM32MP257F-DK, STM32MP257F-EV1, STM32MP257FAI3, STM32MP257FAK3, STM32MP257FAL3, STM32N645A0H3Q, STM32N645B0H3Q, STM32N645I0H3Q, STM32N645L0H3Q, STM32N645X0H3Q, STM32N645Z0H3Q, STM32N647A0H3Q, STM32N647B0H3Q, STM32N647I0H3Q, STM32N647L0H3Q, STM32N647X0H3Q, STM32N647Z0H3Q, STM32N655A0H3Q, STM32N655B0H3Q, STM32N655I0H3Q, STM32N655L0H3Q, STM32N655X0H3Q, STM32N655Z0H3Q, STM32N6570-DK, STM32N657A0H3Q, STM32N657B0H3Q, STM32N657I0H3Q, STM32N657L0H3Q, STM32N657X0H3Q, STM32N657Z0H3Q, STM32U031C6T6, STM32U031C6U6, STM32U031C8T6, STM32U031C8U6, STM32U031F4P6, STM32U031F6P6, STM32U031F8P6, STM32U031G6Y6TR, STM32U031G8Y6TR, STM32U031K4U6, STM32U031K6U6, STM32U031K8U6, STM32U031R6I6, STM32U031R6T6, STM32U031R8I6, STM32U031R8T6, STM32U073C8T6, STM32U073C8U6, STM32U073CBT6, STM32U073CBU6, STM32U073CCT6, STM32U073CCU6, STM32U073H8Y6TR, STM32U073HBY6TR, STM32U073HCY6TR, STM32U073K8U6, STM32U073KBU6, STM32U073KCU6, STM32U073M8I6, STM32U073M8T6, STM32U073MBI6, STM32U073MBT6, STM32U073MCI6, STM32U073MCT6, STM32U073R8I6, STM32U073R8T6, STM32U073RBI6, STM32U073RBT6, STM32U073RCI6, STM32U073RCT6, STM32U083C-DK, STM32U083CCT6, STM32U083CCU6, STM32U083HCY6TR, STM32U083KCU6, STM32U083MCI6, STM32U083MCT6, STM32U083RCI6, STM32U083RCT6, STM32U375CET6, STM32U375CET6Q, STM32U375CEU6, STM32U375CEU6Q, STM32U375CEY6QTR, STM32U375CGT6, STM32U375CGT6Q, STM32U375CGU6, STM32U375CGU6Q, STM32U375CGY6QTR, STM32U375KEU6, STM32U375KGU6, STM32U375REI6, STM32U375REI6Q, STM32U375RET6, STM32U375RET6Q, STM32U375REY6GTR, STM32U375REY6QTR, STM32U375RGI6, STM32U375RGI6Q, STM32U375RGT6, STM32U375RGT6Q, STM32U375RGY6GTR, STM32U375RGY6QTR, STM32U375VEI6, STM32U375VEI6Q, STM32U375VET6, STM32U375VET6Q, STM32U375VGI6, STM32U375VGI6Q, STM32U375VGT6, STM32U375VGT6Q, STM32U385CGT6, STM32U385CGT6Q, STM32U385CGU6, STM32U385CGU6Q, STM32U385CGY6QTR, STM32U385KGU6, STM32U385RGI6, STM32U385RGI6Q, STM32U385RGT6, STM32U385RGT6Q, STM32U385RGY6GTR, STM32U385RGY6QTR, STM32U385VGI6, STM32U385VGI6Q, STM32U385VGT6, STM32U385VGT6Q, STM32U535CBT6, STM32U535CBT6Q, STM32U535CBU6, STM32U535CBU6Q, STM32U535CCT6, STM32U535CCT6Q, STM32U535CCU6, STM32U535CCU6Q, STM32U535CET6, STM32U535CET6Q, STM32U535CEU6, STM32U535CEU6Q, STM32U535JEY6QTR, STM32U535NCY6QTR, STM32U535NEY6QTR, STM32U535RBI6, STM32U535RBI6Q, STM32U535RBT6, STM32U535RBT6Q, STM32U535RCI6, STM32U535RCI6Q, STM32U535RCT6, STM32U535RCT6Q, STM32U535REI6, STM32U535REI6Q, STM32U535RET6, STM32U535RET6Q, STM32U535VCI6, STM32U535VCI6Q, STM32U535VCT6, STM32U535VCT6Q, STM32U535VEI6, STM32U535VEI6Q, STM32U535VET6, STM32U535VET6Q, STM32U545CET6, STM32U545CET6Q, STM32U545CEU6, STM32U545CEU6Q, STM32U545JEY6QTR, STM32U545NEY6QTR, STM32U545REI6, STM32U545REI6Q, STM32U545RET6, STM32U545RET6Q, STM32U545VEI6, STM32U545VEI6Q, STM32U545VET6, STM32U545VET6Q, STM32U595AIH6, STM32U595AIH6Q, STM32U595AJH6, STM32U595AJH6Q, STM32U595QII6, STM32U595QII6Q, STM32U595QJI6, STM32U595QJI6Q, STM32U595RIT6, STM32U595RIT6Q, STM32U595RJT6, STM32U595RJT6Q, STM32U595VIT6, STM32U595VIT6Q, STM32U595VJT6, STM32U595VJT6Q, STM32U595ZIT6, STM32U595ZIT6Q, STM32U595ZIY6QTR, STM32U595ZJT6, STM32U595ZJT6Q, STM32U595ZJY6QTR, STM32U599BJY6QTR, STM32U599NIH6Q, STM32U599NJH6Q, STM32U599VIT6Q, STM32U599VJT6, STM32U599VJT6Q, STM32U599ZIT6Q, STM32U599ZIY6QTR, STM32U599ZJT6Q, STM32U599ZJY6QTR, STM32U5A5AJH6, STM32U5A5AJH6Q, STM32U5A5QII3Q , STM32U5A5QJI6, STM32U5A5QJI6Q, STM32U5A5RJT6, STM32U5A5RJT6Q, STM32U5A5VJT6, STM32U5A5VJT6Q, STM32U5A5ZJT6, STM32U5A5ZJT6Q, STM32U5A5ZJY6QTR, STM32U5A9BJY6QTR, STM32U5A9J-DK, STM32U5A9NJH6Q, STM32U5A9VJT6Q, STM32U5A9ZJT6Q, STM32U5A9ZJY6QTR, STM32U5F7VIT6, STM32U5F7VIT6Q, STM32U5F7VJT6, STM32U5F7VJT6Q, STM32U5F9BJY6QTR, STM32U5F9NJH6Q, STM32U5F9VIT6Q, STM32U5F9VJT6Q, STM32U5F9ZIJ6QTR, STM32U5F9ZIT6Q, STM32U5F9ZJJ6QTR, STM32U5F9ZJT6Q, STM32U5G7VJT6, STM32U5G7VJT6Q, STM32U5G9BJY6QTR, STM32U5G9J-DK1, STM32U5G9J-DK2, STM32U5G9NJH6Q, STM32U5G9VJT6Q, STM32U5G9ZJJ6QTR, STM32U5G9ZJT6Q, STM32WB05KZV6TR, STM32WB05KZV7TR, STM32WB05TZF6TR, STM32WB05TZF7TR, STM32WB06CCF6TR, STM32WB06CCF7TR, STM32WB06CCV6TR, STM32WB06CCV7TR, STM32WB06KCV6TR, STM32WB06KCV7TR, STM32WB07CCF6TR, STM32WB07CCF7TR, STM32WB07CCV6TR, STM32WB07CCV7TR, STM32WB07KCV6TR, STM32WB07KCV7TR, STM32WB09KEV6TR, STM32WB09KEV7TR, STM32WB09TEF6TR, STM32WB09TEF7TR, STM32WB1MMCH6, STM32WBA50KGU6, STM32WBA50KGU6TR, STM32WBA52CEU6, STM32WBA52CEU6TR, STM32WBA52CEU7, STM32WBA52CEU7TR, STM32WBA52CGU6, STM32WBA52CGU6TR, STM32WBA52CGU6U, STM32WBA52CGU7, STM32WBA52CGU7TR, STM32WBA52KEU6, STM32WBA52KEU6TR, STM32WBA52KGU6, STM32WBA52KGU6TR, STM32WBA54CEU6, STM32WBA54CEU6TR, STM32WBA54CEU7, STM32WBA54CEU7TR, STM32WBA54CGU6, STM32WBA54CGU6TR, STM32WBA54CGU7, STM32WBA54CGU7TR, STM32WBA54KEU6, STM32WBA54KEU6TR, STM32WBA54KEU7, STM32WBA54KEU7TR, STM32WBA54KGU6, STM32WBA54KGU6TR, STM32WBA54KGU7, STM32WBA54KGU7TR, STM32WBA55CEU6, STM32WBA55CEU6TR, STM32WBA55CEU7, STM32WBA55CEU7TR, STM32WBA55CGU6, STM32WBA55CGU6TR, STM32WBA55CGU6U, STM32WBA55CGU7, STM32WBA55CGU7TR, STM32WBA55G-DK1, STM32WBA55HEF6, STM32WBA55HEF7, STM32WBA55HGF6, STM32WBA55HGF7, STM32WBA55UEI6, STM32WBA55UEI6TR, STM32WBA55UEI7, STM32WBA55UEI7TR, STM32WBA55UGI6, STM32WBA55UGI6TR, STM32WBA55UGI7, STM32WBA55UGI7TR, STM32WBA5MMGH6TR, STM32WBA62MGF6, STM32WBA62MIF6, STM32WBA65MGF7, STM32WBA65MIF6, STM32WBA65MIF7, STM32WL30K8V6, STM32WL30KBV6, STM32WL31C8V6, STM32WL31CBV6, STM32WL31K8V6, STM32WL31KBV6, STM32WL33C8V6, STM32WL33C8V6X, STM32WL33CBV6, STM32WL33CBV6X, STM32WL33CCV6, STM32WL33CCV6A, STM32WL33CCV6X, STM32WL33K8V7, STM32WL33K8V7X, STM32WL33KBV7 , STM32WL33KBV7X, STM32WL33KCV7, STM32WL33KCV7X, STM32WL5MOCH6, STM32WL5MOCH6TR]
2026-07-10 17:32:42,372 [INFO] DbMcus:218 - Found 5250 MCUs, 5097 are supported
2026-07-10 17:32:42,372 [INFO] ApiDb:423 - Load user favorites file /home/anton/.stm32cubeide/favorites.mcus.txt: 0 item(s)
2026-07-10 17:32:42,372 [INFO] ApiDb:427 - User favorites MCUs=[]
2026-07-10 17:32:42,372 [INFO] DbMcus:224 - Set 0 / 0 favorites MCUs
2026-07-10 17:32:42,584 [INFO] ApiDb:448 - Save user favorites file /home/anton/.stm32cubeide/favorites.boards.txt: 0 item(s)
2026-07-10 17:32:42,584 [INFO] ApiDb:452 - User favorites Boards=[]
2026-07-10 17:32:42,585 [INFO] ApiDb:581 - Connected to CubeFinder SQLite database (/home/anton/.stmcufinder/plugins/mcufinder/mcu/cube-finder-db.db)
2026-07-10 17:32:42,616 [INFO] ApiDb:668 - CubeFinder database Data Model version=2.1
2026-07-10 17:32:42,616 [INFO] ApiDb:669 - CubeFinder database Configuration version=3.0.42
2026-07-10 17:32:42,616 [INFO] ApiDb:670 - CubeFinder database generation date=2026-06-23 (1782213372)
2026-07-10 17:32:42,616 [INFO] ApiDb:671 - CubeFinder database FW Pack versions=[FP-ATR-ASTRA1_V2.0.0, FP-SNS-FLIGHT1_V5.1.0, FP-SNS-MOTENV1_V5.1.0, FP-SNS-MOTENVWB1_V1.5.0, FP-SNS-SMARTAG2_V1.2.0, FP-SNS-STBOX1_V2.1.0, STM32Cube_FW_C0_V1.4.0, STM32Cube_FW_F4_V1.28.3, STM32Cube_FW_F7_V1.17.4, STM32Cube_FW_G0_V1.6.3, STM32Cube_FW_G4_V1.6.2, STM32Cube_FW_H5_V1.7.0, STM32Cube_FW_H7RS_V1.3.0, STM32Cube_FW_H7_V1.13.0, STM32Cube_FW_L0_V1.12.2, STM32Cube_FW_L4_V1.18.2, STM32Cube_FW_L5_V1.6.0, STM32Cube_FW_N6_V1.4.0, STM32Cube_FW_U0_V1.3.0, STM32Cube_FW_U3_V1.4.0, STM32Cube_FW_U5_V1.9.0, STM32Cube_FW_WB0_V1.5.0, STM32Cube_FW_WBA_V1.10.0, STM32Cube_FW_WB_V1.24.0, STM32Cube_FW_WL3_V1.5.0, STM32Cube_FW_WL_V1.6.0, X-CUBE-ALGOBUILD_V1.5.0, X-CUBE-ALS_V1.0.2, X-CUBE-AZRTOS-F4_V1.1.0, X-CUBE-AZRTOS-F7_V1.1.0, X-CUBE-AZRTOS-G0_V1.1.0, X-CUBE-AZRTOS-G4_V2.0.0, X-CUBE-AZRTOS-H7RS_V1.1.0, X-CUBE-AZRTOS-H7_V3.5.0, X-CUBE-AZRTOS-L4_V2.0.0, X-CUBE-AZRTOS-L5_V2.0.0, X-CUBE-AZRTOS-WB_V2.0.0, X-CUBE-AZRTOS-WL_V2.0.0, X-CUBE-BLE1_V7.1.0, X-CUBE-BLE2_V3.3.0, X-CUBE-BLEMGR_V4.1.0, X-CUBE-EEPRMA1_V5.2.0, X-CUBE-FREERTOS_V1.5.0, X-CUBE-GNSS1_V7.1.1, X-CUBE-MEMS1_V12.1.0, X-CUBE-NFC4_V3.0.0, X-CUBE-NFC7_V2.0.0, X-CUBE-SFXS2LP1_V4.0.0, X-CUBE-ST67W61_V1.3.0, X-CUBE-SUBG2_V5.0.0, X-CUBE-TOF1_V3.4.3]
2026-07-10 17:32:42,644 [INFO] DbBoardsSqlite:226 - include board P-NUCLEO-WB55-NUCLEO as a kit item of type 'Nucleo-64'
2026-07-10 17:32:42,645 [INFO] DbBoardsSqlite:226 - include board P-NUCLEO-WB55-USBDONGLE as a kit item of type 'Nucleo USB Dongle'
2026-07-10 17:32:42,645 [INFO] DbBoardsSqlite:226 - include board STEVAL-IDP005V1 as a kit item of type 'Evaluation Board'
2026-07-10 17:32:42,645 [INFO] DbBoardsSqlite:226 - include board STEVAL-IDP005V2 as a kit item of type 'Evaluation Board'
2026-07-10 17:32:42,672 [INFO] ApiDb:240 - Found 880 in-development CPN: [B-G473E-ZEST1S, B-WB1M-WPAN1, B-WBA5M-WPAN, B-WL5M-SUBG1, NUCLEO-C031C6, NUCLEO-C051C8, NUCLEO-C071RB, NUCLEO-C092RC, NUCLEO-H503RB, NUCLEO-H533RE, NUCLEO-H563ZI, NUCLEO-H7S3L8, NUCLEO-N657X0-Q, NUCLEO-U031R8, NUCLEO-U083RC, NUCLEO-U385RG-Q, NUCLEO-U545RE-Q, NUCLEO-U5A5ZJ-Q, NUCLEO-WB05KZ, NUCLEO-WB07CC, NUCLEO-WB09KE, NUCLEO-WBA52CG, NUCLEO-WBA55CG, NUCLEO-WL33CC1, NUCLEO-WL33CC2, STEVAL-PROTEUS1, STEVAL-SMARTAG2, STEVAL-STWINBX1, STM320518-EVAL, STM32C0116-DK, STM32C011D6Y3TR, STM32C011D6Y6TR, STM32C011F4P3, STM32C011F4P6, STM32C011F4U3, STM32C011F4U6TR, STM32C011F6P3, STM32C011F6P6, STM32C011F6U3, STM32C011F6U6TR, STM32C011J4M3, STM32C011J4M6, STM32C011J6M3, STM32C011J6M6, STM32C0316-DK, STM32C031C4T3, STM32C031C4T6, STM32C031C4U3, STM32C031C4U6, STM32C031C6T3, STM32C031C6T6, STM32C031C6U3, STM32C031C6U6, STM32C031F4P3, STM32C031F4P6, STM32C031F6P3, STM32C031F6P6, STM32C031G4U3, STM32C031G4U6, STM32C031G6U3, STM32C031G6U6, STM32C031K4T3, STM32C031K4T6, STM32C031K4U3, STM32C031K4U6, STM32C031K6T3, STM32C031K6T6, STM32C031K6U3, STM32C031K6U6, STM32C051C6T6, STM32C051C6U6, STM32C051C8T6, STM32C051C8U6, STM32C051D8Y6TR, STM32C051F6P6, STM32C051F8P6, STM32C051G6U6, STM32C051G8U6, STM32C051K6T6, STM32C051K6U6, STM32C051K8T6, STM32C071C8T6, STM32C071C8T6N, STM32C071C8U6, STM32C071C8U6N, STM32C071CBT6, STM32C071CBT6N, STM32C071CBU6, STM32C071CBU6N, STM32C071F8P6, STM32C071F8P6N, STM32C071FBP6, STM32C071FBP6N, STM32C071FBY6TR, STM32C071G8U6, STM32C071G8U6N, STM32C071GBU6, STM32C071GBU6N, STM32C071K8T6, STM32C071K8T6N, STM32C071K8U6, STM32C071K8U6N, STM32C071KBT6, STM32C071KBT6N, STM32C071KBU6, STM32C071KBU6N, STM32C071R8T6, STM32C071R8T6N, STM32C071RBI6N, STM32C071RBT6, STM32C071RBT6N, STM32C091CBT6, STM32C091CBU6, STM32C091CCT6, STM32C091CCU6, STM32C091ECY6TR, STM32C091FBP6, STM32C091FCP6, STM32C091GBU6, STM32C091GCU6, STM32C091KBT6, STM32C091KBU6, STM32C091KCT6, STM32C091KCU6, STM32C091RBT6, STM32C091RCI6, STM32C091RCT6, STM32C092CBT6, STM32C092CBU6, STM32C092CCT6, STM32C092CCU6, STM32C092ECY6TR, STM32C092FBP6, STM32C092FCP6, STM32C092GBU6, STM32C092GCU6, STM32C092KBT6, STM32C092KBU6, STM32C092KCT6, STM32C092KCU6, STM32C092RBT6, STM32C092RCI6, STM32C092RCT6, STM32G071K8TXN, STM32G071K8UXN, STM32G081GBU6N, STM32G081KBT6N, STM32G081KBUXN, STM32G0B1CCT6N, STM32G0B1KCT6, STM32G0B1NEY6TR, STM32G0B1RCT6N, STM32G0C1CCT6, STM32G0C1CCT6N, STM32G0C1CCU6N, STM32G0C1CET6N, STM32G0C1CEU6N, STM32G0C1KCT6, STM32G0C1NEY6TR, STM32G0C1RCI6N, STM32G0C1RCT6N, STM32G0C1REI6N, STM32G0C1RET6N, STM32G0C1VCI6, STM32G0C1VEI6, STM32G411C6T3, STM32G411C6T6, STM32G411C6U3, STM32G411C6U6, STM32G411C8T3, STM32G411C8T6, STM32G411C8U3, STM32G411C8U6, STM32G411CBT3, STM32G411CBT6, STM32G411CBU3, STM32G411CBU6, STM32G411K6T3, STM32G411K6T6, STM32G411K6U3, STM32G411K6U6, STM32G411K8T3, STM32G411K8T6, STM32G411K8U3, STM32G411K8U6, STM32G411KBT3, STM32G411KBT6, STM32G411KBU3, STM32G411KBU6, STM32G411M6T3, STM32G411M6T6, STM32G411M8T3, STM32G411M8T6, STM32G411MBT3, STM32G411MBT6, STM32G411R6T3, STM32G411R6T6, STM32G411R8T3, STM32G411R8T6, STM32G411RBT3, STM32G411RBT6, STM32G414CBT3, STM32G414CBT6, STM32G414CBU3, STM32G414CBU6, STM32G414CCT3, STM32G414CCT6, STM32G414CCU3, STM32G414CCU6, STM32G414MBT3, STM32G414MBT6, STM32G414MCT3, STM32G414MCT6, STM32G414RBT3, STM32G414RBT6, STM32G414RCT3, STM32G414RCT6, STM32G414VBT3, STM32G414VBT6, STM32G414VCT3, STM32G414VCT6, STM32G431CBT3Z, STM32G431RBT3Z, STM32G471CCT6, STM32G471CCU6, STM32G471CET3, STM32G471CET6, STM32G471CEU3, STM32G471CEU6, STM32G471MCT6, STM32G471MET3, STM32G471MET6, STM32G471MEY6TR, STM32G471QCT6, STM32G471QET3, STM32G471RCT6, STM32G471RET3, STM32G471RET6, STM32G471VCH6, STM32G471VCI6, STM32G471VCT6, STM32G471VEH3, STM32G471VEH6, STM32G471VEI3, STM32G471VEI6, STM32G471VET3, STM32G471VET6, STM32G473QET3Z, STM32G473RET3Z, STM32G474CCT6, STM32G491RET3Z, STM32H503CBT6, STM32H503CBU6, STM32H503EBY6TR, STM32H503KBU6, STM32H503RBT6, STM32H523CCT6, STM32H523CCU6, STM32H523CET6, STM32H523CEU6, STM32H523HEY6TR, STM32H523RCT6, STM32H523RET6, STM32H523VCI6, STM32H523VCT6, STM32H523VEI6, STM32H523VET6, STM32H523ZCJ6, STM32H523ZCT6, STM32H523ZEJ6, STM32H523ZET6, STM32H533CET6, STM32H533CEU6, STM32H533HEY6TR, STM32H533RET6, STM32H533VEI6, STM32H533VET6, STM32H533ZEJ6, STM32H533ZET6, STM32H562AGI6, STM32H562AII6, STM32H562IGK6, STM32H562IGT6, STM32H562IIK6, STM32H562IIT6, STM32H562RGT6, STM32H562RGV6, STM32H562RIT6, STM32H562RIV6, STM32H562VGT6, STM32H562VIT6, STM32H562ZGT6, STM32H562ZIT6, STM32H563AGI6, STM32H563AII3Q, STM32H563AII6, STM32H563IGK6, STM32H563IGT6, STM32H563IIK3Q, STM32H563IIK6, STM32H563IIT3Q, STM32H563IIT6, STM32H563MIY3QTR, STM32H563RGT6, STM32H563RGV6, STM32H563RIT6, STM32H563RIV6, STM32H563VGT6, STM32H563VIT3Q, STM32H563VIT6, STM32H563ZGT6, STM32H563ZIT3Q, STM32H563ZIT6, STM32H573AII3Q, STM32H573AII6, STM32H573I-DK, STM32H573IIK3Q, STM32H573IIK6, STM32H573IIT3Q, STM32H573IIT6, STM32H573MIY3QTR, STM32H573RIT6, STM32H573RIV6, STM32H573VIT3Q, STM32H573VIT6, STM32H573ZIT3Q, STM32H573ZIT6, STM32H7R3A8I6, STM32H7R3I8K6, STM32H7R3I8T6, STM32H7R3L8H6, STM32H7R3L8H6H, STM32H7R3R8V6, STM32H7R3V8H6, STM32H7R3V8T6, STM32H7R3V8Y6TR, STM32H7R3Z8J6, STM32H7R3Z8T6, STM32H7R7A8I6, STM32H7R7I8K6, STM32H7R7I8T6, STM32H7R7L8H6, STM32H7R7L8H6H, STM32H7R7Z8J6, STM32H7S3A8I6, STM32H7S3I8K6, STM32H7S3I8T6, STM32H7S3L8H6, STM32H7S3L8H6H, STM32H7S3R8V6, STM32H7S3V8H6, STM32H7S3V8T6, STM32H7S3V8Y6TR, STM32H7S3Z8J6, STM32H7S3Z8T6, STM32H7S78-DK, STM32H7S7A8I6, STM32H7S7I8K6, STM32H7S7I8T6, STM32H7S7L8H6, STM32H7S7L8H6H, STM32H7S7Z8J6, STM32L4R5QGI6STR, STM32MP131AAE3, STM32MP131AAF3, STM32MP131AAG3, STM32MP131CAE3, STM32MP131CAF3, STM32MP131CAG3, STM32MP131DAE7, STM32MP131DAF7, STM32MP131DAG7, STM32MP131FAE7, STM32MP131FAF7, STM32MP131FAG7, STM32MP133AAE3, STM32MP133AAF3, STM32MP133AAG3, STM32MP133CAE3, STM32MP133CAF3, STM32MP133CAG3, STM32MP133DAE7, STM32MP133DAF7, STM32MP133DAG7, STM32MP133FAE7, STM32MP133FAF7, STM32MP133FAG7, STM32MP135AAE3, STM32MP135AAF3, STM32MP135AAG3, STM32MP135CAE3, STM32MP135CAF3, STM32MP135CAG3, STM32MP135DAE7, STM32MP135DAF7, STM32MP135DAG7, STM32MP135F-DK, STM32MP135FAE7, STM32MP135FAF7, STM32MP135FAF7T, STM32MP135FAF7U, STM32MP135FAG7, STM32MP211AAL3, STM32MP211AAM3, STM32MP211AAN3, STM32MP211AAO3, STM32MP211CAL3, STM32MP211CAM3, STM32MP211CAN3, STM32MP211CAO3, STM32MP211DAL3, STM32MP211DAM3, STM32MP211DAN3, STM32MP211DAO3, STM32MP211FAL3, STM32MP211FAM3, STM32MP211FAN3, STM32MP211FAO3, STM32MP213AAL3, STM32MP213AAM3, STM32MP213AAN3, STM32MP213AAO3, STM32MP213CAL3, STM32MP213CAM3, STM32MP213CAN3, STM32MP213CAO3, STM32MP213DAL3, STM32MP213DAM3, STM32MP213DAN3, STM32MP213DAO3, STM32MP213FAL3, STM32MP213FAM3, STM32MP213FAN3, STM32MP213FAO3, STM32MP215AAL3, STM32MP215AAM3, STM32MP215AAN3, STM32MP215AAO3, STM32MP215CAL3, STM32MP215CAM3, STM32MP215CAN3, STM32MP215CAO3, STM32MP215DAL3, STM32MP215DAM3, STM32MP215DAN3, STM32MP215DAO3, STM32MP215F-DK, STM32MP215FAL3, STM32MP215FAM3, STM32MP215FAN3, STM32MP215FAO3, STM32MP231AAJ3, STM32MP231AAK3, STM32MP231AAL3, STM32MP231CAJ3, STM32MP231CAK3, STM32MP231CAL3, STM32MP231DAJ3, STM32MP231DAK3, STM32MP231DAL3, STM32MP231FAJ3, STM32MP231FAK3, STM32MP231FAL3, STM32MP233AAJ3, STM32MP233AAK3, STM32MP233AAL3, STM32MP233CAJ3, STM32MP233CAK3, STM32MP233CAL3, STM32MP233DAJ3, STM32MP233DAK3, STM32MP233DAL3, STM32MP233FAJ3, STM32MP233FAK3, STM32MP233FAL3, STM32MP235AAJ3, STM32MP235AAK3, STM32MP235AAL3, STM32MP235CAJ3, STM32MP235CAK3, STM32MP235CAL3, STM32MP235DAJ3, STM32MP235DAK3, STM32MP235DAL3, STM32MP235FAJ3, STM32MP235FAK3, STM32MP235FAL3, STM32MP251AAI3, STM32MP251AAK3, STM32MP251AAL3, STM32MP251CAI3, STM32MP251CAK3, STM32MP251CAL3, STM32MP251DAI3, STM32MP251DAK3, STM32MP251DAL3, STM32MP251FAI3, STM32MP251FAK3, STM32MP251FAL3, STM32MP253AAI3, STM32MP253AAK3, STM32MP253AAL3, STM32MP253CAI3, STM32MP253CAK3, STM32MP253CAL3, STM32MP253DAI3, STM32MP253DAK3, STM32MP253DAL3, STM32MP253FAI3, STM32MP253FAK3, STM32MP253FAL3, STM32MP255AAI3, STM32MP255AAK3, STM32MP255AAL3, STM32MP255CAI3, STM32MP255CAK3, STM32MP255CAL3, STM32MP255DAI3, STM32MP255DAK3, STM32MP255DAL3, STM32MP255FAI3, STM32MP255FAK3, STM32MP255FAL3, STM32MP257AAI3, STM32MP257AAK3, STM32MP257AAL3, STM32MP257CAI3, STM32MP257CAK3, STM32MP257CAL3, STM32MP257DAI3, STM32MP257DAK3, STM32MP257DAL3, STM32MP257F-DK, STM32MP257F-EV1, STM32MP257FAI3, STM32MP257FAK3, STM32MP257FAL3, STM32N645A0H3Q, STM32N645B0H3Q, STM32N645I0H3Q, STM32N645L0H3Q, STM32N645X0H3Q, STM32N645Z0H3Q, STM32N647A0H3Q, STM32N647B0H3Q, STM32N647I0H3Q, STM32N647L0H3Q, STM32N647X0H3Q, STM32N647Z0H3Q, STM32N655A0H3Q, STM32N655B0H3Q, STM32N655I0H3Q, STM32N655L0H3Q, STM32N655X0H3Q, STM32N655Z0H3Q, STM32N6570-DK, STM32N657A0H3Q, STM32N657B0H3Q, STM32N657I0H3Q, STM32N657L0H3Q, STM32N657X0H3Q, STM32N657Z0H3Q, STM32U031C6T6, STM32U031C6U6, STM32U031C8T6, STM32U031C8U6, STM32U031F4P6, STM32U031F6P6, STM32U031F8P6, STM32U031G6Y6TR, STM32U031G8Y6TR, STM32U031K4U6, STM32U031K6U6, STM32U031K8U6, STM32U031R6I6, STM32U031R6T6, STM32U031R8I6, STM32U031R8T6, STM32U073C8T6, STM32U073C8U6, STM32U073CBT6, STM32U073CBU6, STM32U073CCT6, STM32U073CCU6, STM32U073H8Y6TR, STM32U073HBY6TR, STM32U073HCY6TR, STM32U073K8U6, STM32U073KBU6, STM32U073KCU6, STM32U073M8I6, STM32U073M8T6, STM32U073MBI6, STM32U073MBT6, STM32U073MCI6, STM32U073MCT6, STM32U073R8I6, STM32U073R8T6, STM32U073RBI6, STM32U073RBT6, STM32U073RCI6, STM32U073RCT6, STM32U083C-DK, STM32U083CCT6, STM32U083CCU6, STM32U083HCY6TR, STM32U083KCU6, STM32U083MCI6, STM32U083MCT6, STM32U083RCI6, STM32U083RCT6, STM32U375CET6, STM32U375CET6Q, STM32U375CEU6, STM32U375CEU6Q, STM32U375CEY6QTR, STM32U375CGT6, STM32U375CGT6Q, STM32U375CGU6, STM32U375CGU6Q, STM32U375CGY6QTR, STM32U375KEU6, STM32U375KGU6, STM32U375REI6, STM32U375REI6Q, STM32U375RET6, STM32U375RET6Q, STM32U375REY6GTR, STM32U375REY6QTR, STM32U375RGI6, STM32U375RGI6Q, STM32U375RGT6, STM32U375RGT6Q, STM32U375RGY6GTR, STM32U375RGY6QTR, STM32U375VEI6, STM32U375VEI6Q, STM32U375VET6, STM32U375VET6Q, STM32U375VGI6, STM32U375VGI6Q, STM32U375VGT6, STM32U375VGT6Q, STM32U385CGT6, STM32U385CGT6Q, STM32U385CGU6, STM32U385CGU6Q, STM32U385CGY6QTR, STM32U385KGU6, STM32U385RGI6, STM32U385RGI6Q, STM32U385RGT6, STM32U385RGT6Q, STM32U385RGY6GTR, STM32U385RGY6QTR, STM32U385VGI6, STM32U385VGI6Q, STM32U385VGT6, STM32U385VGT6Q, STM32U535CBT6, STM32U535CBT6Q, STM32U535CBU6, STM32U535CBU6Q, STM32U535CCT6, STM32U535CCT6Q, STM32U535CCU6, STM32U535CCU6Q, STM32U535CET6, STM32U535CET6Q, STM32U535CEU6, STM32U535CEU6Q, STM32U535JEY6QTR, STM32U535NCY6QTR, STM32U535NEY6QTR, STM32U535RBI6, STM32U535RBI6Q, STM32U535RBT6, STM32U535RBT6Q, STM32U535RCI6, STM32U535RCI6Q, STM32U535RCT6, STM32U535RCT6Q, STM32U535REI6, STM32U535REI6Q, STM32U535RET6, STM32U535RET6Q, STM32U535VCI6, STM32U535VCI6Q, STM32U535VCT6, STM32U535VCT6Q, STM32U535VEI6, STM32U535VEI6Q, STM32U535VET6, STM32U535VET6Q, STM32U545CET6, STM32U545CET6Q, STM32U545CEU6, STM32U545CEU6Q, STM32U545JEY6QTR, STM32U545NEY6QTR, STM32U545REI6, STM32U545REI6Q, STM32U545RET6, STM32U545RET6Q, STM32U545VEI6, STM32U545VEI6Q, STM32U545VET6, STM32U545VET6Q, STM32U595AIH6, STM32U595AIH6Q, STM32U595AJH6, STM32U595AJH6Q, STM32U595QII6, STM32U595QII6Q, STM32U595QJI6, STM32U595QJI6Q, STM32U595RIT6, STM32U595RIT6Q, STM32U595RJT6, STM32U595RJT6Q, STM32U595VIT6, STM32U595VIT6Q, STM32U595VJT6, STM32U595VJT6Q, STM32U595ZIT6, STM32U595ZIT6Q, STM32U595ZIY6QTR, STM32U595ZJT6, STM32U595ZJT6Q, STM32U595ZJY6QTR, STM32U599BJY6QTR, STM32U599NIH6Q, STM32U599NJH6Q, STM32U599VIT6Q, STM32U599VJT6, STM32U599VJT6Q, STM32U599ZIT6Q, STM32U599ZIY6QTR, STM32U599ZJT6Q, STM32U599ZJY6QTR, STM32U5A5AJH6, STM32U5A5AJH6Q, STM32U5A5QII3Q , STM32U5A5QJI6, STM32U5A5QJI6Q, STM32U5A5RJT6, STM32U5A5RJT6Q, STM32U5A5VJT6, STM32U5A5VJT6Q, STM32U5A5ZJT6, STM32U5A5ZJT6Q, STM32U5A5ZJY6QTR, STM32U5A9BJY6QTR, STM32U5A9J-DK, STM32U5A9NJH6Q, STM32U5A9VJT6Q, STM32U5A9ZJT6Q, STM32U5A9ZJY6QTR, STM32U5F7VIT6, STM32U5F7VIT6Q, STM32U5F7VJT6, STM32U5F7VJT6Q, STM32U5F9BJY6QTR, STM32U5F9NJH6Q, STM32U5F9VIT6Q, STM32U5F9VJT6Q, STM32U5F9ZIJ6QTR, STM32U5F9ZIT6Q, STM32U5F9ZJJ6QTR, STM32U5F9ZJT6Q, STM32U5G7VJT6, STM32U5G7VJT6Q, STM32U5G9BJY6QTR, STM32U5G9J-DK1, STM32U5G9J-DK2, STM32U5G9NJH6Q, STM32U5G9VJT6Q, STM32U5G9ZJJ6QTR, STM32U5G9ZJT6Q, STM32WB05KZV6TR, STM32WB05KZV7TR, STM32WB05TZF6TR, STM32WB05TZF7TR, STM32WB06CCF6TR, STM32WB06CCF7TR, STM32WB06CCV6TR, STM32WB06CCV7TR, STM32WB06KCV6TR, STM32WB06KCV7TR, STM32WB07CCF6TR, STM32WB07CCF7TR, STM32WB07CCV6TR, STM32WB07CCV7TR, STM32WB07KCV6TR, STM32WB07KCV7TR, STM32WB09KEV6TR, STM32WB09KEV7TR, STM32WB09TEF6TR, STM32WB09TEF7TR, STM32WB1MMCH6, STM32WBA50KGU6, STM32WBA50KGU6TR, STM32WBA52CEU6, STM32WBA52CEU6TR, STM32WBA52CEU7, STM32WBA52CEU7TR, STM32WBA52CGU6, STM32WBA52CGU6TR, STM32WBA52CGU6U, STM32WBA52CGU7, STM32WBA52CGU7TR, STM32WBA52KEU6, STM32WBA52KEU6TR, STM32WBA52KGU6, STM32WBA52KGU6TR, STM32WBA54CEU6, STM32WBA54CEU6TR, STM32WBA54CEU7, STM32WBA54CEU7TR, STM32WBA54CGU6, STM32WBA54CGU6TR, STM32WBA54CGU7, STM32WBA54CGU7TR, STM32WBA54KEU6, STM32WBA54KEU6TR, STM32WBA54KEU7, STM32WBA54KEU7TR, STM32WBA54KGU6, STM32WBA54KGU6TR, STM32WBA54KGU7, STM32WBA54KGU7TR, STM32WBA55CEU6, STM32WBA55CEU6TR, STM32WBA55CEU7, STM32WBA55CEU7TR, STM32WBA55CGU6, STM32WBA55CGU6TR, STM32WBA55CGU6U, STM32WBA55CGU7, STM32WBA55CGU7TR, STM32WBA55G-DK1, STM32WBA55HEF6, STM32WBA55HEF7, STM32WBA55HGF6, STM32WBA55HGF7, STM32WBA55UEI6, STM32WBA55UEI6TR, STM32WBA55UEI7, STM32WBA55UEI7TR, STM32WBA55UGI6, STM32WBA55UGI6TR, STM32WBA55UGI7, STM32WBA55UGI7TR, STM32WBA5MMGH6TR, STM32WBA62MGF6, STM32WBA62MIF6, STM32WBA65MGF7, STM32WBA65MIF6, STM32WBA65MIF7, STM32WL30K8V6, STM32WL30KBV6, STM32WL31C8V6, STM32WL31CBV6, STM32WL31K8V6, STM32WL31KBV6, STM32WL33C8V6, STM32WL33C8V6X, STM32WL33CBV6, STM32WL33CBV6X, STM32WL33CCV6, STM32WL33CCV6A, STM32WL33CCV6X, STM32WL33K8V7, STM32WL33K8V7X, STM32WL33KBV7 , STM32WL33KBV7X, STM32WL33KCV7, STM32WL33KCV7X, STM32WL5MOCH6, STM32WL5MOCH6TR]
2026-07-10 17:32:42,730 [INFO] BoardInfo:889 - No configuration file found for board NUCLEO-H5E5ZJ
2026-07-10 17:32:42,730 [INFO] DbBoards:161 - Board is not supported: NUCLEO-H5E5ZJ
2026-07-10 17:32:42,749 [INFO] BoardInfo:889 - No configuration file found for board NUCLEO-U3C5ZI-Q
2026-07-10 17:32:42,749 [INFO] DbBoards:161 - Board is not supported: NUCLEO-U3C5ZI-Q
2026-07-10 17:32:42,754 [INFO] BoardInfo:889 - No configuration file found for board NUCLEO-WBA25CE1
2026-07-10 17:32:42,755 [INFO] DbBoards:161 - Board is not supported: NUCLEO-WBA25CE1
2026-07-10 17:32:42,758 [INFO] BoardInfo:889 - No configuration file found for board NUCLEO-WL3RKB1
2026-07-10 17:32:42,758 [INFO] DbBoards:161 - Board is not supported: NUCLEO-WL3RKB1
2026-07-10 17:32:42,759 [INFO] BoardInfo:889 - No configuration file found for board NUCLEO-WL3RKB2
2026-07-10 17:32:42,759 [INFO] DbBoards:161 - Board is not supported: NUCLEO-WL3RKB2
2026-07-10 17:32:42,762 [INFO] BoardInfo:889 - No configuration file found for board P-NUCLEO-WB55
2026-07-10 17:32:42,762 [INFO] DbBoards:161 - Kit is not supported: P-NUCLEO-WB55
2026-07-10 17:32:42,765 [INFO] BoardInfo:889 - No configuration file found for board STEVAL-BFA001V1B
2026-07-10 17:32:42,765 [INFO] DbBoards:161 - Kit is not supported: STEVAL-BFA001V1B
2026-07-10 17:32:42,765 [INFO] BoardInfo:889 - No configuration file found for board STEVAL-BFA001V2B
2026-07-10 17:32:42,765 [INFO] DbBoards:161 - Kit is not supported: STEVAL-BFA001V2B
2026-07-10 17:32:42,801 [INFO] BoardInfo:889 - No configuration file found for board STM32H5F5J-DK
2026-07-10 17:32:42,801 [INFO] DbBoards:161 - Board is not supported: STM32H5F5J-DK
2026-07-10 17:32:42,828 [INFO] DbBoards:168 - Found 218 boards, 209 are supported
2026-07-10 17:32:42,828 [INFO] DbBoards:169 - Found 218 boards, 43 of them is supported for  Bsp
2026-07-10 17:32:42,830 [INFO] ApiDb:423 - Load user favorites file /home/anton/.stm32cubeide/favorites.boards.txt: 0 item(s)
2026-07-10 17:32:42,830 [INFO] ApiDb:427 - User favorites Boards=[]
2026-07-10 17:32:42,830 [INFO] DbBoards:198 - Set 0 / 0 favorites Boards
2026-07-10 17:32:42,830 [ERROR] TargetSelectorAdapter:267 - Unable to refresh data
2026-07-10 17:32:42,861 [INFO] McuFinderGlobals:76 - Set McuFinderConnectedMode to true
2026-07-10 17:32:42,861 [INFO] MultiScanPanel:200 - Auto-refresh data requested => check proxy status ongoing
2026-07-10 17:32:42,862 [INFO] FinderPluginLoader:96 - Searching for filters in installed packs
2026-07-10 17:32:44,251 [INFO] LoadUrlFilesThread:185 - End of LoadServerUrlFiles without Thread
2026-07-10 17:32:44,251 [INFO] DetailPanel:341 - Set advertising image to /home/anton/STM32Cube/Repository//en.prom-stm32wl3r-0526.jpg
2026-07-10 17:32:46,650 [INFO] MultiScanPanel:200 - Auto-refresh data requested => check proxy status ongoing
2026-07-10 17:32:46,759 [INFO] LoadUrlFilesThread:185 - End of LoadServerUrlFiles without Thread
2026-07-10 17:32:46,759 [INFO] DetailPanel:341 - Set advertising image to /home/anton/STM32Cube/Repository//en.prom-stm32wl3r-0526.jpg
2026-07-10 17:32:46,769 [INFO] DbBoards:642 - Loading board mini-images...
2026-07-10 17:32:48,290 [INFO] DbBoards:665 - Loaded 218 board mini-images
2026-07-10 17:33:10,676 [INFO] MainUpdater:2872 - connection check result : 10
2026-07-10 17:33:10,677 [INFO] MainUpdater:2872 - connection check result : 10
2026-07-10 17:33:10,683 [INFO] MicroXplorer:468 - Change Database Path : 
2026-07-10 17:33:10,683 [INFO] MicroXplorer:498 - Change Database Version : DB.6.0.150
2026-07-10 17:33:10,687 [WARN] ThirdParty:871 - waiting for thirdparty lock release [close project]
2026-07-10 17:33:10,688 [INFO] ThirdParty:873 - entering critical section [close project]
2026-07-10 17:33:10,688 [INFO] ThirdParty:883 - exiting critical section [close project]
2026-07-10 17:33:10,690 [INFO] PinOutPanel:1589 - setPackage(No Configuration,No Configuration)
2026-07-10 17:33:10,691 [INFO] UtilMem:75 - Begin LoadConfig() Used Memory: 766171320 Bytes (1073741824)
2026-07-10 17:33:10,694 [INFO] OpenFileManager:355 - Change cursor
2026-07-10 17:33:10,722 [INFO] ProjectFactory:514 - No CPN specified for board NUCLEO-F446RE => set CPN to STM32F446RET6
2026-07-10 17:33:10,722 [INFO] Mcu:2029 - Initializing MCU STM32F446R(C-E)Tx STM32F446RETx STM32F446RET6
2026-07-10 17:33:11,539 [INFO] Context:786 - Trying to add GPIOservice into a context  which must be forbidden
2026-07-10 17:33:12,029 [INFO] Rule:233 - rule 117617 - U5Cobra4M][GTZC] default value MPCBB3 and MPCBB5 - Not Secured memory - MPCBB1 is applicable
2026-07-10 17:33:12,029 [INFO] Rule:233 - rule 117617 - U5Cobra4M][GTZC] default value MPCBB3 and MPCBB5 - Not Secured memory - MPCBB1 is applicable
2026-07-10 17:33:12,029 [INFO] Rule:233 - rule 117617 - U5Cobra4M][GTZC] default value MPCBB3 and MPCBB5 - Not Secured memory - MPCBB2 is applicable
2026-07-10 17:33:12,029 [INFO] Rule:233 - rule 117617 - U5Cobra4M][GTZC] default value MPCBB3 and MPCBB5 - Not Secured memory - MPCBB2 is applicable
2026-07-10 17:33:12,029 [INFO] Rule:233 - rule 117617 - U5Cobra4M][GTZC] default value MPCBB3 and MPCBB5 - Not Secured memory - MPCBB3 is applicable
2026-07-10 17:33:12,029 [INFO] Rule:233 - rule 117617 - U5Cobra4M][GTZC] default value MPCBB3 and MPCBB5 - Not Secured memory - MPCBB3 is applicable
2026-07-10 17:33:12,030 [INFO] Rule:233 - rule 117617 - U5Cobra4M][GTZC] default value MPCBB3 and MPCBB5 - Not Secured memory - MPCBB4 is applicable
2026-07-10 17:33:12,030 [INFO] Rule:233 - rule 117617 - U5Cobra4M][GTZC] default value MPCBB3 and MPCBB5 - Not Secured memory - MPCBB4 is applicable
2026-07-10 17:33:12,030 [INFO] Rule:233 - rule 117617 - U5Cobra4M][GTZC] default value MPCBB3 and MPCBB5 - Secured memory - MPCBB1 is applicable
2026-07-10 17:33:12,030 [INFO] Rule:233 - rule 117617 - U5Cobra4M][GTZC] default value MPCBB3 and MPCBB5 - Secured memory - MPCBB2 is applicable
2026-07-10 17:33:12,030 [INFO] Rule:233 - rule 117617 - U5Cobra4M][GTZC] default value MPCBB3 and MPCBB5 - Secured memory - MPCBB3 is applicable
2026-07-10 17:33:12,030 [INFO] Rule:233 - rule 117617 - U5Cobra4M][GTZC] default value MPCBB3 and MPCBB5 - Secured memory - MPCBB4 is applicable
2026-07-10 17:33:12,030 [INFO] Rule:233 - rule 117617 - U5Cobra4M][GTZC] default value MPCBB3 and MPCBB5 - Privileged memory - MPCBB1 is applicable
2026-07-10 17:33:12,030 [INFO] Rule:233 - rule 117617 - U5Cobra4M][GTZC] default value MPCBB3 and MPCBB5 - Privileged memory - MPCBB2 is applicable
2026-07-10 17:33:12,030 [INFO] Rule:233 - rule 117617 - U5Cobra4M][GTZC] default value MPCBB3 and MPCBB5 - Privileged memory - MPCBB3 is applicable
2026-07-10 17:33:12,030 [INFO] Rule:233 - rule 117617 - U5Cobra4M][GTZC] default value MPCBB3 and MPCBB5 - Privileged memory - MPCBB4 is applicable
2026-07-10 17:33:12,030 [INFO] Rule:233 - rule 117617 - U5Cobra4M][GTZC] default value MPCBB3 and MPCBB5 - Not Privileged memory - MPCBB1 is applicable
2026-07-10 17:33:12,030 [INFO] Rule:233 - rule 117617 - U5Cobra4M][GTZC] default value MPCBB3 and MPCBB5 - Not Privileged memory - MPCBB2 is applicable
2026-07-10 17:33:12,030 [INFO] Rule:233 - rule 117617 - U5Cobra4M][GTZC] default value MPCBB3 and MPCBB5 - Not Privileged memory - MPCBB3 is applicable
2026-07-10 17:33:12,030 [INFO] Rule:233 - rule 117617 - U5Cobra4M][GTZC] default value MPCBB3 and MPCBB5 - Not Privileged memory - MPCBB4 is applicable
2026-07-10 17:33:12,030 [INFO] Rule:233 - rule 117617 - U5Cobra4M][GTZC] default value MPCBB3 and MPCBB5 - Privileged memory - MPCBB1 is applicable
2026-07-10 17:33:12,030 [INFO] Rule:233 - rule 117617 - U5Cobra4M][GTZC] default value MPCBB3 and MPCBB5 - Privileged memory - MPCBB2 is applicable
2026-07-10 17:33:12,030 [INFO] Rule:233 - rule 117617 - U5Cobra4M][GTZC] default value MPCBB3 and MPCBB5 - Privileged memory - MPCBB3 is applicable
2026-07-10 17:33:12,030 [INFO] Rule:233 - rule 117617 - U5Cobra4M][GTZC] default value MPCBB3 and MPCBB5 - Privileged memory - MPCBB4 is applicable
2026-07-10 17:33:12,030 [INFO] Rule:233 - rule 117617 - U5Cobra4M][GTZC] default value MPCBB3 and MPCBB5 - Privileged memory - MPCBB1 is applicable
2026-07-10 17:33:12,030 [INFO] Rule:233 - rule 117617 - U5Cobra4M][GTZC] default value MPCBB3 and MPCBB5 - Privileged memory - MPCBB2 is applicable
2026-07-10 17:33:12,030 [INFO] Rule:233 - rule 117617 - U5Cobra4M][GTZC] default value MPCBB3 and MPCBB5 - Privileged memory - MPCBB3 is applicable
2026-07-10 17:33:12,031 [INFO] Rule:233 - rule 117617 - U5Cobra4M][GTZC] default value MPCBB3 and MPCBB5 - Privileged memory - MPCBB4 is applicable
2026-07-10 17:33:12,031 [INFO] Rule:233 - rule 117617 - U5Cobra4M][GTZC] default value MPCBB3 and MPCBB5 - Not Privileged memory - MPCBB1 is applicable
2026-07-10 17:33:12,031 [INFO] Rule:233 - rule 117617 - U5Cobra4M][GTZC] default value MPCBB3 and MPCBB5 - Not Privileged memory - MPCBB2 is applicable
2026-07-10 17:33:12,031 [INFO] Rule:233 - rule 117617 - U5Cobra4M][GTZC] default value MPCBB3 and MPCBB5 - Not Privileged memory - MPCBB3 is applicable
2026-07-10 17:33:12,031 [INFO] Rule:233 - rule 117617 - U5Cobra4M][GTZC] default value MPCBB3 and MPCBB5 - Not Privileged memory - MPCBB4 is applicable
2026-07-10 17:33:12,031 [INFO] Rule:233 - rule 117617 - U5Cobra4M][GTZC] default value MPCBB3 and MPCBB5 - Privileged memory - MPCBB1 is applicable
2026-07-10 17:33:12,031 [INFO] Rule:233 - rule 117617 - U5Cobra4M][GTZC] default value MPCBB3 and MPCBB5 - Privileged memory - MPCBB2 is applicable
2026-07-10 17:33:12,031 [INFO] Rule:233 - rule 117617 - U5Cobra4M][GTZC] default value MPCBB3 and MPCBB5 - Privileged memory - MPCBB3 is applicable
2026-07-10 17:33:12,031 [INFO] Rule:233 - rule 117617 - U5Cobra4M][GTZC] default value MPCBB3 and MPCBB5 - Privileged memory - MPCBB4 is applicable
2026-07-10 17:33:12,031 [INFO] Rule:233 - rule Rename SubGHz_Phy SUBGHZ_APPLICATION SUBGHZ_PINGPONG to SUBGHZ_ADV_APPLICATION is applicable
2026-07-10 17:33:12,031 [INFO] Rule:233 - rule Rename Enabled to IBEACON is applicable
2026-07-10 17:33:12,031 [INFO] Rule:233 - rule GTZC_S instance for project manager is applicable
2026-07-10 17:33:12,031 [INFO] Rule:233 - rule GTZC_S instance for context M33S is applicable
2026-07-10 17:33:12,031 [INFO] Rule:233 - rule GTZC_S instance value for IP GTZC is applicable
2026-07-10 17:33:12,031 [INFO] Rule:233 - rule GTZC_S instance for mcu.IP is applicable
2026-07-10 17:33:12,031 [INFO] Rule:233 - rule GTZC_S instance for VP is applicable
2026-07-10 17:33:12,031 [INFO] Rule:233 - rule GTZC_S instance for signal is applicable
2026-07-10 17:33:12,031 [INFO] Rule:233 - rule GTZC_S instance for mcu.Pin is applicable
2026-07-10 17:33:12,031 [INFO] Rule:233 - rule GTZC_S instance for VP is applicable
2026-07-10 17:33:12,031 [INFO] Rule:233 - rule GTZC_S instance for signal is applicable
2026-07-10 17:33:12,031 [INFO] Rule:233 - rule GTZC_S instance for mcu is applicable
2026-07-10 17:33:12,031 [INFO] Rule:233 - rule GTZC_S instance for mcu.Pin is applicable
2026-07-10 17:33:12,031 [INFO] Rule:233 - rule GTZC_S instance value for IP GTZC is applicable
2026-07-10 17:33:12,031 [INFO] Rule:233 - rule GTZC_S instance for project manager is applicable
2026-07-10 17:33:12,032 [INFO] Rule:233 - rule GTZC_S instance for context M33S is applicable
2026-07-10 17:33:12,032 [INFO] Rule:233 - rule GTZC_S instance for VP is applicable
2026-07-10 17:33:12,032 [INFO] Rule:233 - rule GTZC_S instance for signal is applicable
2026-07-10 17:33:12,032 [INFO] Rule:233 - rule SPDIFRX instance for mcu is applicable
2026-07-10 17:33:12,032 [INFO] Rule:233 - rule Rename Tracer Mode is applicable
2026-07-10 17:33:12,032 [INFO] Rule:233 - rule SPDIFRX instance value for IP SPDIFRX is applicable
2026-07-10 17:33:12,032 [INFO] Rule:233 - rule SPDIFRX instance for signal is applicable
2026-07-10 17:33:12,032 [INFO] Rule:233 - rule SPDIFRX instance for project manager is applicable
2026-07-10 17:33:12,032 [INFO] Rule:233 - rule SPDIFRX instance for project manager is applicable
2026-07-10 17:33:12,032 [INFO] Rule:233 - rule ADC Scan  fix with FW F7 is applicable
2026-07-10 17:33:12,032 [INFO] Rule:233 - rule ADC Scan  fix with FW F7 is applicable
2026-07-10 17:33:12,032 [INFO] Rule:233 - rule DFSDM instance value for IP DFSDM is applicable
2026-07-10 17:33:12,032 [INFO] Rule:233 - rule DFSDM instance for mcu is applicable
2026-07-10 17:33:12,032 [INFO] Rule:233 - rule DFSDM instance for VP is applicable
2026-07-10 17:33:12,033 [INFO] Rule:233 - rule DFSDM instance for signal is applicable
2026-07-10 17:33:12,033 [INFO] Rule:233 - rule DFSDM instance for shared is applicable
2026-07-10 17:33:12,033 [INFO] Rule:233 - rule BreakInputSource parameter for IP Timer is applicable
2026-07-10 17:33:12,033 [INFO] Rule:233 - rule Sourcebreak parameter for IP Timer is applicable
2026-07-10 17:33:12,033 [INFO] Rule:233 - rule Sourcebreak parameter for IP Timer is applicable
2026-07-10 17:33:12,033 [INFO] Rule:233 - rule DFSDM for PCC is applicable
2026-07-10 17:33:12,033 [INFO] Rule:233 - rule Serial_Wire Mode is applicable
2026-07-10 17:33:12,033 [INFO] Rule:233 - rule JTAG_4_pins Mode is applicable
2026-07-10 17:33:12,033 [INFO] Rule:233 - rule JTAG_5_pins Mode is applicable
2026-07-10 17:33:12,033 [INFO] Rule:233 - rule Trace_Asynchronous_SW Mode is applicable
2026-07-10 17:33:12,033 [INFO] Rule:233 - rule Trace_Synchro_1bit_JTAG Mode is applicable
2026-07-10 17:33:12,033 [INFO] Rule:233 - rule Trace_Synchro_2bits_JTAG Mode is applicable
2026-07-10 17:33:12,033 [INFO] Rule:233 - rule Trace_Synchro_4bits_JTAG Mode is applicable
2026-07-10 17:33:12,033 [INFO] Rule:233 - rule Trace_Synchro_1bit_SW Mode is applicable
2026-07-10 17:33:12,033 [INFO] Rule:233 - rule Trace_Synchro_2bits_SW Mode is applicable
2026-07-10 17:33:12,033 [INFO] Rule:233 - rule Trace_Synchro_4bits_SW Mode is applicable
2026-07-10 17:33:12,033 [INFO] Rule:233 - rule SYS_WakeUp0 Mode is applicable
2026-07-10 17:33:12,033 [INFO] Rule:233 - rule SYS_WakeUp0 Mode for STM32F446 is applicable
2026-07-10 17:33:12,033 [INFO] Rule:233 - rule SYS_WakeUp1 Mode is applicable
2026-07-10 17:33:12,033 [INFO] Rule:233 - rule SYS_WakeUp1 Mode for STM32F446 is applicable
2026-07-10 17:33:12,033 [INFO] Rule:233 - rule SYS_WakeUp2 Mode is applicable
2026-07-10 17:33:12,033 [INFO] Rule:233 - rule SYS_WakeUp3 Mode is applicable
2026-07-10 17:33:12,033 [INFO] Rule:233 - rule SYS_WakeUp4 Mode is applicable
2026-07-10 17:33:12,034 [INFO] Rule:233 - rule SYS_WakeUp5 Mode is applicable
2026-07-10 17:33:12,034 [INFO] Rule:233 - rule SYS_WakeUp6 Mode is applicable
2026-07-10 17:33:12,034 [INFO] Rule:233 - rule SYS_WakeUp7 Mode is applicable
2026-07-10 17:33:12,034 [INFO] Rule:233 - rule WakeUp0 Mode is applicable
2026-07-10 17:33:12,034 [INFO] Rule:233 - rule WakeUp0 SIGNAL is applicable
2026-07-10 17:33:12,034 [INFO] Rule:233 - rule WakeUp1 Mode is applicable
2026-07-10 17:33:12,034 [INFO] Rule:233 - rule WakeUp1 SIGNAL is applicable
2026-07-10 17:33:12,034 [INFO] Rule:233 - rule WakeUp2 Mode is applicable
2026-07-10 17:33:12,034 [INFO] Rule:233 - rule WakeUp2 SIGNAL is applicable
2026-07-10 17:33:12,034 [INFO] Rule:233 - rule WakeUp4 Mode is applicable
2026-07-10 17:33:12,034 [INFO] Rule:233 - rule WakeUp4 SIGNAL is applicable
2026-07-10 17:33:12,034 [INFO] Rule:233 - rule WakeUp5 Mode is applicable
2026-07-10 17:33:12,034 [INFO] Rule:233 - rule WakeUp5 SIGNAL is applicable
2026-07-10 17:33:12,034 [INFO] Rule:233 - rule Mode_PVD_Ext is applicable
2026-07-10 17:33:12,034 [INFO] Rule:233 - rule Mode_PVD_Int is applicable
2026-07-10 17:33:12,034 [INFO] Rule:233 - rule Add RTC Activate Clock Source is applicable
2026-07-10 17:33:12,034 [INFO] Rule:233 - rule Add RTC Activate Calendar 1 is applicable
2026-07-10 17:33:12,034 [INFO] Rule:233 - rule Add RTC Activate Calendar 2 is applicable
2026-07-10 17:33:12,034 [INFO] Rule:233 - rule Add RTC Activate Calendar 3 is applicable
2026-07-10 17:33:12,034 [INFO] Rule:233 - rule UART/USART TX Mode is applicable
2026-07-10 17:33:12,034 [INFO] Rule:233 - rule UART/USART RX Mode is applicable
2026-07-10 17:33:12,034 [INFO] Rule:233 - rule UART/USART RX TX Mode is applicable
2026-07-10 17:33:12,034 [INFO] Rule:233 - rule UART/USART PARITY NONE is applicable
2026-07-10 17:33:12,034 [INFO] Rule:233 - rule UART/USART PARITY EVEN is applicable
2026-07-10 17:33:12,035 [INFO] Rule:233 - rule UART/USART PARITY ODD is applicable
2026-07-10 17:33:12,035 [INFO] Rule:233 - rule USART StopBits 1 is applicable
2026-07-10 17:33:12,035 [INFO] Rule:233 - rule USART StopBits 2 is applicable
2026-07-10 17:33:12,035 [INFO] Rule:233 - rule USART StopBits 1.5 is applicable
2026-07-10 17:33:12,035 [INFO] Rule:233 - rule USART StopBits 0.5 is applicable
2026-07-10 17:33:12,035 [INFO] Rule:233 - rule UART/USART WORD LENGTH 7 is applicable
2026-07-10 17:33:12,035 [INFO] Rule:233 - rule UART/USART WORD LENGTH 8 is applicable
2026-07-10 17:33:12,035 [INFO] Rule:233 - rule UART/USART WORD LENGTH 9 is applicable
2026-07-10 17:33:12,035 [INFO] Rule:233 - rule Rename FMC NAND NCE signal is applicable
2026-07-10 17:33:12,035 [INFO] Rule:233 - rule Rename FMC NAND INT signal is applicable
2026-07-10 17:33:12,035 [INFO] Rule:233 - rule Change Default Value for LSE Drive Capability for WB family is applicable
2026-07-10 17:33:12,035 [INFO] Rule:233 - rule Change Default Value for ADC Clock Prescaler G0 family is applicable
2026-07-10 17:33:12,035 [INFO] Rule:233 - rule Change Default Value for ADC ExternalTrigConv L4 family is applicable
2026-07-10 17:33:12,035 [INFO] Rule:233 - rule Change Default Value for ADC ExternalTrigInjecConv L4 family is applicable
2026-07-10 17:33:12,035 [INFO] Rule:233 - rule Change Default Value for ADC ExternalTrigConv F3 family is applicable
2026-07-10 17:33:12,035 [INFO] Rule:233 - rule Change Default Value for ADC ExternalTrigInjecConv F3 family is applicable
2026-07-10 17:33:12,035 [INFO] Rule:233 - rule Change Default Value for ADC ExternalTrigConv Goldfish serie is applicable
2026-07-10 17:33:12,035 [INFO] Rule:233 - rule Change Default Value for ADC ExternalTrigInjecConv Goldfish serie is applicable
2026-07-10 17:33:12,035 [INFO] Rule:233 - rule Change Default Value for ADC ExternalTrigConv L0 family is applicable
2026-07-10 17:33:12,035 [INFO] Rule:233 - rule Change Default Value for ADC ExternalTrigConv F0 family is applicable
2026-07-10 17:33:12,035 [INFO] Rule:233 - rule Change Default Value for ADC ExternalTrigConvn L1 family is applicable
2026-07-10 17:33:12,035 [INFO] Rule:233 - rule Change Default Value for ADC ExternalTrigInjecConv L1 family is applicable
2026-07-10 17:33:12,035 [INFO] Rule:233 - rule Change Default Value for ADC ExternalTrigConv F1 family is applicable
2026-07-10 17:33:12,035 [INFO] Rule:233 - rule Change Default Value for ADC ExternalTrigInjecConv F1 family is applicable
2026-07-10 17:33:12,036 [INFO] Rule:233 - rule Change Default Value for ADC ExternalTrigConv F7 family is applicable
2026-07-10 17:33:12,036 [INFO] Rule:233 - rule Change Default Value for ADC ExternalTrigInjecConv F7 family is applicable
2026-07-10 17:33:12,036 [INFO] Rule:233 - rule Change Default Value for ADC ExternalTrigConv F4 and F2 family is applicable
2026-07-10 17:33:12,036 [INFO] Rule:233 - rule Change Default Value for ADC ExternalTrigInjecConv F4 and F2 family is applicable
2026-07-10 17:33:12,036 [INFO] Rule:233 - rule ADC SamplingTime fix with FW L0  is applicable
2026-07-10 17:33:12,036 [INFO] Rule:233 - rule ADC SamplingTime fix with FW L0  is applicable
2026-07-10 17:33:12,036 [INFO] Rule:233 - rule ADC SamplingTime fix with FW L0 is applicable
2026-07-10 17:33:12,036 [INFO] Rule:233 - rule ADC SamplingTime fix with FW L0 is applicable
2026-07-10 17:33:12,036 [INFO] Rule:233 - rule ADC SamplingTime fix with FW L0  is applicable
2026-07-10 17:33:12,036 [INFO] Rule:233 - rule ADC SamplingTime fix with FW L0 is applicable
2026-07-10 17:33:12,036 [INFO] Rule:233 - rule Rename USB_OE Signal is applicable
2026-07-10 17:33:12,036 [INFO] Rule:233 - rule Rename Activate_OE Mode is applicable
2026-07-10 17:33:12,036 [INFO] Rule:233 - rule Rename DIE462/DIE415 pin PC14/OSC32_IN -> PC14-OSC32_IN (PC14) is applicable
2026-07-10 17:33:12,036 [INFO] Rule:233 - rule Rename DIE462/DIE415 pin PC15/OSC32_OUT -> PC15-OSC32_OUT (PC15) is applicable
2026-07-10 17:33:12,036 [INFO] Rule:233 - rule Rename DIE462/DIE415 pin PH0/OSC_IN -> PH0-OSC_IN (PH0) is applicable
2026-07-10 17:33:12,036 [INFO] Rule:233 - rule Rename DIE462/DIE415 pin PH1/OSC_OUT -> PH1-OSC_OUT (PH1) is applicable
2026-07-10 17:33:12,036 [INFO] Rule:233 - rule Rename DIE462 pin PA13 -> PA13 (JTMS/SWDIO) is applicable
2026-07-10 17:33:12,036 [INFO] Rule:233 - rule Rename DIE415 pin PA13 -> PA13 (JTMS/SWDIO) is applicable
2026-07-10 17:33:12,036 [INFO] Rule:233 - rule Rename DIE462 pin PA14 -> PA14 (JTCK/SWCLK) is applicable
2026-07-10 17:33:12,036 [INFO] Rule:233 - rule Rename DIE415 pin PA14 -> PA14 (JTCK/SWCLK) is applicable
2026-07-10 17:33:12,036 [INFO] Rule:233 - rule Rename DIE462/DIE415 pin PA15 -> PA15 (JTDI) is applicable
2026-07-10 17:33:12,036 [INFO] Rule:233 - rule Rename DIE462 pin PB3 -> PB3 (JTD0/TRACESWO) is applicable
2026-07-10 17:33:12,036 [INFO] Rule:233 - rule Rename DIE415 pin PB3 -> PB3 (JTD0-TRACESWO) is applicable
2026-07-10 17:33:12,036 [INFO] Rule:233 - rule Rename DIE462/DIE415 pin PB4 -> PB4 (NJTRST) is applicable
2026-07-10 17:33:12,036 [INFO] Rule:233 - rule Rename DIE462 pin PH3/BOOT0 -> PH3-BOOT0 (BOOT0) is applicable
2026-07-10 17:33:12,037 [INFO] Rule:233 - rule Rename CRYP DataEncryptionTypesList to Algorithm is applicable
2026-07-10 17:33:12,037 [INFO] Rule:233 - rule Rename AES DataEncryptionTypesList to Algorithm is applicable
2026-07-10 17:33:12,037 [INFO] Rule:233 - rule Rename TDESECB to CRYP_TDES_ECB is applicable
2026-07-10 17:33:12,037 [INFO] Rule:233 - rule Rename TDESCBC to CRYP_TDES_CBC is applicable
2026-07-10 17:33:12,037 [INFO] Rule:233 - rule Rename DESECB to CRYP_DES_ECB is applicable
2026-07-10 17:33:12,037 [INFO] Rule:233 - rule Rename DESCBC to CRYP_DES_CBC is applicable
2026-07-10 17:33:12,037 [INFO] Rule:233 - rule Rename AESECB to CRYP_AES_ECB is applicable
2026-07-10 17:33:12,037 [INFO] Rule:233 - rule Rename AESCBC to CRYP_AES_CBC is applicable
2026-07-10 17:33:12,037 [INFO] Rule:233 - rule Rename AESCTR to CRYP_AES_CTR is applicable
2026-07-10 17:33:12,037 [INFO] Rule:233 - rule Rename AESGCM to CRYP_AES_GCM is applicable
2026-07-10 17:33:12,037 [INFO] Rule:233 - rule Rename AESCCM to CRYP_AES_CCM is applicable
2026-07-10 17:33:12,037 [INFO] Rule:233 - rule Rename CAN TimeSeg1 to BS1 is applicable
2026-07-10 17:33:12,037 [INFO] Rule:233 - rule Rename CAN TimeSeg2 to BS2 is applicable
2026-07-10 17:33:12,037 [INFO] Rule:233 - rule Rename CAN SyncJumpWidth to SJW is applicable
2026-07-10 17:33:12,037 [INFO] Rule:233 - rule TimeTriggeredMode to TTCM is applicable
2026-07-10 17:33:12,037 [INFO] Rule:233 - rule Rename CAN AutoBusOff to ABOM is applicable
2026-07-10 17:33:12,037 [INFO] Rule:233 - rule Rename CAN AutoWakeUp to AWUM is applicable
2026-07-10 17:33:12,037 [INFO] Rule:233 - rule Rename CAN AutoRetransmission to NART is applicable
2026-07-10 17:33:12,037 [INFO] Rule:233 - rule Rename CAN ReceiveFifoLocked to RFLM is applicable
2026-07-10 17:33:12,037 [INFO] Rule:233 - rule Rename CAN TransmitFifoPriority to TXFP is applicable
2026-07-10 17:33:12,037 [INFO] Rule:233 - rule Rename HRTIMER HRTIM_OUTPUTFAULTLEVEL_HIGH in HRTIMER HRTIM_OUTPUTFAULTLEVEL_HIGHZ is applicable
2026-07-10 17:33:12,037 [INFO] Rule:233 - rule Rename TIMER TIM_CLEARINPUTSOURCE_OCREFCLR in  TIMER TIM_CLEARINPUTSOURCE_NONE for F7 family is applicable
2026-07-10 17:33:12,037 [INFO] Rule:233 - rule FDCAN_R1 - Rename FDCAN mode Master into Classic is applicable
2026-07-10 17:33:12,037 [INFO] Rule:233 - rule FDCAN_R2 - Rename FDCAN mode Slave into Classic is applicable
2026-07-10 17:33:12,037 [INFO] Rule:233 - rule FDCAN1_R3 - if PA10.Mode=FullDuplex, add Pin PA12 is applicable
2026-07-10 17:33:12,038 [INFO] Rule:233 - rule FDCAN1_R3 - if PA9.Mode=FullDuplex, add Pin PA11 is applicable
2026-07-10 17:33:12,038 [INFO] Rule:233 - rule FDCAN1_R3 - Alternatepin_1 - if PE1.Mode=FullDuplex, add Pin PB9 is applicable
2026-07-10 17:33:12,038 [INFO] Rule:233 - rule FDCAN1_R3 - Alternatepin_1 - if PE0.Mode=FullDuplex, add Pin PB8 is applicable
2026-07-10 17:33:12,038 [INFO] Rule:233 - rule FDCAN1_R3 - Alternatepin_2 - if PD5.Mode=FullDuplex, add Pin PD1 is applicable
2026-07-10 17:33:12,038 [INFO] Rule:233 - rule FDCAN1_R3 - Alternatepin_2 - if PD4.Mode=FullDuplex, add Pin PD0 is applicable
2026-07-10 17:33:12,038 [INFO] Rule:233 - rule FDCAN1_R4 - Rename Mode FullDuplex into Enable FDCAN_TXFD for pin PA10 is applicable
2026-07-10 17:33:12,038 [INFO] Rule:233 - rule FDCAN1_R4 - Rename Mode FullDuplex into Enable FDCAN_TXFD for pin PA9 is applicable
2026-07-10 17:33:12,038 [INFO] Rule:233 - rule FDCAN1_R4 - Alternatepin_1 - Rename Mode FullDuplex into Enable FDCAN_TXFD for pin PE1 is applicable
2026-07-10 17:33:12,038 [INFO] Rule:233 - rule FDCAN1_R4 - Alternatepin_1 - Rename Mode FullDuplex into Enable FDCAN_TXFD for pin PE0 is applicable
2026-07-10 17:33:12,038 [INFO] Rule:233 - rule FDCAN1_R4 - Alternatepin_2 - Rename Mode FullDuplex into Enable FDCAN_TXFD for pin PD5 is applicable
2026-07-10 17:33:12,038 [INFO] Rule:233 - rule FDCAN1_R4 - Alternatepin_2 - Rename Mode FullDuplex into Enable FDCAN_TXFD for pin PD4 is applicable
2026-07-10 17:33:12,038 [INFO] Rule:233 - rule FDCAN2_R3 - if PD10.Mode=FullDuplex, add Pin PB13 is applicable
2026-07-10 17:33:12,038 [INFO] Rule:233 - rule FDCAN2_R3 - if PD9.Mode=FullDuplex, add Pin PB12 is applicable
2026-07-10 17:33:12,038 [INFO] Rule:233 - rule FDCAN2_R3 - Alternatepin_1 - if PB7.Mode=FullDuplex, add Pin PB6 is applicable
2026-07-10 17:33:12,038 [INFO] Rule:233 - rule FDCAN2_R3 - Alternatepin_1 - if PD9.Mode=FullDuplex, add Pin PB12 is applicable
2026-07-10 17:33:12,038 [INFO] Rule:233 - rule FDCAN2_R4 - Rename Mode FullDuplex into Enable FDCAN_TXFD for pin PD10 is applicable
2026-07-10 17:33:12,038 [INFO] Rule:233 - rule FDCAN2_R4 - Rename Mode FullDuplex into Enable FDCAN_TXFD for pin PD9 is applicable
2026-07-10 17:33:12,038 [INFO] Rule:233 - rule FDCAN2_R4 - Alternatepin_1 - Rename Mode FullDuplex into Enable FDCAN_TXFD for pin PB7 is applicable
2026-07-10 17:33:12,038 [INFO] Rule:233 - rule FDCAN2_R4 - Alternatepin_1 - Rename Mode FullDuplex into Enable FDCAN_TXFD for pin PD6 is applicable
2026-07-10 17:33:12,038 [INFO] Rule:233 - rule USART TxPinLevelInvertParam Mode is applicable
2026-07-10 17:33:12,038 [INFO] Rule:233 - rule USART RxPinLevelInvertParam Mode is applicable
2026-07-10 17:33:12,038 [INFO] Rule:233 - rule USART DataInvertParam Mode is applicable
2026-07-10 17:33:12,038 [INFO] Rule:233 - rule USART SwapParam Mode is applicable
2026-07-10 17:33:12,038 [INFO] Rule:233 - rule USART OverrunDisableParam Mode is applicable
2026-07-10 17:33:12,039 [INFO] Rule:233 - rule USART DMADisableonRxErrorParam Mode is applicable
2026-07-10 17:33:12,039 [INFO] Rule:233 - rule USART MSBFirstParam Mode is applicable
2026-07-10 17:33:12,039 [INFO] Rule:233 - rule Update MwName for USB_DEVICE is applicable
2026-07-10 17:33:12,039 [INFO] Rule:233 - rule Change PWR_Regulator_Voltage_Scale Default Value for RCC  H7 family is applicable
2026-07-10 17:33:12,039 [INFO] Rule:233 - rule UART/USART IPParameter rename Prescaler parameter to ClockPrescaler is applicable
2026-07-10 17:33:12,039 [INFO] Rule:233 - rule UART/USART Prescaler rename Prescaler parameter to ClockPrescaler is applicable
2026-07-10 17:33:12,039 [INFO] Rule:233 - rule TIM1CLockSelection is applicable
2026-07-10 17:33:12,039 [INFO] Rule:233 - rule TIM15CLockSelection is applicable
2026-07-10 17:33:12,039 [INFO] Rule:233 - rule align RCC SDMMC3CLockSelection default value on MP1 is applicable
2026-07-10 17:33:12,039 [INFO] Rule:233 - rule align RCC SDMMC12CLockSelection default value on MP1 is applicable
2026-07-10 17:33:12,039 [INFO] Rule:233 - rule align RCC QSPICLockSelection default value on MP1 is applicable
2026-07-10 17:33:12,039 [INFO] Rule:233 - rule align RCC QSPICLockSelection default value on MP1 is applicable
2026-07-10 17:33:12,039 [INFO] Rule:233 - rule align RCC SPI6CLockSelection default value on MP1 is applicable
2026-07-10 17:33:12,039 [INFO] Rule:233 - rule align RCC LPTIM23CLockSelection default value on MP1 is applicable
2026-07-10 17:33:12,039 [INFO] Rule:233 - rule align RCC LPTIM1CLockSelection default value on MP1 is applicable
2026-07-10 17:33:12,039 [INFO] Rule:233 - rule align RCC USART1CLockSelection default value on MP1 is applicable
2026-07-10 17:33:12,039 [INFO] Rule:233 - rule align RCC USART24CLockSelection default value on MP1 is applicable
2026-07-10 17:33:12,039 [INFO] Rule:233 - rule align RCC USART6CLockSelection default value on MP1 is applicable
2026-07-10 17:33:12,039 [INFO] Rule:233 - rule align RCC UART78CLockSelection default value on MP1 is applicable
2026-07-10 17:33:12,039 [INFO] Rule:233 - rule align RCC USART35CLockSelection default value on MP1 is applicable
2026-07-10 17:33:12,039 [INFO] Rule:233 - rule align RCC SPI45CLockSelection default value on MP1 is applicable
2026-07-10 17:33:12,039 [INFO] Rule:233 - rule align RCC I2C46CLockSelection BCLK value on MP1 is applicable
2026-07-10 17:33:12,039 [INFO] Rule:233 - rule align RCC SPI45CLockSelection default value on MP1 is applicable
2026-07-10 17:33:12,039 [INFO] Rule:233 - rule align RCC I2C12CLockSelection default value on MP1 is applicable
2026-07-10 17:33:12,039 [INFO] Rule:233 - rule align RCC I2C35CLockSelection default value on MP1 is applicable
2026-07-10 17:33:12,039 [INFO] Rule:233 - rule align RCC LPTIM45CLockSelection default value on MP1 is applicable
2026-07-10 17:33:12,040 [INFO] Rule:233 - rule Rename DCMI PIXCK signal is applicable
2026-07-10 17:33:12,040 [INFO] Rule:233 - rule Change Default Value for I2C46CLockSelection MP1 family is applicable
2026-07-10 17:33:12,040 [INFO] Rule:233 - rule Change Default Value for UART for G4, G0 and WB families is applicable
2026-07-10 17:33:12,040 [INFO] Rule:233 - rule Change Default Value for USART for G4, G0 and WB families is applicable
2026-07-10 17:33:12,040 [INFO] Rule:233 - rule Change Default Value for USART for G4 family is applicable
2026-07-10 17:33:12,040 [INFO] Rule:233 - rule Change USART1CLockSelection refparam name for MP1 is applicable
2026-07-10 17:33:12,040 [INFO] Rule:233 - rule Change USART2CLockSelection refparam name for MP1 is applicable
2026-07-10 17:33:12,040 [INFO] Rule:233 - rule Change USART3CLockSelection refparam name for MP1 is applicable
2026-07-10 17:33:12,040 [INFO] Rule:233 - rule Change UART4CLockSelection refparam name for MP1 is applicable
2026-07-10 17:33:12,040 [INFO] Rule:233 - rule Change UART5CLockSelection refparam name for MP1 is applicable
2026-07-10 17:33:12,040 [INFO] Rule:233 - rule Change LPUART1CLockSelection refparam name for MP1 is applicable
2026-07-10 17:33:12,040 [INFO] Rule:233 - rule Change LPTIM1CLockSelection refparam name for MP1 is applicable
2026-07-10 17:33:12,040 [INFO] Rule:233 - rule Change LPTIM2CLockSelection refparam name for MP1 is applicable
2026-07-10 17:33:12,040 [INFO] Rule:233 - rule Change RCC_MCO1Source refparam name for MP1 is applicable
2026-07-10 17:33:12,040 [INFO] Rule:233 - rule Change LSCOSource1 refparam name for MP1 is applicable
2026-07-10 17:33:12,040 [INFO] Rule:233 - rule Change SMPSCLockSelection refparam name for MP1 is applicable
2026-07-10 17:33:12,040 [INFO] Rule:233 - rule Change LPTIM3CLockSelection refparam name for MP1 is applicable
2026-07-10 17:33:12,040 [INFO] Rule:233 - rule Change MPCBB* Default Template Mode to Parameters is applicable
2026-07-10 17:33:12,040 [INFO] Rule:233 - rule Change MPCWM* or MPCBB* Secure Mode to Parameters is applicable
2026-07-10 17:33:12,040 [INFO] Rule:233 - rule Change MPCWM* or MPCBB* No Secure Mode to Parameters is applicable
2026-07-10 17:33:12,040 [INFO] Rule:233 - rule Change TZSC IP Secure Mode to Parameters is applicable
2026-07-10 17:33:12,040 [INFO] Rule:233 - rule Change TZSC IP No Secure Mode to Parameters is applicable
2026-07-10 17:33:12,040 [INFO] Rule:233 - rule Change TZSC IP Privilege Mode to Parameters is applicable
2026-07-10 17:33:12,040 [INFO] Rule:233 - rule Change TZSC IP No Privilege Mode to Parameters is applicable
2026-07-10 17:33:12,040 [INFO] Rule:233 - rule Change TZIC IT Secure Mode to Parameters is applicable
2026-07-10 17:33:12,040 [INFO] Rule:233 - rule Change TZIC IT No Secure Mode to Parameters is applicable
2026-07-10 17:33:12,040 [INFO] Rule:233 - rule Add MPCBB1_NonSecureArea_Start_Address value with referenced to MPCBB1_NonSecureArea_Start value is applicable
2026-07-10 17:33:12,040 [INFO] Rule:233 - rule Add MPCBB2_NonSecureArea_Start_Address value with referenced to MPCBB2_NonSecureArea_Start value is applicable
2026-07-10 17:33:12,040 [INFO] Rule:233 - rule Add MPCWM1_NonSecureArea*_Start_Address value with referenced to MPCWM1_NonSecureArea*_Start value is applicable
2026-07-10 17:33:12,041 [INFO] Rule:233 - rule Add MPCWM2_NonSecureArea*_Start_Address value with referenced to MPCWM2_NonSecureArea*_Start value is applicable
2026-07-10 17:33:12,041 [INFO] Rule:233 - rule Add MPCWM3_NonSecureArea_Start_Address value with referenced to MPCWM3_NonSecureArea_Start value is applicable
2026-07-10 17:33:12,041 [INFO] Rule:233 - rule Change Default Value for PLL1UserDefinedConfig is applicable
2026-07-10 17:33:12,041 [INFO] Rule:233 - rule Change GPIO_PuPd Default Value for USART in async mode is applicable
2026-07-10 17:33:12,041 [INFO] Rule:233 - rule Change SMPSDivider Default Value is applicable
2026-07-10 17:33:12,041 [INFO] Rule:233 - rule OPAMP is applicable
2026-07-10 17:33:12,041 [INFO] Rule:233 - rule LPUART IPParameter rename Prescaler parameter to ClockPrescaler for STM32H7 is applicable
2026-07-10 17:33:12,041 [INFO] Rule:233 - rule LPUART IPParameter rename Prescaler parameter to ClockPrescaler for STM32H7 is applicable
2026-07-10 17:33:12,041 [INFO] Rule:233 - rule LPUART IPParameter rename Prescaler parameter to ClockPrescaler for STM32WB is applicable
2026-07-10 17:33:12,041 [INFO] Rule:233 - rule LPUART IPParameter rename Prescaler parameter to ClockPrescaler for STM32WB is applicable
2026-07-10 17:33:12,041 [INFO] Rule:233 - rule LPUART IPParameter rename Prescaler parameter to ClockPrescaler for STM32G4 is applicable
2026-07-10 17:33:12,041 [INFO] Rule:233 - rule LPUART IPParameter rename Prescaler parameter to ClockPrescaler for STM32G4 is applicable
2026-07-10 17:33:12,041 [INFO] Rule:233 - rule LPUART IPParameter rename Prescaler parameter to ClockPrescaler for STM32L5 is applicable
2026-07-10 17:33:12,041 [INFO] Rule:233 - rule LPUART IPParameter rename Prescaler parameter to ClockPrescaler for STM32L5 is applicable
2026-07-10 17:33:12,041 [INFO] Rule:233 - rule LPUART IPParameter rename Prescaler parameter to ClockPrescaler for STM32G4 is applicable
2026-07-10 17:33:12,041 [INFO] Rule:233 - rule LPUART IPParameter rename Prescaler parameter to ClockPrescaler for STM32G4 is applicable
2026-07-10 17:33:12,041 [INFO] Rule:233 - rule USB device lib V2.5.3 for L0 rename USBD_SUPPORT_USER_STRING parameter to USBD_SUPPORT_USER_STRING_DESC4 is applicable
2026-07-10 17:33:12,041 [INFO] Rule:233 - rule I2SCLockSelection clock entry align is applicable
2026-07-10 17:33:12,041 [INFO] Rule:233 - rule Assign TIMx context if used as SYS timebase is applicable
2026-07-10 17:33:12,041 [INFO] Rule:233 - rule Change GPIO_Pu Default Value for I2C is applicable
2026-07-10 17:33:12,041 [INFO] Rule:233 - rule Change GPIO_Pu Default Value for SMBus is applicable
2026-07-10 17:33:12,041 [INFO] Rule:233 - rule change FDCAN default value is applicable
2026-07-10 17:33:12,041 [INFO] Rule:233 - rule Change mode sai is applicable
2026-07-10 17:33:12,041 [INFO] Rule:233 - rule **Change sai mode is applicable
2026-07-10 17:33:12,041 [INFO] Rule:233 - rule Rename STM32WPAN CFG_BLE_IRK to CFG_BLE_IR is applicable
2026-07-10 17:33:12,041 [INFO] Rule:233 - rule Rename STM32WPAN CFG_BLE_ERK to CFG_BLE_ER is applicable
2026-07-10 17:33:12,041 [INFO] Rule:233 - rule Rename STM32WPAN CFG_BLE_IRK_HEX to CFG_BLE_IR_HEX is applicable
2026-07-10 17:33:12,041 [INFO] Rule:233 - rule Rename STM32WPAN CFG_BLE_ERK_HEX to CFG_BLE_ER_HEX is applicable
2026-07-10 17:33:12,041 [INFO] Rule:233 - rule Adapt Old IOC before rework replace old CORTEX_M33/CORTEX_M55 attributes by the new one. is applicable
2026-07-10 17:33:12,041 [INFO] Rule:233 - rule Rename parametre of RCC RCC_APBDBG_DIV2 to RCC_TIMPRES_DIV2 is applicable
2026-07-10 17:33:12,042 [INFO] Rule:233 - rule Rename DIE493 pin PA10 [PA12] -> PA10 is applicable
2026-07-10 17:33:12,042 [INFO] Rule:233 - rule Rename DIE493 pin PA9 [PA11] -> PA9 is applicable
2026-07-10 17:33:12,042 [INFO] Rule:233 - rule Rename DIE492 PartNumber CPN STM32WBA5MJGHx -> STM32WBA5MMGHx is applicable
2026-07-10 17:33:12,042 [INFO] Rule:233 - rule Rename DIE492 PartNumber  Name STM32WBA5MJGHx -> STM32WBA5MMGHx is applicable
2026-07-10 17:33:12,042 [INFO] Rule:233 - rule Rename DIE492 PartNumber UserName STM32WBA5MJGHx -> STM32WBA5MMGHx is applicable
2026-07-10 17:33:12,042 [INFO] Rule:233 - rule Rename DIE492 PartNumber DeviceId STM32WBA5MJGHx -> STM32WBA5MMGHx is applicable
2026-07-10 17:33:12,042 [INFO] Rule:233 - rule Adapt Old IOC CSI. is applicable
2026-07-10 17:33:12,042 [INFO] Rule:233 - rule Adapt Old IOC DCMIPP. is applicable
2026-07-10 17:33:12,042 [INFO] Rule:233 - rule Adapt Old IOC DCMIPP Mode Parallel. is applicable
2026-07-10 17:33:12,042 [INFO] Rule:233 - rule Adapt Old IOC LTDC. is applicable
2026-07-10 17:33:12,042 [INFO] Rule:233 - rule Rename STM32MP2 RIF Peripheral LTDC RIF.RISUP.LTDC_L0L1.Privilege -> RIF.RISUP.LTDC_L1L2.Privilege is applicable
2026-07-10 17:33:12,042 [INFO] Rule:233 - rule Rename STM32MP2 RIF Peripheral LTDC RIF.RISUP.LTDC_L0L1.Privilege -> RIF.RISUP.LTDC_L1L2.Privilege is applicable
2026-07-10 17:33:12,042 [INFO] Rule:233 - rule Rename STM32MP2 RIF Peripheral LTDC RIF.RISUP.LTDC_L0L1.Lock -> RIF.RISUP.LTDC_L1L2.Lock is applicable
2026-07-10 17:33:12,042 [INFO] Rule:233 - rule Rename STM32MP2 RIF Peripheral LTDC RIF.RISUP.LTDC_L2.Lock -> RIF.RISUP.LTDC_L3.Lock is applicable
2026-07-10 17:33:12,042 [INFO] Rule:233 - rule Adapt the old IOC example for updating the SYS when it is misconfigured. is applicable
2026-07-10 17:33:12,042 [INFO] Rule:233 - rule Rename STM32C09 Mcu.Package LQFP64 -> LQFP48 is applicable
2026-07-10 17:33:12,042 [INFO] Rule:233 - rule Adapt the old IOC example for updating the SYS when it is misconfigured. is applicable
2026-07-10 17:33:12,042 [INFO] Rule:233 - rule Adapt the old IOC example for updating the SYS when it is misconfigured. is applicable
2026-07-10 17:33:12,068 [INFO] DbConfProperties:307 - Apply Compatibility (82/313 Rules)
2026-07-10 17:33:12,090 [INFO] ImportTextPane:234 - (OptionalMessage_ERROR) Unable to find key (Mcu.ThirdPartyNb) in loaded IOC file
2026-07-10 17:33:12,092 [INFO] ImportTextPane:234 - (OptionalMessage_ERROR) Pin11 (VP_RIF_VS_RIF1) cannot be retrieved for this MCU
2026-07-10 17:33:12,181 [INFO] RtosManager:558 - Registered RTOS mode: class=CMSIS, group=RTOS, mode=CMSIS_V1, owner=FREERTOS
2026-07-10 17:33:12,181 [INFO] RtosManager:558 - Registered RTOS mode: class=CMSIS, group=RTOS2, mode=CMSIS_V2, owner=FREERTOS
2026-07-10 17:33:12,181 [INFO] RtosManager:558 - Registered RTOS mode: class=RTOS, group=Core, mode=CMSIS_V1, owner=FREERTOS
2026-07-10 17:33:12,181 [INFO] RtosManager:558 - Registered RTOS mode: class=RTOS, group=Core, mode=CMSIS_V2, owner=FREERTOS
2026-07-10 17:33:12,181 [WARN] ModelIntegratedComponent:184 - Missing modes for component STMicroelectronics:FreeRTOS:0.0.1:STMicroelectronics:RTOS:FreeRTOS:Core:::10.2.0:
2026-07-10 17:33:12,196 [WARN] ModelIntegratedComponent:63 - No mode defined for component null
2026-07-10 17:33:12,196 [WARN] ModelIntegratedComponent:63 - No mode defined for component null
2026-07-10 17:33:12,196 [WARN] ModelIntegratedComponent:63 - No mode defined for component null
2026-07-10 17:33:12,196 [WARN] ModelIntegratedComponent:63 - No mode defined for component null
2026-07-10 17:33:12,196 [WARN] ModelIntegratedComponent:63 - No mode defined for component null
2026-07-10 17:33:12,196 [WARN] ModelIntegratedComponent:63 - No mode defined for component null
2026-07-10 17:33:12,196 [WARN] ModelIntegratedComponent:63 - No mode defined for component null
2026-07-10 17:33:12,196 [WARN] ModelIntegratedComponent:63 - No mode defined for component null
2026-07-10 17:33:12,196 [WARN] ModelIntegratedComponent:63 - No mode defined for component null
2026-07-10 17:33:12,196 [WARN] ModelIntegratedComponent:63 - No mode defined for component null
2026-07-10 17:33:12,196 [WARN] ModelIntegratedComponent:63 - No mode defined for component null
2026-07-10 17:33:12,197 [WARN] ModelIntegratedComponent:63 - No mode defined for component null
2026-07-10 17:33:12,197 [WARN] ModelIntegratedComponent:63 - No mode defined for component null
2026-07-10 17:33:12,197 [WARN] ModelIntegratedComponent:63 - No mode defined for component null
2026-07-10 17:33:12,197 [WARN] ModelIntegratedComponent:63 - No mode defined for component null
2026-07-10 17:33:12,197 [WARN] ModelIntegratedComponent:63 - No mode defined for component null
2026-07-10 17:33:12,197 [WARN] ModelIntegratedComponent:63 - No mode defined for component null
2026-07-10 17:33:12,197 [WARN] ModelIntegratedComponent:63 - No mode defined for component null
2026-07-10 17:33:12,197 [WARN] ModelIntegratedComponent:63 - No mode defined for component null
2026-07-10 17:33:12,197 [WARN] ModelIntegratedComponent:63 - No mode defined for component null
2026-07-10 17:33:12,197 [WARN] ModelIntegratedComponent:63 - No mode defined for component null
2026-07-10 17:33:12,197 [WARN] ModelIntegratedComponent:63 - No mode defined for component null
2026-07-10 17:33:12,197 [WARN] ModelIntegratedComponent:63 - No mode defined for component null
2026-07-10 17:33:12,197 [WARN] ModelIntegratedComponent:63 - No mode defined for component null
2026-07-10 17:33:12,197 [WARN] ModelIntegratedComponent:63 - No mode defined for component null
2026-07-10 17:33:12,197 [WARN] ModelIntegratedComponent:63 - No mode defined for component null
2026-07-10 17:33:12,197 [WARN] ModelIntegratedComponent:63 - No mode defined for component null
2026-07-10 17:33:12,197 [WARN] ModelIntegratedComponent:63 - No mode defined for component null
2026-07-10 17:33:12,197 [WARN] ModelIntegratedComponent:63 - No mode defined for component null
2026-07-10 17:33:12,197 [WARN] ModelIntegratedComponent:63 - No mode defined for component null
2026-07-10 17:33:12,197 [WARN] ModelIntegratedComponent:63 - No mode defined for component null
2026-07-10 17:33:12,197 [WARN] ModelIntegratedComponent:63 - No mode defined for component null
2026-07-10 17:33:12,197 [WARN] ModelIntegratedComponent:63 - No mode defined for component null
2026-07-10 17:33:12,197 [WARN] ModelIntegratedComponent:63 - No mode defined for component null
2026-07-10 17:33:12,197 [WARN] ModelIntegratedComponent:63 - No mode defined for component null
2026-07-10 17:33:12,197 [WARN] ModelPack:524 - Component already loaded: STMicroelectronics:HAL Drivers:0.0.0:STMicroelectronics:Device:STMicro_Driver:XSPI:HAL::0.0.1:HAL_XSPI
2026-07-10 17:33:12,273 [INFO] ThirdPartyModel:298 - Start build external matchings
2026-07-10 17:33:12,586 [INFO] ThirdPartyModel:316 - End build external matchings
2026-07-10 17:33:12,768 [INFO] UtilMem:75 - End LoadConfig() Used Memory: 948854168 Bytes (1073741824)
2026-07-10 17:33:12,873 [WARN] ThirdParty:833 - waiting for thirdparty lock release [change project]
2026-07-10 17:33:12,873 [INFO] ThirdParty:835 - entering critical section [change project]
2026-07-10 17:33:12,873 [INFO] ThirdParty:1030 - CMSIS Pack Vendor :STMicroelectronics X-CUBE-AZRTOS-H7 3.5.0
2026-07-10 17:33:12,873 [INFO] ThirdParty:1030 - CMSIS Pack Vendor :STMicroelectronics X-CUBE-PM33A1 1.0.0
2026-07-10 17:33:12,873 [INFO] ThirdParty:1030 - CMSIS Pack Vendor :STMicroelectronics USBPD 4.1
2026-07-10 17:33:12,873 [INFO] ThirdParty:1030 - CMSIS Pack Vendor :STMicroelectronics X-CUBE-NFC9 1.0.0
2026-07-10 17:33:12,873 [INFO] ThirdParty:1030 - CMSIS Pack Vendor :STMicroelectronics USB_HOST 2.0.0
2026-07-10 17:33:12,873 [INFO] ThirdParty:1030 - CMSIS Pack Vendor :STMicroelectronics X-CUBE-AZRTOS-F4 1.1.0
2026-07-10 17:33:12,873 [INFO] ThirdParty:1030 - CMSIS Pack Vendor :STMicroelectronics LIBJPEG 8.0.0
2026-07-10 17:33:12,873 [INFO] ThirdParty:1030 - CMSIS Pack Vendor :STMicroelectronics FP-ATR-ASTRA1 2.0.2
2026-07-10 17:33:12,873 [INFO] ThirdParty:1030 - CMSIS Pack Vendor :STMicroelectronics X-CUBE-BLE1 7.1.0
2026-07-10 17:33:12,874 [INFO] ThirdParty:1030 - CMSIS Pack Vendor :wolfSSL I-CUBE-wolfMQTT 1.19.2
2026-07-10 17:33:12,874 [INFO] ThirdParty:1030 - CMSIS Pack Vendor :STMicroelectronics USB_DEVICE 3.0.0
2026-07-10 17:33:12,874 [INFO] ThirdParty:1030 - CMSIS Pack Vendor :STMicroelectronics X-CUBE-ISPU 2.1.0
2026-07-10 17:33:12,874 [INFO] ThirdParty:1030 - CMSIS Pack Vendor :STMicroelectronics X-CUBE-EEPRMA1 5.2.0
2026-07-10 17:33:12,874 [INFO] ThirdParty:1030 - CMSIS Pack Vendor :STMicroelectronics X-CUBE-IPS 3.2.0
2026-07-10 17:33:12,874 [INFO] ThirdParty:1030 - CMSIS Pack Vendor :STMicroelectronics eDS-WB_DPC_TT-BIDIR 2.1.1
2026-07-10 17:33:12,874 [INFO] ThirdParty:1030 - CMSIS Pack Vendor :STMicroelectronics X-CUBE-AZRTOS-WB 2.0.0
2026-07-10 17:33:12,874 [INFO] ThirdParty:1030 - CMSIS Pack Vendor :STMicroelectronics X-CUBE-NFC12 1.0.0
2026-07-10 17:33:12,874 [INFO] ThirdParty:1030 - CMSIS Pack Vendor :STMicroelectronics X-CUBE-AZRTOS-F7 1.1.0
2026-07-10 17:33:12,874 [INFO] ThirdParty:1030 - CMSIS Pack Vendor :STMicroelectronics X-CUBE-AZRTOS-L5 2.0.0
2026-07-10 17:33:12,874 [INFO] ThirdParty:1030 - CMSIS Pack Vendor :STMicroelectronics USB_DEVICE 2.0.0
2026-07-10 17:33:12,874 [INFO] ThirdParty:1030 - CMSIS Pack Vendor :STMicroelectronics X-CUBE-FREERTOS 1.6.0
2026-07-10 17:33:12,874 [INFO] ThirdParty:1030 - CMSIS Pack Vendor :STMicroelectronics FP-SNS-STAIOTCFT 1.1.0
2026-07-10 17:33:12,874 [INFO] ThirdParty:1030 - CMSIS Pack Vendor :quantropi X-CUBE-qispace-sdk-base 2.1.0
2026-07-10 17:33:12,874 [INFO] ThirdParty:1030 - CMSIS Pack Vendor :STMicroelectronics X-CUBE-STSE01 2.0.0
2026-07-10 17:33:12,874 [INFO] ThirdParty:1030 - CMSIS Pack Vendor :STMicroelectronics X-CUBE-ALGOBUILD 1.5.0
2026-07-10 17:33:12,874 [INFO] ThirdParty:1030 - CMSIS Pack Vendor :STMicroelectronics FP-SNS-MOTENV1 5.1.0
2026-07-10 17:33:12,874 [INFO] ThirdParty:1030 - CMSIS Pack Vendor :STMicroelectronics FreeRTOS 0.0.1
2026-07-10 17:33:12,874 [INFO] ThirdParty:1030 - CMSIS Pack Vendor :STMicroelectronics X-CUBE-AZRTOS-H7RS 1.3.0
2026-07-10 17:33:12,874 [INFO] ThirdParty:1030 - CMSIS Pack Vendor :STMicroelectronics X-CUBE-AZRTOS-G0 1.1.0
2026-07-10 17:33:12,874 [INFO] ThirdParty:1030 - CMSIS Pack Vendor :STMicroelectronics X-CUBE-NFC4 3.0.0
2026-07-10 17:33:12,874 [INFO] ThirdParty:1030 - CMSIS Pack Vendor :STMicroelectronics X-CUBE-SUBG2 5.0.0
2026-07-10 17:33:12,874 [INFO] ThirdParty:1030 - CMSIS Pack Vendor :STMicroelectronics STM32_WPAN 1.0.0
2026-07-10 17:33:12,874 [INFO] ThirdParty:1030 - CMSIS Pack Vendor :STMicroelectronics eDS-WB_DPC_VIENNA 1.2.0
2026-07-10 17:33:12,874 [INFO] ThirdParty:1030 - CMSIS Pack Vendor :EmbeddedOffice I-CUBE-FS-RTOS 1.0.1
2026-07-10 17:33:12,874 [INFO] ThirdParty:1030 - CMSIS Pack Vendor :STMicroelectronics lwIP 2.0.3
2026-07-10 17:33:12,874 [INFO] ThirdParty:1030 - CMSIS Pack Vendor :WES I-CUBE-Cesium 1.4.0
2026-07-10 17:33:12,874 [INFO] ThirdParty:1030 - CMSIS Pack Vendor :STMicroelectronics eDS-WB_DPC_3PH2L-BIDIR 1.1.1
2026-07-10 17:33:12,874 [INFO] ThirdParty:1030 - CMSIS Pack Vendor :STMicroelectronics USB_HOST 1.0.0
2026-07-10 17:33:12,874 [INFO] ThirdParty:1030 - CMSIS Pack Vendor :STMicroelectronics X-CUBE-AZRTOS-G4 2.0.0
2026-07-10 17:33:12,874 [INFO] ThirdParty:1030 - CMSIS Pack Vendor :STMicroelectronics PDM2PCM 3.1.0
2026-07-10 17:33:12,874 [INFO] ThirdParty:1030 - CMSIS Pack Vendor :STMicroelectronics PDM2PCM 3.3.0
2026-07-10 17:33:12,874 [INFO] ThirdParty:1030 - CMSIS Pack Vendor :wolfSSL I-CUBE-wolfTPM 3.8.0
2026-07-10 17:33:12,874 [INFO] ThirdParty:1030 - CMSIS Pack Vendor :STMicroelectronics X-CUBE-DISPLAY 3.0.0
2026-07-10 17:33:12,874 [INFO] ThirdParty:1030 - CMSIS Pack Vendor :wolfSSL I-CUBE-wolfSSH 1.4.20
2026-07-10 17:33:12,874 [INFO] ThirdParty:1030 - CMSIS Pack Vendor :STMicroelectronics X-CUBE-NFC7 2.0.0
2026-07-10 17:33:12,874 [INFO] ThirdParty:1030 - CMSIS Pack Vendor :STMicroelectronics X-CUBE-GNSS1 7.1.1
2026-07-10 17:33:12,874 [INFO] ThirdParty:1030 - CMSIS Pack Vendor :STMicroelectronics FP-SNS-MOTENVWB1 1.5.0
2026-07-10 17:33:12,874 [INFO] ThirdParty:1030 - CMSIS Pack Vendor :STMicroelectronics X-CUBE-TCPP 4.2.0
2026-07-10 17:33:12,874 [INFO] ThirdParty:1030 - CMSIS Pack Vendor :RealThread X-CUBE-RT-Thread_Nano 4.1.1
2026-07-10 17:33:12,874 [INFO] ThirdParty:1030 - CMSIS Pack Vendor :wolfSSL I-CUBE-wolfSSL 5.9.1
2026-07-10 17:33:12,874 [INFO] ThirdParty:1030 - CMSIS Pack Vendor :STMicroelectronics FP-ATR-SIGFOX1 3.2.0
2026-07-10 17:33:12,874 [INFO] ThirdParty:1030 - CMSIS Pack Vendor :STMicroelectronics X-CUBE-NFC10 1.0.0
2026-07-10 17:33:12,874 [INFO] ThirdParty:1030 - CMSIS Pack Vendor :STMicroelectronics HAL Drivers 0.0.0
2026-07-10 17:33:12,874 [INFO] ThirdParty:1030 - CMSIS Pack Vendor :STMicroelectronics MBEDTLS 2.16.2
2026-07-10 17:33:12,874 [INFO] ThirdParty:1030 - CMSIS Pack Vendor :STMicroelectronics X-CUBE-ST60 1.1.0
2026-07-10 17:33:12,874 [INFO] ThirdParty:1030 - CMSIS Pack Vendor :STMicroelectronics X-CUBE-ALS 1.0.2
2026-07-10 17:33:12,874 [INFO] ThirdParty:1030 - CMSIS Pack Vendor :emotas I-CUBE-CANOPEN 1.3.0
2026-07-10 17:33:12,874 [INFO] ThirdParty:1030 - CMSIS Pack Vendor :STMicroelectronics MBEDTLS 2.14.1
2026-07-10 17:33:12,874 [INFO] ThirdParty:1030 - CMSIS Pack Vendor :ITTIA_DB I-CUBE-ITTIADB 8.9.0
2026-07-10 17:33:12,874 [INFO] ThirdParty:1030 - CMSIS Pack Vendor :Cesanta I-CUBE-Mongoose 7.21.7
2026-07-10 17:33:12,874 [INFO] ThirdParty:1030 - CMSIS Pack Vendor :STMicroelectronics X-CUBE-TOUCHGFX 4.26.1
2026-07-10 17:33:12,874 [INFO] ThirdParty:1030 - CMSIS Pack Vendor :STMicroelectronics X-CUBE-NFC6 3.2.0
2026-07-10 17:33:12,874 [INFO] ThirdParty:1030 - CMSIS Pack Vendor :STMicroelectronics FP-SNS-STBOX1 2.1.0
2026-07-10 17:33:12,874 [INFO] ThirdParty:1030 - CMSIS Pack Vendor :STMicroelectronics X-CUBE-AI 10.2.1
2026-07-10 17:33:12,874 [INFO] ThirdParty:1030 - CMSIS Pack Vendor :STMicroelectronics ThreadX 1.0.0
2026-07-10 17:33:12,875 [INFO] ThirdParty:1030 - CMSIS Pack Vendor :STMicroelectronics FP-SNS-SMARTAG2 1.2.0
2026-07-10 17:33:12,875 [INFO] ThirdParty:1030 - CMSIS Pack Vendor :STMicroelectronics X-CUBE-MEMS1 12.1.0
2026-07-10 17:33:12,875 [INFO] ThirdParty:1030 - CMSIS Pack Vendor :STMicroelectronics FP-SNS-FLIGHT1 5.1.0
2026-07-10 17:33:12,875 [INFO] ThirdParty:1030 - CMSIS Pack Vendor :STMicroelectronics X-CUBE-AZRTOS-WL 2.0.0
2026-07-10 17:33:12,875 [INFO] ThirdParty:1030 - CMSIS Pack Vendor :SEGGER I-CUBE-embOS 1.3.1
2026-07-10 17:33:12,875 [INFO] ThirdParty:1030 - CMSIS Pack Vendor :STMicroelectronics X-CUBE-DPower 1.3.0
2026-07-10 17:33:12,875 [INFO] ThirdParty:1030 - CMSIS Pack Vendor :STMicroelectronics USB_DEVICE 1.0.0
2026-07-10 17:33:12,875 [INFO] ThirdParty:1030 - CMSIS Pack Vendor :STMicroelectronics X-CUBE-AZRTOS-L4 2.0.0
2026-07-10 17:33:12,875 [INFO] ThirdParty:1030 - CMSIS Pack Vendor :STMicroelectronics ThreadX 0.0.2
2026-07-10 17:33:12,875 [INFO] ThirdParty:1030 - CMSIS Pack Vendor :STMicroelectronics lwIP 2.1.2
2026-07-10 17:33:12,875 [INFO] ThirdParty:1030 - CMSIS Pack Vendor :STMicroelectronics X-CUBE-SFXS2LP1 4.0.0
2026-07-10 17:33:12,875 [INFO] ThirdParty:1030 - CMSIS Pack Vendor :STMicroelectronics X-CUBE-BLE2 3.3.0
2026-07-10 17:33:12,875 [INFO] ThirdParty:1030 - CMSIS Pack Vendor :Avnet-IOTCONNECT X-CUBE-iotc-st67-sdk 1.0.0
2026-07-10 17:33:12,875 [INFO] ThirdParty:1030 - CMSIS Pack Vendor :STMicroelectronics X-CUBE-TOF1 3.4.3
2026-07-10 17:33:12,875 [INFO] ThirdParty:1030 - CMSIS Pack Vendor :Infineon AIROC-Wi-Fi-Bluetooth-STM32 1.8.0
2026-07-10 17:33:12,875 [INFO] ThirdParty:1030 - CMSIS Pack Vendor :STMicroelectronics X-CUBE-NFC13 1.0.0
2026-07-10 17:33:12,875 [INFO] ThirdParty:1030 - CMSIS Pack Vendor :STMicroelectronics PDM2PCM 3.2.0
2026-07-10 17:33:12,875 [INFO] ThirdParty:1030 - CMSIS Pack Vendor :STMicroelectronics X-CUBE-WB05N 2.1.0
2026-07-10 17:33:12,876 [INFO] ThirdParty:841 - exiting critical section [change project]
2026-07-10 17:33:13,192 [INFO] PinOutPanel:1589 - setPackage(No Configuration,No Configuration)
2026-07-10 17:33:13,193 [INFO] PinOutPanel:1589 - setPackage(STM32F446RETx,LQFP64)
2026-07-10 17:33:13,582 [INFO] UtilMem:75 - Before build in PCC Used Memory: 1003420576 Bytes (1073741824)
2026-07-10 17:33:13,998 [INFO] UtilMem:75 - After build in PCC Used Memory: 898534600 Bytes (1073741824)
2026-07-10 17:33:14,022 [INFO] IPUIPlugin:80 - create IPUIPlugin
2026-07-10 17:33:14,023 [INFO] IPUIPlugin:80 - create IPUIPlugin
2026-07-10 17:33:14,023 [INFO] IPUIPlugin:80 - create IPUIPlugin
2026-07-10 17:33:14,023 [INFO] IPUIPlugin:80 - create IPUIPlugin
2026-07-10 17:33:14,023 [INFO] IPUIPlugin:80 - create IPUIPlugin
2026-07-10 17:33:14,023 [INFO] IPUIPlugin:80 - create IPUIPlugin
2026-07-10 17:33:14,023 [INFO] IPUIPlugin:80 - create IPUIPlugin
2026-07-10 17:33:14,024 [INFO] IPUIPlugin:80 - create IPUIPlugin
2026-07-10 17:33:14,024 [INFO] IPUIPlugin:80 - create IPUIPlugin
2026-07-10 17:33:14,024 [INFO] IPUIPlugin:80 - create IPUIPlugin
2026-07-10 17:33:14,024 [INFO] IPUIPlugin:80 - create IPUIPlugin
2026-07-10 17:33:14,024 [INFO] IPUIPlugin:80 - create IPUIPlugin
2026-07-10 17:33:14,024 [INFO] IPUIPlugin:80 - create IPUIPlugin
2026-07-10 17:33:14,024 [INFO] IPUIPlugin:80 - create IPUIPlugin
2026-07-10 17:33:14,024 [INFO] IPUIPlugin:80 - create IPUIPlugin
2026-07-10 17:33:14,024 [INFO] IPUIPlugin:80 - create IPUIPlugin
2026-07-10 17:33:14,025 [INFO] IPUIPlugin:80 - create IPUIPlugin
2026-07-10 17:33:14,025 [INFO] IPUIPlugin:80 - create IPUIPlugin
2026-07-10 17:33:14,025 [INFO] IPUIPlugin:80 - create IPUIPlugin
2026-07-10 17:33:14,025 [INFO] IPUIPlugin:80 - create IPUIPlugin
2026-07-10 17:33:14,025 [INFO] IPUIPlugin:80 - create IPUIPlugin
2026-07-10 17:33:14,025 [INFO] IPUIPlugin:80 - create IPUIPlugin
2026-07-10 17:33:14,025 [INFO] IPUIPlugin:80 - create IPUIPlugin
2026-07-10 17:33:14,025 [INFO] IPUIPlugin:80 - create IPUIPlugin
2026-07-10 17:33:14,026 [INFO] IPUIPlugin:80 - create IPUIPlugin
2026-07-10 17:33:14,026 [INFO] IPUIPlugin:80 - create IPUIPlugin
2026-07-10 17:33:14,026 [INFO] IPUIPlugin:80 - create IPUIPlugin
2026-07-10 17:33:14,026 [INFO] IPUIPlugin:80 - create IPUIPlugin
2026-07-10 17:33:14,026 [INFO] IPUIPlugin:80 - create IPUIPlugin
2026-07-10 17:33:14,026 [INFO] IPUIPlugin:80 - create IPUIPlugin
2026-07-10 17:33:14,027 [INFO] IPUIPlugin:80 - create IPUIPlugin
2026-07-10 17:33:14,027 [INFO] IPUIPlugin:80 - create IPUIPlugin
2026-07-10 17:33:14,027 [INFO] IPUIPlugin:80 - create IPUIPlugin
2026-07-10 17:33:14,027 [INFO] IPUIPlugin:80 - create IPUIPlugin
2026-07-10 17:33:14,027 [INFO] IPUIPlugin:80 - create IPUIPlugin
2026-07-10 17:33:14,027 [INFO] IPUIPlugin:80 - create IPUIPlugin
2026-07-10 17:33:14,027 [INFO] IPUIPlugin:80 - create IPUIPlugin
2026-07-10 17:33:14,027 [INFO] IPUIPlugin:80 - create IPUIPlugin
2026-07-10 17:33:14,027 [INFO] IPUIPlugin:80 - create IPUIPlugin
2026-07-10 17:33:14,027 [INFO] IPUIPlugin:80 - create IPUIPlugin
2026-07-10 17:33:14,027 [INFO] IPUIPlugin:80 - create IPUIPlugin
2026-07-10 17:33:14,027 [INFO] IPUIPlugin:80 - create IPUIPlugin
2026-07-10 17:33:14,027 [INFO] IPUIPlugin:80 - create IPUIPlugin
2026-07-10 17:33:14,027 [INFO] IPUIPlugin:80 - create IPUIPlugin
2026-07-10 17:33:14,027 [INFO] IPUIPlugin:80 - create IPUIPlugin
2026-07-10 17:33:14,027 [INFO] IPUIPlugin:80 - create IPUIPlugin
2026-07-10 17:33:14,027 [INFO] IPUIPlugin:80 - create IPUIPlugin
2026-07-10 17:33:14,027 [INFO] IPUIPlugin:80 - create IPUIPlugin
2026-07-10 17:33:14,027 [INFO] IPUIPlugin:80 - create IPUIPlugin
2026-07-10 17:33:14,027 [INFO] IPUIPlugin:80 - create IPUIPlugin
2026-07-10 17:33:14,028 [INFO] IPUIPlugin:80 - create IPUIPlugin
2026-07-10 17:33:14,028 [INFO] IPUIPlugin:80 - create IPUIPlugin
2026-07-10 17:33:14,028 [INFO] IPUIPlugin:80 - create IPUIPlugin
2026-07-10 17:33:14,028 [INFO] IPUIPlugin:80 - create IPUIPlugin
2026-07-10 17:33:14,028 [INFO] IPUIPlugin:80 - create IPUIPlugin
2026-07-10 17:33:14,029 [INFO] IPUIPlugin:80 - create IPUIPlugin
2026-07-10 17:33:14,029 [INFO] IPUIPlugin:80 - create IPUIPlugin
2026-07-10 17:33:14,029 [INFO] IPUIPlugin:80 - create IPUIPlugin
2026-07-10 17:33:14,029 [INFO] IPUIPlugin:80 - create IPUIPlugin
2026-07-10 17:33:14,029 [INFO] IPUIPlugin:80 - create IPUIPlugin
2026-07-10 17:33:14,051 [INFO] ApiDbMcu:532 - Load IP Config File for PDM2PCM
2026-07-10 17:33:14,137 [INFO] CADModel:165 - CPN selected for project levelSTM32F446RET6
2026-07-10 17:33:14,137 [INFO] CADModel:114 - Register for checkConnection events
2026-07-10 17:33:14,174 [INFO] OpenFileManager:386 - Restore cursor
2026-07-10 17:33:14,499 [INFO] UtilMem:75 - End SaveConfig() Used Memory: 836305800 Bytes (1073741824)
2026-07-10 17:34:23,093 [INFO] McuFinderGlobals:76 - Set McuFinderConnectedMode to true
2026-07-10 17:34:23,095 [INFO] ApiDb:448 - Save user favorites file /home/anton/.stm32cubeide/favorites.mcus.txt: 0 item(s)
2026-07-10 17:34:23,095 [INFO] ApiDb:452 - User favorites MCUs=[]
2026-07-10 17:34:23,096 [INFO] ApiDb:448 - Save user favorites file /home/anton/.stm32cubeide/favorites.boards.txt: 0 item(s)
2026-07-10 17:34:23,096 [INFO] ApiDb:452 - User favorites Boards=[]
2026-07-10 17:48:44,202 [ERROR] LogOutputStream:75 - [STDERR_REDIRECT] 
2026-07-10 17:50:30,504 [INFO] Activator:176 - 


2026-07-10 17:50:30,505 [INFO] Activator:177 - !SESSION log4j initialized
2026-07-10 17:50:31,673 [INFO] ApplicationProperties:184 - Using Application install path: /opt/st/stm32cubeide_1.19.0/plugins/com.st.stm32cube.common.mx_6.15.0.202507011659
2026-07-10 17:50:31,682 [INFO] DbMcusXml:78 - Set database path to: /opt/st/stm32cubeide_1.19.0/plugins/com.st.stm32cube.common.mx_6.15.0.202507011659//db//mcu/
2026-07-10 17:50:31,682 [INFO] ApiDb:274 - Set plugin database path to: /opt/st/stm32cubeide_1.19.0/plugins/com.st.stm32cube.common.mx_6.15.0.202507011659//db//plugins/boardmanager/
2026-07-10 17:50:31,682 [WARN] ApiDb:259 - Overriding images path with different value:  => /opt/st/stm32cubeide_1.19.0/plugins/com.st.stm32cube.common.mx_6.15.0.202507011659//db//plugins/mcufinder/images/
2026-07-10 17:50:31,684 [INFO] ApiDb:250 - Set database path to: /home/anton/.stmcufinder/plugins/mcufinder//mcu/
2026-07-10 17:50:31,684 [INFO] DbMcusAds:125 - Set database path to: /home/anton/.stmcufinder/plugins/mcufinder//mcu/
2026-07-10 17:50:31,853 [INFO] CrossReferenceDbSqlite:203 - Set database path to: /home/anton/.stmcufinder/plugins/mcufinder//mcu/cs/
2026-07-10 17:50:31,928 [INFO] RulesReader:64 - Compatibility file has been processed (317 Rules)
2026-07-10 17:50:31,957 [INFO] DbMcusXml:78 - Set database path to: /opt/st/stm32cubeide_1.19.0/plugins/com.st.stm32cube.common.mx_6.15.0.202507011659//db//mcu/
2026-07-10 17:50:31,957 [INFO] ApiDb:274 - Set plugin database path to: /opt/st/stm32cubeide_1.19.0/plugins/com.st.stm32cube.common.mx_6.15.0.202507011659//db//plugins/boardmanager/
2026-07-10 17:50:31,957 [INFO] ApiDb:261 - Set plugin images path to: /opt/st/stm32cubeide_1.19.0/plugins/com.st.stm32cube.common.mx_6.15.0.202507011659//db//plugins/mcufinder/images/
2026-07-10 17:50:31,957 [WARN] DbFile:41 - Overriding database path with different value: /home/anton/.stmcufinder/plugins/mcufinder/ => /home/anton/.stmcufinder/plugins/mcufinder
2026-07-10 17:50:31,957 [INFO] ApiDb:250 - Set database path to: /home/anton/.stmcufinder/plugins/mcufinder//mcu/
2026-07-10 17:50:31,957 [WARN] DbFile:41 - Overriding database path with different value: /home/anton/.stmcufinder/plugins/mcufinder/ => /home/anton/.stmcufinder/plugins/mcufinder
2026-07-10 17:50:31,957 [INFO] DbMcusAds:125 - Set database path to: /home/anton/.stmcufinder/plugins/mcufinder//mcu/
2026-07-10 17:50:31,957 [WARN] DbFile:41 - Overriding database path with different value: /home/anton/.stmcufinder/plugins/mcufinder/ => /home/anton/.stmcufinder/plugins/mcufinder
2026-07-10 17:50:31,957 [WARN] DbFile:41 - Overriding database path with different value: /home/anton/.stmcufinder/plugins/mcufinder/ => /home/anton/.stmcufinder/plugins/mcufinder
2026-07-10 17:50:31,957 [INFO] CrossReferenceDbSqlite:203 - Set database path to: /home/anton/.stmcufinder/plugins/mcufinder//mcu/cs/
2026-07-10 17:50:31,986 [INFO] MainPanel:274 - HeapMemory: 268435456
2026-07-10 17:50:32,038 [INFO] DbMcusXml:78 - Set database path to: /opt/st/stm32cubeide_1.19.0/plugins/com.st.stm32cube.common.mx_6.15.0.202507011659//db//mcu/
2026-07-10 17:50:32,039 [INFO] ApiDb:274 - Set plugin database path to: /opt/st/stm32cubeide_1.19.0/plugins/com.st.stm32cube.common.mx_6.15.0.202507011659//db//plugins/boardmanager/
2026-07-10 17:50:32,039 [INFO] ApiDb:261 - Set plugin images path to: /opt/st/stm32cubeide_1.19.0/plugins/com.st.stm32cube.common.mx_6.15.0.202507011659//db//plugins/mcufinder/images/
2026-07-10 17:50:32,039 [WARN] DbFile:41 - Overriding database path with different value: /home/anton/.stmcufinder/plugins/mcufinder/ => /home/anton/.stmcufinder/plugins/mcufinder
2026-07-10 17:50:32,039 [INFO] ApiDb:250 - Set database path to: /home/anton/.stmcufinder/plugins/mcufinder//mcu/
2026-07-10 17:50:32,039 [WARN] DbFile:41 - Overriding database path with different value: /home/anton/.stmcufinder/plugins/mcufinder/ => /home/anton/.stmcufinder/plugins/mcufinder
2026-07-10 17:50:32,039 [INFO] DbMcusAds:125 - Set database path to: /home/anton/.stmcufinder/plugins/mcufinder//mcu/
2026-07-10 17:50:32,039 [WARN] DbFile:41 - Overriding database path with different value: /home/anton/.stmcufinder/plugins/mcufinder/ => /home/anton/.stmcufinder/plugins/mcufinder
2026-07-10 17:50:32,039 [WARN] DbFile:41 - Overriding database path with different value: /home/anton/.stmcufinder/plugins/mcufinder/ => /home/anton/.stmcufinder/plugins/mcufinder
2026-07-10 17:50:32,039 [INFO] CrossReferenceDbSqlite:203 - Set database path to: /home/anton/.stmcufinder/plugins/mcufinder//mcu/cs/
2026-07-10 17:50:32,046 [INFO] ApplicationProperties:184 - Using Application install path: /opt/st/stm32cubeide_1.19.0/plugins/com.st.stm32cube.common.mx_6.15.0.202507011659
2026-07-10 17:50:32,047 [INFO] PluginManage:196 - Search for loadable plugins [exclusion list=, ]
2026-07-10 17:50:32,048 [INFO] PluginManage:310 - Check plugin analytics
2026-07-10 17:50:32,202 [INFO] AnalyticsPlugin:253 - Accepted Software Licenses: STM32CubeMX.6.16.0
2026-07-10 17:50:32,202 [INFO] AnalyticsPlugin:255 - Accepted CMSIS Pack Licenses: 
2026-07-10 17:50:32,202 [INFO] AnalyticsPlugin:257 - Accepted Firmware Licenses: 
2026-07-10 17:50:32,204 [INFO] PluginManage:359 - Loaded plugin analytics (category:tool,tabindex:-1)
2026-07-10 17:50:32,204 [INFO] PluginManage:310 - Check plugin cadmodel
2026-07-10 17:50:32,207 [INFO] CADModel:105 - Init CAD model plugin
2026-07-10 17:50:32,207 [INFO] PluginManage:359 - Loaded plugin cadmodel (category:power,tabindex:5)
2026-07-10 17:50:32,208 [INFO] PluginManage:310 - Check plugin clock
2026-07-10 17:50:32,214 [INFO] PluginManage:359 - Loaded plugin clock (category:base,tabindex:2)
2026-07-10 17:50:32,214 [INFO] PluginManage:310 - Check plugin ddr
2026-07-10 17:50:32,216 [INFO] PluginManage:359 - Loaded plugin ddr (category:tool,tabindex:6)
2026-07-10 17:50:32,216 [INFO] PluginManage:310 - Check plugin filemanager
2026-07-10 17:50:32,307 [INFO] PluginManage:359 - Loaded plugin filemanager (category:base,tabindex:10)
2026-07-10 17:50:32,307 [INFO] PluginManage:310 - Check plugin ipmanager
2026-07-10 17:50:32,311 [INFO] PluginManage:359 - Loaded plugin ipmanager (category:base,tabindex:5)
2026-07-10 17:50:32,311 [INFO] PluginManage:310 - Check plugin lpbam
2026-07-10 17:50:32,316 [INFO] PluginManage:359 - Loaded plugin lpbam (category:base,tabindex:0)
2026-07-10 17:50:32,317 [INFO] PluginManage:310 - Check plugin memorymap
2026-07-10 17:50:32,324 [INFO] PluginManage:359 - Loaded plugin memorymap (category:base,tabindex:4)
2026-07-10 17:50:32,324 [INFO] PluginManage:310 - Check plugin pinoutandconfiguration
2026-07-10 17:50:32,329 [INFO] PluginManage:359 - Loaded plugin pinoutandconfiguration (category:base,tabindex:1)
2026-07-10 17:50:32,329 [INFO] PluginManage:310 - Check plugin pinoutconfig
2026-07-10 17:50:32,383 [WARN] SupportedApi:132 - Cannot load RTOS API schema: s4s-elt-must-match.1: The content of 'definitions' must match (annotation?, (simpleType | complexType)?, (unique | key | keyref)*)). A problem was found starting at: attribute.
2026-07-10 17:50:32,456 [INFO] PluginManage:359 - Loaded plugin pinoutconfig (category:base,tabindex:0)
2026-07-10 17:50:32,457 [INFO] PluginManage:310 - Check plugin power
2026-07-10 17:50:32,462 [INFO] PluginManage:359 - Loaded plugin power (category:power,tabindex:4)
2026-07-10 17:50:32,462 [INFO] PluginManage:310 - Check plugin projectmanager
2026-07-10 17:50:32,472 [INFO] PluginManage:359 - Loaded plugin projectmanager (category:projectmanager,tabindex:4)
2026-07-10 17:50:32,472 [INFO] PluginManage:310 - Check plugin rif
2026-07-10 17:50:32,477 [INFO] PluginManage:359 - Loaded plugin rif (category:base,tabindex:3)
2026-07-10 17:50:32,478 [INFO] PluginManage:310 - Check plugin thirdparty
2026-07-10 17:50:32,545 [INFO] PluginManage:359 - Loaded plugin thirdparty (category:base,tabindex:-1)
2026-07-10 17:50:32,545 [WARN] IntegrityCheckThread:84 - waiting for thirdparty lock release [integrity check]
2026-07-10 17:50:32,546 [INFO] IntegrityCheckThread:86 - entering critical section [integrity check]
2026-07-10 17:50:32,546 [INFO] PluginManage:310 - Check plugin tools
2026-07-10 17:50:32,546 [INFO] ThirdPartyUpdaterWithRetryManager:70 - Updater plugin not ready yet. [1/15]
2026-07-10 17:50:32,547 [INFO] PluginManage:359 - Loaded plugin tools (category:base,tabindex:7)
2026-07-10 17:50:32,547 [INFO] PluginManage:310 - Check plugin tutovideos
2026-07-10 17:50:32,732 [INFO] PluginManage:359 - Loaded plugin tutovideos (category:base,tabindex:-1)
2026-07-10 17:50:32,732 [INFO] PluginManage:310 - Check plugin updater
2026-07-10 17:50:32,749 [INFO] PluginManage:359 - Loaded plugin updater (category:base,tabindex:12)
2026-07-10 17:50:32,749 [INFO] PluginManage:310 - Check plugin userauth
2026-07-10 17:50:32,753 [INFO] UserAuth:118 - Init User Auth plugin
2026-07-10 17:50:32,754 [INFO] PluginManage:359 - Loaded plugin userauth (category:base,tabindex:14)
2026-07-10 17:50:32,755 [INFO] PluginManage:283 - PluginManage : Loaded plugins [18]
2026-07-10 17:50:32,870 [INFO] PinOutPanel:1589 - setPackage(No Configuration,No Configuration)
2026-07-10 17:50:32,912 [INFO] CADModel:165 - CPN selected for project level
2026-07-10 17:50:32,912 [INFO] CADModel:114 - Register for checkConnection events
2026-07-10 17:50:32,918 [INFO] IPUIPlugin:80 - create IPUIPlugin
2026-07-10 17:50:32,918 [INFO] PluginManager:220 - loadIPPluginJar : add i2s
2026-07-10 17:50:32,921 [INFO] IPUIPlugin:80 - create IPUIPlugin
2026-07-10 17:50:32,921 [INFO] PluginManager:220 - loadIPPluginJar : add dma
2026-07-10 17:50:32,922 [INFO] IPUIPlugin:80 - create IPUIPlugin
2026-07-10 17:50:32,922 [INFO] PluginManager:220 - loadIPPluginJar : add tim
2026-07-10 17:50:32,923 [INFO] IPUIPlugin:80 - create IPUIPlugin
2026-07-10 17:50:32,923 [INFO] PluginManager:220 - loadIPPluginJar : add ltdc
2026-07-10 17:50:32,923 [INFO] IPUIPlugin:80 - create IPUIPlugin
2026-07-10 17:50:32,923 [INFO] PluginManager:220 - loadIPPluginJar : add quadspi
2026-07-10 17:50:32,927 [INFO] IPUIPlugin:80 - create IPUIPlugin
2026-07-10 17:50:32,927 [INFO] PluginManager:220 - loadIPPluginJar : add stm32_wpan
2026-07-10 17:50:32,928 [INFO] IPUIPlugin:80 - create IPUIPlugin
2026-07-10 17:50:32,928 [INFO] PluginManager:220 - loadIPPluginJar : add ddr_ctrl_phy
2026-07-10 17:50:32,929 [INFO] IPUIPlugin:80 - create IPUIPlugin
2026-07-10 17:50:32,929 [INFO] PluginManager:220 - loadIPPluginJar : add can
2026-07-10 17:50:32,931 [INFO] IPUIPlugin:80 - create IPUIPlugin
2026-07-10 17:50:32,932 [INFO] PluginManager:220 - loadIPPluginJar : add gic
2026-07-10 17:50:32,932 [INFO] IPUIPlugin:80 - create IPUIPlugin
2026-07-10 17:50:32,933 [INFO] PluginManager:220 - loadIPPluginJar : add spi
2026-07-10 17:50:32,933 [INFO] IPUIPlugin:80 - create IPUIPlugin
2026-07-10 17:50:32,934 [INFO] PluginManager:220 - loadIPPluginJar : add openamp
2026-07-10 17:50:32,934 [INFO] IPUIPlugin:80 - create IPUIPlugin
2026-07-10 17:50:32,934 [INFO] PluginManager:220 - loadIPPluginJar : add aes
2026-07-10 17:50:32,935 [INFO] IPUIPlugin:80 - create IPUIPlugin
2026-07-10 17:50:32,936 [INFO] PluginManager:220 - loadIPPluginJar : add gtzc
2026-07-10 17:50:32,939 [INFO] IPUIPlugin:80 - create IPUIPlugin
2026-07-10 17:50:32,939 [INFO] PluginManager:220 - loadIPPluginJar : add linkedlist
2026-07-10 17:50:32,940 [INFO] IPUIPlugin:80 - create IPUIPlugin
2026-07-10 17:50:32,940 [INFO] PluginManager:220 - loadIPPluginJar : add fatfs
2026-07-10 17:50:32,941 [INFO] IPUIPlugin:80 - create IPUIPlugin
2026-07-10 17:50:32,941 [INFO] PluginManager:220 - loadIPPluginJar : add dma3
2026-07-10 17:50:32,943 [INFO] IPUIPlugin:80 - create IPUIPlugin
2026-07-10 17:50:32,944 [INFO] PluginManager:220 - loadIPPluginJar : add mdma
2026-07-10 17:50:32,945 [INFO] IPUIPlugin:80 - create IPUIPlugin
2026-07-10 17:50:32,945 [INFO] PluginManager:220 - loadIPPluginJar : add resmgrutility
2026-07-10 17:50:32,945 [INFO] IPUIPlugin:80 - create IPUIPlugin
2026-07-10 17:50:32,946 [INFO] PluginManager:220 - loadIPPluginJar : add genericplugin
2026-07-10 17:50:32,946 [INFO] IPUIPlugin:80 - create IPUIPlugin
2026-07-10 17:50:32,947 [INFO] PluginManager:220 - loadIPPluginJar : add hash
2026-07-10 17:50:32,948 [INFO] IPUIPlugin:80 - create IPUIPlugin
2026-07-10 17:50:32,948 [INFO] PluginManager:220 - loadIPPluginJar : add lorawan
2026-07-10 17:50:32,948 [INFO] IPUIPlugin:80 - create IPUIPlugin
2026-07-10 17:50:32,949 [INFO] PluginManager:220 - loadIPPluginJar : add tracer_emb
2026-07-10 17:50:32,950 [INFO] IPUIPlugin:80 - create IPUIPlugin
2026-07-10 17:50:32,950 [INFO] PluginManager:220 - loadIPPluginJar : add extmemmanager
2026-07-10 17:50:32,951 [INFO] IPUIPlugin:80 - create IPUIPlugin
2026-07-10 17:50:32,951 [INFO] PluginManager:220 - loadIPPluginJar : add nvic
2026-07-10 17:50:32,954 [INFO] IPUIPlugin:80 - create IPUIPlugin
2026-07-10 17:50:32,954 [INFO] PluginManager:220 - loadIPPluginJar : add fmc
2026-07-10 17:50:32,955 [INFO] IPUIPlugin:80 - create IPUIPlugin
2026-07-10 17:50:32,955 [INFO] PluginManager:220 - loadIPPluginJar : add ipddr
2026-07-10 17:50:32,957 [INFO] IPUIPlugin:80 - create IPUIPlugin
2026-07-10 17:50:32,958 [INFO] PluginManager:220 - loadIPPluginJar : add gpio
2026-07-10 17:50:32,958 [INFO] IPUIPlugin:80 - create IPUIPlugin
2026-07-10 17:50:32,958 [INFO] PluginManager:220 - loadIPPluginJar : add ts
2026-07-10 17:50:32,961 [INFO] IPUIPlugin:80 - create IPUIPlugin
2026-07-10 17:50:32,961 [INFO] PluginManager:220 - loadIPPluginJar : add freertos
2026-07-10 17:50:32,962 [INFO] IPUIPlugin:80 - create IPUIPlugin
2026-07-10 17:50:32,963 [INFO] PluginManager:220 - loadIPPluginJar : add radio
2026-07-10 17:50:32,964 [INFO] IPUIPlugin:80 - create IPUIPlugin
2026-07-10 17:50:32,964 [INFO] PluginManager:220 - loadIPPluginJar : add gfxmmu
2026-07-10 17:50:32,965 [INFO] IPUIPlugin:80 - create IPUIPlugin
2026-07-10 17:50:32,965 [INFO] PluginManager:220 - loadIPPluginJar : add dfsdm
2026-07-10 17:50:32,966 [INFO] IPUIPlugin:80 - create IPUIPlugin
2026-07-10 17:50:32,966 [INFO] PluginManager:220 - loadIPPluginJar : add opamp
2026-07-10 17:50:32,967 [INFO] IPUIPlugin:80 - create IPUIPlugin
2026-07-10 17:50:32,967 [INFO] PluginManager:220 - loadIPPluginJar : add tsc
2026-07-10 17:50:32,968 [INFO] IPUIPlugin:80 - create IPUIPlugin
2026-07-10 17:50:32,968 [INFO] PluginManager:220 - loadIPPluginJar : add i3c
2026-07-10 17:50:32,969 [INFO] IPUIPlugin:80 - create IPUIPlugin
2026-07-10 17:50:32,969 [INFO] PluginManager:220 - loadIPPluginJar : add sai
2026-07-10 17:50:32,971 [INFO] IPUIPlugin:80 - create IPUIPlugin
2026-07-10 17:50:32,971 [INFO] PluginManager:220 - loadIPPluginJar : add touchsensing
2026-07-10 17:50:32,972 [INFO] IPUIPlugin:80 - create IPUIPlugin
2026-07-10 17:50:32,972 [INFO] PluginManager:220 - loadIPPluginJar : add cryp
2026-07-10 17:50:32,973 [INFO] IPUIPlugin:80 - create IPUIPlugin
2026-07-10 17:50:32,973 [INFO] PluginManager:220 - loadIPPluginJar : add pdm2pcm
2026-07-10 17:50:32,973 [INFO] IPUIPlugin:80 - create IPUIPlugin
2026-07-10 17:50:32,973 [INFO] PluginManager:220 - loadIPPluginJar : add comp
2026-07-10 17:50:32,974 [INFO] IPUIPlugin:80 - create IPUIPlugin
2026-07-10 17:50:32,974 [INFO] PluginManager:220 - loadIPPluginJar : add usart
2026-07-10 17:50:32,975 [INFO] IPUIPlugin:80 - create IPUIPlugin
2026-07-10 17:50:32,975 [INFO] PluginManager:220 - loadIPPluginJar : add ucpd
2026-07-10 17:50:32,976 [INFO] IPUIPlugin:80 - create IPUIPlugin
2026-07-10 17:50:32,976 [INFO] PluginManager:220 - loadIPPluginJar : add i2c
2026-07-10 17:50:32,977 [INFO] IPUIPlugin:80 - create IPUIPlugin
2026-07-10 17:50:32,977 [INFO] PluginManager:220 - loadIPPluginJar : add usbx
2026-07-10 17:50:32,980 [INFO] IPUIPlugin:80 - create IPUIPlugin
2026-07-10 17:50:32,981 [INFO] PluginManager:220 - loadIPPluginJar : add adc
2026-07-10 17:50:32,983 [INFO] IPUIPlugin:80 - create IPUIPlugin
2026-07-10 17:50:32,985 [INFO] PluginManager:220 - loadIPPluginJar : add plateformsettings
2026-07-10 17:50:33,073 [FATAL] Updater:351 - Updater called before beeing initialized
2026-07-10 17:50:33,093 [INFO] RulesReader:64 - Compatibility file has been processed (317 Rules)
2026-07-10 17:50:33,099 [INFO] RulesReader:64 - Compatibility file has been processed (317 Rules)
2026-07-10 17:50:33,104 [INFO] CADModel:165 - CPN selected for project level
2026-07-10 17:50:33,105 [INFO] CADModel:114 - Register for checkConnection events
2026-07-10 17:50:33,105 [FATAL] Updater:351 - Updater called before beeing initialized
2026-07-10 17:50:33,105 [ERROR] CADModel:125 - Updater not yet initialized, retry later 
2026-07-10 17:50:33,176 [FATAL] Updater:351 - Updater called before beeing initialized
2026-07-10 17:50:33,177 [INFO] CADModel:165 - CPN selected for project level
2026-07-10 17:50:33,178 [INFO] CADModel:114 - Register for checkConnection events
2026-07-10 17:50:33,178 [FATAL] Updater:351 - Updater called before beeing initialized
2026-07-10 17:50:33,178 [ERROR] CADModel:125 - Updater not yet initialized, retry later 
2026-07-10 17:50:33,180 [FATAL] Updater:351 - Updater called before beeing initialized
2026-07-10 17:50:33,224 [FATAL] Updater:351 - Updater called before beeing initialized
2026-07-10 17:50:33,227 [INFO] DbMcusAds:53 - JSON generation date=Thu May 28 21:38:16 IST 2026 (1779984496462)
2026-07-10 17:50:33,227 [FATAL] Updater:351 - Updater called before beeing initialized
2026-07-10 17:50:33,247 [WARN] DetailPanel:346 - Failed to get advertising image, set to default
2026-07-10 17:50:33,296 [FATAL] Updater:351 - Updater called before beeing initialized
2026-07-10 17:50:33,297 [FATAL] Updater:351 - Updater called before beeing initialized
2026-07-10 17:50:33,298 [FATAL] Updater:351 - Updater called before beeing initialized
2026-07-10 17:50:33,298 [WARN] DetailPanel:346 - Failed to get advertising image, set to default
2026-07-10 17:50:33,298 [FATAL] Updater:351 - Updater called before beeing initialized
2026-07-10 17:50:33,318 [ERROR] Updater:1198 - MainUpdater not yet initialized. External WinMGr cannot be set.
2026-07-10 17:50:33,319 [INFO] Updater:1134 - Updater Version found : 6.15.0
2026-07-10 17:50:33,330 [INFO] ApplicationProperties:184 - Using Application install path: /opt/st/stm32cubeide_1.19.0/plugins/com.st.stm32cube.common.mx_6.15.0.202507011659
2026-07-10 17:50:33,680 [INFO] MainUpdater:2872 - connection check result : 10
2026-07-10 17:50:33,681 [INFO] MainUpdater:289 - Updater Check For Update Now.
2026-07-10 17:50:33,681 [INFO] MicroXplorer:498 - Change Database Version : DB.6.0.150
2026-07-10 17:50:33,826 [INFO] CheckServerUpdateThread:120 - End of CheckServer Thread
2026-07-10 17:50:33,893 [INFO] MainUpdater:2872 - connection check result : 10
2026-07-10 17:50:33,894 [INFO] MainUpdater:2872 - connection check result : 10
2026-07-10 17:50:35,632 [WARN] PackLoader:240 - Cannot read IP mode file for STMicroelectronics.X-CUBE-AZRTOS-H7.3.5.0
2026-07-10 17:50:35,640 [WARN] PackLoader:240 - Cannot read IP mode file for STMicroelectronics.FP-ATR-ASTRA1.2.0.2
2026-07-10 17:50:35,643 [ERROR] Engine:466 - /home/anton/.stm32cubemx/thirdparties/pdsc/STMicroelectronics.X-CUBE-SMBUS.2.1.1.pdsc: PDSC version is not supported
2026-07-10 17:50:35,656 [WARN] PackLoader:240 - Cannot read IP mode file for STMicroelectronics.X-CUBE-AZRTOS-F7.1.1.0
2026-07-10 17:50:35,663 [WARN] PackLoader:240 - Cannot read IP mode file for STMicroelectronics.X-CUBE-FREERTOS.1.6.0
2026-07-10 17:50:35,666 [WARN] PackLoader:240 - Cannot read IP mode file for STMicroelectronics.FP-SNS-MOTENV1.5.1.0
2026-07-10 17:50:35,682 [WARN] PackLoader:240 - Cannot read IP mode file for STMicroelectronics.X-CUBE-AZRTOS-H7RS.1.3.0
2026-07-10 17:50:35,689 [WARN] PackLoader:240 - Cannot read IP mode file for WES.I-CUBE-Cesium.1.4.0
2026-07-10 17:50:35,693 [WARN] PackLoader:240 - Cannot read IP mode file for STMicroelectronics.X-CUBE-DISPLAY.3.0.0
2026-07-10 17:50:35,699 [WARN] PackLoader:240 - Cannot read IP mode file for STMicroelectronics.X-CUBE-GNSS1.7.1.1
2026-07-10 17:50:35,702 [WARN] PackLoader:240 - Cannot read IP mode file for STMicroelectronics.FP-SNS-MOTENVWB1.1.5.0
2026-07-10 17:50:35,704 [WARN] PackLoader:240 - Cannot read IP mode file for wolfSSL.I-CUBE-wolfSSL.5.9.1
2026-07-10 17:50:35,707 [WARN] PackLoader:240 - Cannot read IP mode file for STMicroelectronics.X-CUBE-NFC10.1.0.0
2026-07-10 17:50:35,710 [WARN] PackLoader:240 - Cannot read IP mode file for STMicroelectronics.X-CUBE-ST60.1.1.0
2026-07-10 17:50:35,713 [WARN] PackLoader:240 - Cannot read IP mode file for emotas.I-CUBE-CANOPEN.1.3.0
2026-07-10 17:50:35,715 [ERROR] Engine:466 - /home/anton/.stm32cubemx/thirdparties/pdsc/STMicroelectronics.X-CUBE-WBA.1.1.0.pdsc: PDSC version is not supported
2026-07-10 17:50:35,718 [WARN] PackLoader:240 - Cannot read IP mode file for STMicroelectronics.FP-SNS-STBOX1.2.1.0
2026-07-10 17:50:35,729 [WARN] PackLoader:240 - Cannot read IP mode file for STMicroelectronics.FP-SNS-SMARTAG2.1.2.0
2026-07-10 17:50:35,732 [WARN] PackLoader:240 - Cannot read IP mode file for STMicroelectronics.FP-SNS-FLIGHT1.5.1.0
2026-07-10 17:50:35,739 [INFO] LogOutputStream:77 - [STDOUT_REDIRECT] 1 : Invalid condition id : UX_CORESTACK_Condition cause : null
2026-07-10 17:50:35,740 [INFO] LogOutputStream:77 - [STDOUT_REDIRECT] 1 : Invalid condition id : UX_CORESTACK_Condition cause : null
2026-07-10 17:50:35,740 [INFO] LogOutputStream:77 - [STDOUT_REDIRECT] 1 : Invalid condition id : UX_CORESTACK_Condition cause : null
2026-07-10 17:50:35,740 [INFO] LogOutputStream:77 - [STDOUT_REDIRECT] 1 : Invalid condition id : UX_CORESTACK_Condition cause : null
2026-07-10 17:50:35,740 [INFO] LogOutputStream:77 - [STDOUT_REDIRECT] 1 : Invalid condition id : UX_CORESTACK_Condition cause : null
2026-07-10 17:50:35,743 [WARN] PackLoader:240 - Cannot read IP mode file for STMicroelectronics.X-CUBE-AZRTOS-WL.2.0.0
2026-07-10 17:50:35,747 [WARN] PackLoader:240 - Cannot read IP mode file for STMicroelectronics.X-CUBE-BLE2.3.3.0
2026-07-10 17:50:35,766 [WARN] PackLoader:240 - Cannot read IP mode file for Infineon.AIROC-Wi-Fi-Bluetooth-STM32.1.8.0
2026-07-10 17:50:35,773 [WARN] PackLoader:240 - Cannot read IP mode file for STMicroelectronics.X-CUBE-NFC9.1.0.0
2026-07-10 17:50:35,776 [WARN] PackLoader:240 - Cannot read IP mode file for STMicroelectronics.X-CUBE-BLE1.7.1.0
2026-07-10 17:50:35,777 [WARN] PackLoader:240 - Cannot read IP mode file for wolfSSL.I-CUBE-wolfMQTT.1.19.2
2026-07-10 17:50:35,780 [WARN] PackLoader:240 - Cannot read IP mode file for STMicroelectronics.X-CUBE-EEPRMA1.5.2.0
2026-07-10 17:50:35,784 [WARN] PackLoader:240 - Cannot read IP mode file for STMicroelectronics.FP-SNS-STAIOTCFT.1.1.0
2026-07-10 17:50:35,793 [WARN] PackLoader:240 - Cannot read IP mode file for STMicroelectronics.X-CUBE-AZRTOS-G0.1.1.0
2026-07-10 17:50:35,796 [WARN] PackLoader:240 - Cannot read IP mode file for STMicroelectronics.X-CUBE-NFC4.3.0.0
2026-07-10 17:50:35,801 [WARN] PackLoader:240 - Cannot read IP mode file for EmbeddedOffice.I-CUBE-FS-RTOS.1.0.1
2026-07-10 17:50:35,803 [WARN] PackLoader:240 - Cannot read IP mode file for wolfSSL.I-CUBE-wolfTPM.3.8.0
2026-07-10 17:50:35,806 [WARN] PackLoader:240 - Cannot read IP mode file for STMicroelectronics.X-CUBE-TCPP.4.2.0
2026-07-10 17:50:35,809 [WARN] PackLoader:240 - Cannot read IP mode file for RealThread.X-CUBE-RT-Thread_Nano.4.1.1
2026-07-10 17:50:35,811 [WARN] PackLoader:240 - Cannot read IP mode file for STMicroelectronics.FP-ATR-SIGFOX1.3.2.0
2026-07-10 17:50:35,814 [WARN] PackLoader:240 - Cannot read IP mode file for ITTIA_DB.I-CUBE-ITTIADB.8.9.0
2026-07-10 17:50:35,815 [WARN] PackLoader:240 - Cannot read IP mode file for Cesanta.I-CUBE-Mongoose.7.21.7
2026-07-10 17:50:35,819 [WARN] PackLoader:240 - Cannot read IP mode file for STMicroelectronics.X-CUBE-NFC6.3.2.0
2026-07-10 17:50:35,822 [WARN] PackLoader:240 - Cannot read IP mode file for STMicroelectronics.X-CUBE-AI.10.2.1
2026-07-10 17:50:35,854 [WARN] PackLoader:240 - Cannot read IP mode file for STMicroelectronics.X-CUBE-MEMS1.12.1.0
2026-07-10 17:50:35,933 [WARN] PackLoader:240 - Cannot read IP mode file for SEGGER.I-CUBE-embOS.1.3.1
2026-07-10 17:50:35,956 [WARN] PackLoader:240 - Cannot read IP mode file for STMicroelectronics.X-CUBE-NFC13.1.0.0
2026-07-10 17:50:35,959 [WARN] PackLoader:240 - Cannot read IP mode file for STMicroelectronics.X-CUBE-PM33A1.1.0.0
2026-07-10 17:50:35,967 [WARN] PackLoader:240 - Cannot read IP mode file for STMicroelectronics.X-CUBE-AZRTOS-F4.1.1.0
2026-07-10 17:50:35,970 [WARN] PackLoader:240 - Cannot read IP mode file for STMicroelectronics.X-CUBE-ISPU.2.1.0
2026-07-10 17:50:35,977 [WARN] PackLoader:240 - Cannot read IP mode file for STMicroelectronics.X-CUBE-IPS.3.2.0
2026-07-10 17:50:35,983 [WARN] PackLoader:240 - Cannot read IP mode file for STMicroelectronics.eDS-WB_DPC_TT-BIDIR.2.1.1
2026-07-10 17:50:35,986 [WARN] PackLoader:240 - Cannot read IP mode file for STMicroelectronics.X-CUBE-NFC12.1.0.0
2026-07-10 17:50:35,995 [WARN] PackLoader:240 - Cannot read IP mode file for STMicroelectronics.X-CUBE-AZRTOS-L5.2.0.0
2026-07-10 17:50:35,999 [WARN] PackLoader:240 - Cannot read IP mode file for STMicroelectronics.X-CUBE-ALGOBUILD.1.5.0
2026-07-10 17:50:36,001 [WARN] PackLoader:240 - Cannot read IP mode file for STMicroelectronics.eDS-WB_DPC_VIENNA.1.2.0
2026-07-10 17:50:36,002 [WARN] PackLoader:240 - Cannot read IP mode file for STMicroelectronics.eDS-WB_DPC_3PH2L-BIDIR.1.1.1
2026-07-10 17:50:36,003 [ERROR] Engine:466 - /home/anton/.stm32cubemx/thirdparties/pdsc/STMicroelectronics.X-CUBE-ST67W61.1.3.0.pdsc: PDSC version is not supported
2026-07-10 17:50:36,005 [WARN] PackLoader:240 - Cannot read IP mode file for STMicroelectronics.X-CUBE-TOUCHGFX.4.26.1
2026-07-10 17:50:36,008 [WARN] PackLoader:240 - Cannot read IP mode file for STMicroelectronics.X-CUBE-DPower.1.3.0
2026-07-10 17:50:36,016 [WARN] ConditionMgr:438 - getConditionDescription Invalid condition id : LAN8742 Phy interface Condition cause : null
2026-07-10 17:50:36,016 [WARN] PackLoader:240 - Cannot read IP mode file for STMicroelectronics.X-CUBE-AZRTOS-L4.2.0.0
2026-07-10 17:50:36,017 [WARN] ConditionMgr:1044 - genDependencies : Invalid condition id : LAN8742 Phy interface Condition cause : null
2026-07-10 17:50:36,017 [WARN] ConditionMgr:1044 - genDependencies : Invalid condition id : LAN8742 Phy interface Condition cause : null
2026-07-10 17:50:36,017 [WARN] ConditionMgr:1044 - genDependencies : Invalid condition id : LAN8742 Phy interface Condition cause : null
2026-07-10 17:50:36,021 [WARN] PackLoader:240 - Cannot read IP mode file for STMicroelectronics.X-CUBE-SFXS2LP1.4.0.0
2026-07-10 17:50:36,023 [WARN] PackLoader:240 - Cannot read IP mode file for STMicroelectronics.X-CUBE-WB05N.2.1.0
2026-07-10 17:50:36,029 [WARN] ConditionMgr:438 - getConditionDescription Invalid condition id : UX DEVICE CLASS RTOS Condition cause : null
2026-07-10 17:50:36,029 [WARN] ConditionMgr:438 - getConditionDescription Invalid condition id : UX DEVICE CLASS RTOS Condition cause : null
2026-07-10 17:50:36,030 [WARN] PackLoader:240 - Cannot read IP mode file for STMicroelectronics.X-CUBE-AZRTOS-WB.2.0.0
2026-07-10 17:50:36,030 [WARN] ConditionMgr:1044 - genDependencies : Invalid condition id : UX DEVICE CLASS RTOS Condition cause : null
2026-07-10 17:50:36,030 [WARN] ConditionMgr:1044 - genDependencies : Invalid condition id : UX DEVICE CLASS RTOS Condition cause : null
2026-07-10 17:50:36,030 [WARN] ConditionMgr:1044 - genDependencies : Invalid condition id : UX DEVICE CLASS RTOS Condition cause : null
2026-07-10 17:50:36,030 [WARN] ConditionMgr:1044 - genDependencies : Invalid condition id : UX DEVICE CLASS RTOS Condition cause : null
2026-07-10 17:50:36,030 [WARN] ConditionMgr:1044 - genDependencies : Invalid condition id : UX DEVICE CLASS RTOS Condition cause : null
2026-07-10 17:50:36,032 [WARN] ConditionMgr:438 - getConditionDescription Invalid condition id : Cortex-A Device cause : null
2026-07-10 17:50:36,037 [WARN] ConditionMgr:1044 - genDependencies : Invalid condition id : Cortex-A Device cause : null
2026-07-10 17:50:36,037 [WARN] ConditionMgr:1044 - genDependencies : Invalid condition id : Cortex-A Device cause : null
2026-07-10 17:50:36,037 [WARN] ConditionMgr:1044 - genDependencies : Invalid condition id : Cortex-A Device cause : null
2026-07-10 17:50:36,041 [WARN] PackLoader:240 - Cannot read IP mode file for STMicroelectronics.X-CUBE-STSE01.2.0.0
2026-07-10 17:50:36,055 [WARN] PackLoader:240 - Cannot read IP mode file for STMicroelectronics.X-CUBE-SUBG2.5.0.0
2026-07-10 17:50:36,072 [WARN] PackLoader:240 - Cannot read IP mode file for STMicroelectronics.X-CUBE-AZRTOS-G4.2.0.0
2026-07-10 17:50:36,075 [WARN] PackLoader:240 - Cannot read IP mode file for wolfSSL.I-CUBE-wolfSSH.1.4.20
2026-07-10 17:50:36,078 [WARN] PackLoader:240 - Cannot read IP mode file for STMicroelectronics.X-CUBE-NFC7.2.0.0
2026-07-10 17:50:36,082 [ERROR] Engine:466 - /home/anton/.stm32cubemx/thirdparties/pdsc/STMicroelectronics.X-CUBE-BLEMGR.4.2.0.pdsc: PDSC version is not supported
2026-07-10 17:50:36,084 [WARN] PackLoader:240 - Cannot read IP mode file for STMicroelectronics.X-CUBE-ALS.1.0.2
2026-07-10 17:50:36,093 [WARN] PackLoader:240 - Cannot read IP mode file for STMicroelectronics.X-CUBE-TOF1.3.4.3
2026-07-10 17:50:36,103 [INFO] ThirdParty:978 - Integrity check success = true
2026-07-10 17:50:36,104 [INFO] IntegrityCheckThread:100 - exiting critical section [integrity check]
2026-07-10 17:50:36,104 [INFO] IntegrityCheckThread:103 - End integrity checks thread
2026-07-10 17:52:16,069 [INFO] Activator:176 - 


2026-07-10 17:52:16,071 [INFO] Activator:177 - !SESSION log4j initialized
2026-07-10 17:52:17,262 [INFO] ApplicationProperties:184 - Using Application install path: /opt/st/stm32cubeide_1.19.0/plugins/com.st.stm32cube.common.mx_6.15.0.202507011659
2026-07-10 17:52:17,271 [INFO] DbMcusXml:78 - Set database path to: /opt/st/stm32cubeide_1.19.0/plugins/com.st.stm32cube.common.mx_6.15.0.202507011659//db//mcu/
2026-07-10 17:52:17,271 [INFO] ApiDb:274 - Set plugin database path to: /opt/st/stm32cubeide_1.19.0/plugins/com.st.stm32cube.common.mx_6.15.0.202507011659//db//plugins/boardmanager/
2026-07-10 17:52:17,271 [WARN] ApiDb:259 - Overriding images path with different value:  => /opt/st/stm32cubeide_1.19.0/plugins/com.st.stm32cube.common.mx_6.15.0.202507011659//db//plugins/mcufinder/images/
2026-07-10 17:52:17,273 [INFO] ApiDb:250 - Set database path to: /home/anton/.stmcufinder/plugins/mcufinder//mcu/
2026-07-10 17:52:17,273 [INFO] DbMcusAds:125 - Set database path to: /home/anton/.stmcufinder/plugins/mcufinder//mcu/
2026-07-10 17:52:17,402 [INFO] CrossReferenceDbSqlite:203 - Set database path to: /home/anton/.stmcufinder/plugins/mcufinder//mcu/cs/
2026-07-10 17:52:17,478 [INFO] RulesReader:64 - Compatibility file has been processed (317 Rules)
2026-07-10 17:52:17,513 [INFO] DbMcusXml:78 - Set database path to: /opt/st/stm32cubeide_1.19.0/plugins/com.st.stm32cube.common.mx_6.15.0.202507011659//db//mcu/
2026-07-10 17:52:17,513 [INFO] ApiDb:274 - Set plugin database path to: /opt/st/stm32cubeide_1.19.0/plugins/com.st.stm32cube.common.mx_6.15.0.202507011659//db//plugins/boardmanager/
2026-07-10 17:52:17,513 [INFO] ApiDb:261 - Set plugin images path to: /opt/st/stm32cubeide_1.19.0/plugins/com.st.stm32cube.common.mx_6.15.0.202507011659//db//plugins/mcufinder/images/
2026-07-10 17:52:17,513 [WARN] DbFile:41 - Overriding database path with different value: /home/anton/.stmcufinder/plugins/mcufinder/ => /home/anton/.stmcufinder/plugins/mcufinder
2026-07-10 17:52:17,513 [INFO] ApiDb:250 - Set database path to: /home/anton/.stmcufinder/plugins/mcufinder//mcu/
2026-07-10 17:52:17,514 [WARN] DbFile:41 - Overriding database path with different value: /home/anton/.stmcufinder/plugins/mcufinder/ => /home/anton/.stmcufinder/plugins/mcufinder
2026-07-10 17:52:17,514 [INFO] DbMcusAds:125 - Set database path to: /home/anton/.stmcufinder/plugins/mcufinder//mcu/
2026-07-10 17:52:17,514 [WARN] DbFile:41 - Overriding database path with different value: /home/anton/.stmcufinder/plugins/mcufinder/ => /home/anton/.stmcufinder/plugins/mcufinder
2026-07-10 17:52:17,514 [WARN] DbFile:41 - Overriding database path with different value: /home/anton/.stmcufinder/plugins/mcufinder/ => /home/anton/.stmcufinder/plugins/mcufinder
2026-07-10 17:52:17,514 [INFO] CrossReferenceDbSqlite:203 - Set database path to: /home/anton/.stmcufinder/plugins/mcufinder//mcu/cs/
2026-07-10 17:52:17,548 [INFO] MainPanel:274 - HeapMemory: 268435456
2026-07-10 17:52:17,607 [INFO] DbMcusXml:78 - Set database path to: /opt/st/stm32cubeide_1.19.0/plugins/com.st.stm32cube.common.mx_6.15.0.202507011659//db//mcu/
2026-07-10 17:52:17,608 [INFO] ApiDb:274 - Set plugin database path to: /opt/st/stm32cubeide_1.19.0/plugins/com.st.stm32cube.common.mx_6.15.0.202507011659//db//plugins/boardmanager/
2026-07-10 17:52:17,608 [INFO] ApiDb:261 - Set plugin images path to: /opt/st/stm32cubeide_1.19.0/plugins/com.st.stm32cube.common.mx_6.15.0.202507011659//db//plugins/mcufinder/images/
2026-07-10 17:52:17,608 [WARN] DbFile:41 - Overriding database path with different value: /home/anton/.stmcufinder/plugins/mcufinder/ => /home/anton/.stmcufinder/plugins/mcufinder
2026-07-10 17:52:17,608 [INFO] ApiDb:250 - Set database path to: /home/anton/.stmcufinder/plugins/mcufinder//mcu/
2026-07-10 17:52:17,608 [WARN] DbFile:41 - Overriding database path with different value: /home/anton/.stmcufinder/plugins/mcufinder/ => /home/anton/.stmcufinder/plugins/mcufinder
2026-07-10 17:52:17,608 [INFO] DbMcusAds:125 - Set database path to: /home/anton/.stmcufinder/plugins/mcufinder//mcu/
2026-07-10 17:52:17,608 [WARN] DbFile:41 - Overriding database path with different value: /home/anton/.stmcufinder/plugins/mcufinder/ => /home/anton/.stmcufinder/plugins/mcufinder
2026-07-10 17:52:17,608 [WARN] DbFile:41 - Overriding database path with different value: /home/anton/.stmcufinder/plugins/mcufinder/ => /home/anton/.stmcufinder/plugins/mcufinder
2026-07-10 17:52:17,608 [INFO] CrossReferenceDbSqlite:203 - Set database path to: /home/anton/.stmcufinder/plugins/mcufinder//mcu/cs/
2026-07-10 17:52:17,617 [INFO] ApplicationProperties:184 - Using Application install path: /opt/st/stm32cubeide_1.19.0/plugins/com.st.stm32cube.common.mx_6.15.0.202507011659
2026-07-10 17:52:17,618 [INFO] PluginManage:196 - Search for loadable plugins [exclusion list=, ]
2026-07-10 17:52:17,618 [INFO] PluginManage:310 - Check plugin analytics
2026-07-10 17:52:17,775 [INFO] AnalyticsPlugin:253 - Accepted Software Licenses: STM32CubeMX.6.16.0
2026-07-10 17:52:17,775 [INFO] AnalyticsPlugin:255 - Accepted CMSIS Pack Licenses: 
2026-07-10 17:52:17,775 [INFO] AnalyticsPlugin:257 - Accepted Firmware Licenses: 
2026-07-10 17:52:17,777 [INFO] PluginManage:359 - Loaded plugin analytics (category:tool,tabindex:-1)
2026-07-10 17:52:17,777 [INFO] PluginManage:310 - Check plugin cadmodel
2026-07-10 17:52:17,780 [INFO] CADModel:105 - Init CAD model plugin
2026-07-10 17:52:17,780 [INFO] PluginManage:359 - Loaded plugin cadmodel (category:power,tabindex:5)
2026-07-10 17:52:17,781 [INFO] PluginManage:310 - Check plugin clock
2026-07-10 17:52:17,788 [INFO] PluginManage:359 - Loaded plugin clock (category:base,tabindex:2)
2026-07-10 17:52:17,788 [INFO] PluginManage:310 - Check plugin ddr
2026-07-10 17:52:17,790 [INFO] PluginManage:359 - Loaded plugin ddr (category:tool,tabindex:6)
2026-07-10 17:52:17,790 [INFO] PluginManage:310 - Check plugin filemanager
2026-07-10 17:52:17,902 [INFO] PluginManage:359 - Loaded plugin filemanager (category:base,tabindex:10)
2026-07-10 17:52:17,902 [INFO] PluginManage:310 - Check plugin ipmanager
2026-07-10 17:52:17,906 [INFO] PluginManage:359 - Loaded plugin ipmanager (category:base,tabindex:5)
2026-07-10 17:52:17,906 [INFO] PluginManage:310 - Check plugin lpbam
2026-07-10 17:52:17,911 [INFO] PluginManage:359 - Loaded plugin lpbam (category:base,tabindex:0)
2026-07-10 17:52:17,911 [INFO] PluginManage:310 - Check plugin memorymap
2026-07-10 17:52:17,917 [INFO] PluginManage:359 - Loaded plugin memorymap (category:base,tabindex:4)
2026-07-10 17:52:17,917 [INFO] PluginManage:310 - Check plugin pinoutandconfiguration
2026-07-10 17:52:17,921 [INFO] PluginManage:359 - Loaded plugin pinoutandconfiguration (category:base,tabindex:1)
2026-07-10 17:52:17,921 [INFO] PluginManage:310 - Check plugin pinoutconfig
2026-07-10 17:52:17,966 [WARN] SupportedApi:132 - Cannot load RTOS API schema: s4s-elt-must-match.1: The content of 'definitions' must match (annotation?, (simpleType | complexType)?, (unique | key | keyref)*)). A problem was found starting at: attribute.
2026-07-10 17:52:18,038 [INFO] PluginManage:359 - Loaded plugin pinoutconfig (category:base,tabindex:0)
2026-07-10 17:52:18,038 [INFO] PluginManage:310 - Check plugin power
2026-07-10 17:52:18,042 [INFO] PluginManage:359 - Loaded plugin power (category:power,tabindex:4)
2026-07-10 17:52:18,042 [INFO] PluginManage:310 - Check plugin projectmanager
2026-07-10 17:52:18,052 [INFO] PluginManage:359 - Loaded plugin projectmanager (category:projectmanager,tabindex:4)
2026-07-10 17:52:18,052 [INFO] PluginManage:310 - Check plugin rif
2026-07-10 17:52:18,057 [INFO] PluginManage:359 - Loaded plugin rif (category:base,tabindex:3)
2026-07-10 17:52:18,057 [INFO] PluginManage:310 - Check plugin thirdparty
2026-07-10 17:52:18,129 [INFO] PluginManage:359 - Loaded plugin thirdparty (category:base,tabindex:-1)
2026-07-10 17:52:18,129 [WARN] IntegrityCheckThread:84 - waiting for thirdparty lock release [integrity check]
2026-07-10 17:52:18,129 [INFO] PluginManage:310 - Check plugin tools
2026-07-10 17:52:18,129 [INFO] IntegrityCheckThread:86 - entering critical section [integrity check]
2026-07-10 17:52:18,129 [INFO] ThirdPartyUpdaterWithRetryManager:70 - Updater plugin not ready yet. [1/15]
2026-07-10 17:52:18,130 [INFO] PluginManage:359 - Loaded plugin tools (category:base,tabindex:7)
2026-07-10 17:52:18,131 [INFO] PluginManage:310 - Check plugin tutovideos
2026-07-10 17:52:18,277 [INFO] PluginManage:359 - Loaded plugin tutovideos (category:base,tabindex:-1)
2026-07-10 17:52:18,277 [INFO] PluginManage:310 - Check plugin updater
2026-07-10 17:52:18,291 [INFO] PluginManage:359 - Loaded plugin updater (category:base,tabindex:12)
2026-07-10 17:52:18,291 [INFO] PluginManage:310 - Check plugin userauth
2026-07-10 17:52:18,294 [INFO] UserAuth:118 - Init User Auth plugin
2026-07-10 17:52:18,295 [INFO] PluginManage:359 - Loaded plugin userauth (category:base,tabindex:14)
2026-07-10 17:52:18,295 [INFO] PluginManage:283 - PluginManage : Loaded plugins [18]
2026-07-10 17:52:18,391 [INFO] PinOutPanel:1589 - setPackage(No Configuration,No Configuration)
2026-07-10 17:52:18,430 [INFO] CADModel:165 - CPN selected for project level
2026-07-10 17:52:18,430 [INFO] CADModel:114 - Register for checkConnection events
2026-07-10 17:52:18,437 [INFO] IPUIPlugin:80 - create IPUIPlugin
2026-07-10 17:52:18,437 [INFO] PluginManager:220 - loadIPPluginJar : add i2s
2026-07-10 17:52:18,440 [INFO] IPUIPlugin:80 - create IPUIPlugin
2026-07-10 17:52:18,441 [INFO] PluginManager:220 - loadIPPluginJar : add dma
2026-07-10 17:52:18,441 [INFO] IPUIPlugin:80 - create IPUIPlugin
2026-07-10 17:52:18,441 [INFO] PluginManager:220 - loadIPPluginJar : add tim
2026-07-10 17:52:18,442 [INFO] IPUIPlugin:80 - create IPUIPlugin
2026-07-10 17:52:18,442 [INFO] PluginManager:220 - loadIPPluginJar : add ltdc
2026-07-10 17:52:18,443 [INFO] IPUIPlugin:80 - create IPUIPlugin
2026-07-10 17:52:18,443 [INFO] PluginManager:220 - loadIPPluginJar : add quadspi
2026-07-10 17:52:18,447 [INFO] IPUIPlugin:80 - create IPUIPlugin
2026-07-10 17:52:18,447 [INFO] PluginManager:220 - loadIPPluginJar : add stm32_wpan
2026-07-10 17:52:18,448 [INFO] IPUIPlugin:80 - create IPUIPlugin
2026-07-10 17:52:18,448 [INFO] PluginManager:220 - loadIPPluginJar : add ddr_ctrl_phy
2026-07-10 17:52:18,449 [INFO] IPUIPlugin:80 - create IPUIPlugin
2026-07-10 17:52:18,449 [INFO] PluginManager:220 - loadIPPluginJar : add can
2026-07-10 17:52:18,452 [INFO] IPUIPlugin:80 - create IPUIPlugin
2026-07-10 17:52:18,452 [INFO] PluginManager:220 - loadIPPluginJar : add gic
2026-07-10 17:52:18,453 [INFO] IPUIPlugin:80 - create IPUIPlugin
2026-07-10 17:52:18,453 [INFO] PluginManager:220 - loadIPPluginJar : add spi
2026-07-10 17:52:18,454 [INFO] IPUIPlugin:80 - create IPUIPlugin
2026-07-10 17:52:18,454 [INFO] PluginManager:220 - loadIPPluginJar : add openamp
2026-07-10 17:52:18,455 [INFO] IPUIPlugin:80 - create IPUIPlugin
2026-07-10 17:52:18,455 [INFO] PluginManager:220 - loadIPPluginJar : add aes
2026-07-10 17:52:18,456 [INFO] IPUIPlugin:80 - create IPUIPlugin
2026-07-10 17:52:18,456 [INFO] PluginManager:220 - loadIPPluginJar : add gtzc
2026-07-10 17:52:18,460 [INFO] IPUIPlugin:80 - create IPUIPlugin
2026-07-10 17:52:18,460 [INFO] PluginManager:220 - loadIPPluginJar : add linkedlist
2026-07-10 17:52:18,461 [INFO] IPUIPlugin:80 - create IPUIPlugin
2026-07-10 17:52:18,461 [INFO] PluginManager:220 - loadIPPluginJar : add fatfs
2026-07-10 17:52:18,462 [INFO] IPUIPlugin:80 - create IPUIPlugin
2026-07-10 17:52:18,462 [INFO] PluginManager:220 - loadIPPluginJar : add dma3
2026-07-10 17:52:18,465 [INFO] IPUIPlugin:80 - create IPUIPlugin
2026-07-10 17:52:18,465 [INFO] PluginManager:220 - loadIPPluginJar : add mdma
2026-07-10 17:52:18,467 [INFO] IPUIPlugin:80 - create IPUIPlugin
2026-07-10 17:52:18,467 [INFO] PluginManager:220 - loadIPPluginJar : add resmgrutility
2026-07-10 17:52:18,467 [INFO] IPUIPlugin:80 - create IPUIPlugin
2026-07-10 17:52:18,467 [INFO] PluginManager:220 - loadIPPluginJar : add genericplugin
2026-07-10 17:52:18,468 [INFO] IPUIPlugin:80 - create IPUIPlugin
2026-07-10 17:52:18,468 [INFO] PluginManager:220 - loadIPPluginJar : add hash
2026-07-10 17:52:18,469 [INFO] IPUIPlugin:80 - create IPUIPlugin
2026-07-10 17:52:18,469 [INFO] PluginManager:220 - loadIPPluginJar : add lorawan
2026-07-10 17:52:18,470 [INFO] IPUIPlugin:80 - create IPUIPlugin
2026-07-10 17:52:18,470 [INFO] PluginManager:220 - loadIPPluginJar : add tracer_emb
2026-07-10 17:52:18,471 [INFO] IPUIPlugin:80 - create IPUIPlugin
2026-07-10 17:52:18,471 [INFO] PluginManager:220 - loadIPPluginJar : add extmemmanager
2026-07-10 17:52:18,473 [INFO] IPUIPlugin:80 - create IPUIPlugin
2026-07-10 17:52:18,473 [INFO] PluginManager:220 - loadIPPluginJar : add nvic
2026-07-10 17:52:18,475 [INFO] IPUIPlugin:80 - create IPUIPlugin
2026-07-10 17:52:18,475 [INFO] PluginManager:220 - loadIPPluginJar : add fmc
2026-07-10 17:52:18,477 [INFO] IPUIPlugin:80 - create IPUIPlugin
2026-07-10 17:52:18,477 [INFO] PluginManager:220 - loadIPPluginJar : add ipddr
2026-07-10 17:52:18,479 [INFO] IPUIPlugin:80 - create IPUIPlugin
2026-07-10 17:52:18,479 [INFO] PluginManager:220 - loadIPPluginJar : add gpio
2026-07-10 17:52:18,480 [INFO] IPUIPlugin:80 - create IPUIPlugin
2026-07-10 17:52:18,480 [INFO] PluginManager:220 - loadIPPluginJar : add ts
2026-07-10 17:52:18,482 [INFO] IPUIPlugin:80 - create IPUIPlugin
2026-07-10 17:52:18,483 [INFO] PluginManager:220 - loadIPPluginJar : add freertos
2026-07-10 17:52:18,483 [INFO] IPUIPlugin:80 - create IPUIPlugin
2026-07-10 17:52:18,484 [INFO] PluginManager:220 - loadIPPluginJar : add radio
2026-07-10 17:52:18,485 [INFO] IPUIPlugin:80 - create IPUIPlugin
2026-07-10 17:52:18,485 [INFO] PluginManager:220 - loadIPPluginJar : add gfxmmu
2026-07-10 17:52:18,486 [INFO] IPUIPlugin:80 - create IPUIPlugin
2026-07-10 17:52:18,486 [INFO] PluginManager:220 - loadIPPluginJar : add dfsdm
2026-07-10 17:52:18,487 [INFO] IPUIPlugin:80 - create IPUIPlugin
2026-07-10 17:52:18,487 [INFO] PluginManager:220 - loadIPPluginJar : add opamp
2026-07-10 17:52:18,488 [INFO] IPUIPlugin:80 - create IPUIPlugin
2026-07-10 17:52:18,488 [INFO] PluginManager:220 - loadIPPluginJar : add tsc
2026-07-10 17:52:18,489 [INFO] IPUIPlugin:80 - create IPUIPlugin
2026-07-10 17:52:18,489 [INFO] PluginManager:220 - loadIPPluginJar : add i3c
2026-07-10 17:52:18,490 [INFO] IPUIPlugin:80 - create IPUIPlugin
2026-07-10 17:52:18,490 [INFO] PluginManager:220 - loadIPPluginJar : add sai
2026-07-10 17:52:18,492 [INFO] IPUIPlugin:80 - create IPUIPlugin
2026-07-10 17:52:18,492 [INFO] PluginManager:220 - loadIPPluginJar : add touchsensing
2026-07-10 17:52:18,493 [INFO] IPUIPlugin:80 - create IPUIPlugin
2026-07-10 17:52:18,493 [INFO] PluginManager:220 - loadIPPluginJar : add cryp
2026-07-10 17:52:18,494 [INFO] IPUIPlugin:80 - create IPUIPlugin
2026-07-10 17:52:18,494 [INFO] PluginManager:220 - loadIPPluginJar : add pdm2pcm
2026-07-10 17:52:18,495 [INFO] IPUIPlugin:80 - create IPUIPlugin
2026-07-10 17:52:18,495 [INFO] PluginManager:220 - loadIPPluginJar : add comp
2026-07-10 17:52:18,496 [INFO] IPUIPlugin:80 - create IPUIPlugin
2026-07-10 17:52:18,496 [INFO] PluginManager:220 - loadIPPluginJar : add usart
2026-07-10 17:52:18,497 [INFO] IPUIPlugin:80 - create IPUIPlugin
2026-07-10 17:52:18,497 [INFO] PluginManager:220 - loadIPPluginJar : add ucpd
2026-07-10 17:52:18,498 [INFO] IPUIPlugin:80 - create IPUIPlugin
2026-07-10 17:52:18,498 [INFO] PluginManager:220 - loadIPPluginJar : add i2c
2026-07-10 17:52:18,499 [INFO] IPUIPlugin:80 - create IPUIPlugin
2026-07-10 17:52:18,499 [INFO] PluginManager:220 - loadIPPluginJar : add usbx
2026-07-10 17:52:18,502 [INFO] IPUIPlugin:80 - create IPUIPlugin
2026-07-10 17:52:18,502 [INFO] PluginManager:220 - loadIPPluginJar : add adc
2026-07-10 17:52:18,505 [INFO] IPUIPlugin:80 - create IPUIPlugin
2026-07-10 17:52:18,507 [INFO] PluginManager:220 - loadIPPluginJar : add plateformsettings
2026-07-10 17:52:18,598 [FATAL] Updater:351 - Updater called before beeing initialized
2026-07-10 17:52:18,625 [INFO] RulesReader:64 - Compatibility file has been processed (317 Rules)
2026-07-10 17:52:18,632 [INFO] RulesReader:64 - Compatibility file has been processed (317 Rules)
2026-07-10 17:52:18,637 [INFO] CADModel:165 - CPN selected for project level
2026-07-10 17:52:18,637 [INFO] CADModel:114 - Register for checkConnection events
2026-07-10 17:52:18,637 [FATAL] Updater:351 - Updater called before beeing initialized
2026-07-10 17:52:18,638 [ERROR] CADModel:125 - Updater not yet initialized, retry later 
2026-07-10 17:52:18,708 [FATAL] Updater:351 - Updater called before beeing initialized
2026-07-10 17:52:18,709 [INFO] CADModel:165 - CPN selected for project level
2026-07-10 17:52:18,709 [INFO] CADModel:114 - Register for checkConnection events
2026-07-10 17:52:18,709 [FATAL] Updater:351 - Updater called before beeing initialized
2026-07-10 17:52:18,709 [ERROR] CADModel:125 - Updater not yet initialized, retry later 
2026-07-10 17:52:18,711 [FATAL] Updater:351 - Updater called before beeing initialized
2026-07-10 17:52:18,755 [FATAL] Updater:351 - Updater called before beeing initialized
2026-07-10 17:52:18,758 [INFO] DbMcusAds:53 - JSON generation date=Thu May 28 21:38:16 IST 2026 (1779984496462)
2026-07-10 17:52:18,758 [FATAL] Updater:351 - Updater called before beeing initialized
2026-07-10 17:52:18,779 [WARN] DetailPanel:346 - Failed to get advertising image, set to default
2026-07-10 17:52:18,830 [FATAL] Updater:351 - Updater called before beeing initialized
2026-07-10 17:52:18,831 [FATAL] Updater:351 - Updater called before beeing initialized
2026-07-10 17:52:18,832 [FATAL] Updater:351 - Updater called before beeing initialized
2026-07-10 17:52:18,832 [WARN] DetailPanel:346 - Failed to get advertising image, set to default
2026-07-10 17:52:18,832 [FATAL] Updater:351 - Updater called before beeing initialized
2026-07-10 17:52:18,856 [ERROR] Updater:1198 - MainUpdater not yet initialized. External WinMGr cannot be set.
2026-07-10 17:52:18,857 [INFO] Updater:1134 - Updater Version found : 6.15.0
2026-07-10 17:52:18,870 [INFO] ApplicationProperties:184 - Using Application install path: /opt/st/stm32cubeide_1.19.0/plugins/com.st.stm32cube.common.mx_6.15.0.202507011659
2026-07-10 17:52:19,166 [INFO] MainUpdater:2872 - connection check result : 10
2026-07-10 17:52:19,167 [INFO] MainUpdater:289 - Updater Check For Update Now.
2026-07-10 17:52:19,167 [INFO] MicroXplorer:498 - Change Database Version : DB.6.0.150
2026-07-10 17:52:19,374 [INFO] CheckServerUpdateThread:120 - End of CheckServer Thread
2026-07-10 17:52:19,386 [INFO] MainUpdater:2872 - connection check result : 10
2026-07-10 17:52:19,387 [INFO] MainUpdater:2872 - connection check result : 10
2026-07-10 17:52:21,218 [WARN] PackLoader:240 - Cannot read IP mode file for STMicroelectronics.X-CUBE-AZRTOS-H7.3.5.0
2026-07-10 17:52:21,225 [WARN] PackLoader:240 - Cannot read IP mode file for STMicroelectronics.FP-ATR-ASTRA1.2.0.2
2026-07-10 17:52:21,229 [ERROR] Engine:466 - /home/anton/.stm32cubemx/thirdparties/pdsc/STMicroelectronics.X-CUBE-SMBUS.2.1.1.pdsc: PDSC version is not supported
2026-07-10 17:52:21,242 [WARN] PackLoader:240 - Cannot read IP mode file for STMicroelectronics.X-CUBE-AZRTOS-F7.1.1.0
2026-07-10 17:52:21,249 [WARN] PackLoader:240 - Cannot read IP mode file for STMicroelectronics.X-CUBE-FREERTOS.1.6.0
2026-07-10 17:52:21,252 [WARN] PackLoader:240 - Cannot read IP mode file for STMicroelectronics.FP-SNS-MOTENV1.5.1.0
2026-07-10 17:52:21,267 [WARN] PackLoader:240 - Cannot read IP mode file for STMicroelectronics.X-CUBE-AZRTOS-H7RS.1.3.0
2026-07-10 17:52:21,274 [WARN] PackLoader:240 - Cannot read IP mode file for WES.I-CUBE-Cesium.1.4.0
2026-07-10 17:52:21,278 [WARN] PackLoader:240 - Cannot read IP mode file for STMicroelectronics.X-CUBE-DISPLAY.3.0.0
2026-07-10 17:52:21,284 [WARN] PackLoader:240 - Cannot read IP mode file for STMicroelectronics.X-CUBE-GNSS1.7.1.1
2026-07-10 17:52:21,287 [WARN] PackLoader:240 - Cannot read IP mode file for STMicroelectronics.FP-SNS-MOTENVWB1.1.5.0
2026-07-10 17:52:21,289 [WARN] PackLoader:240 - Cannot read IP mode file for wolfSSL.I-CUBE-wolfSSL.5.9.1
2026-07-10 17:52:21,292 [WARN] PackLoader:240 - Cannot read IP mode file for STMicroelectronics.X-CUBE-NFC10.1.0.0
2026-07-10 17:52:21,295 [WARN] PackLoader:240 - Cannot read IP mode file for STMicroelectronics.X-CUBE-ST60.1.1.0
2026-07-10 17:52:21,298 [WARN] PackLoader:240 - Cannot read IP mode file for emotas.I-CUBE-CANOPEN.1.3.0
2026-07-10 17:52:21,299 [ERROR] Engine:466 - /home/anton/.stm32cubemx/thirdparties/pdsc/STMicroelectronics.X-CUBE-WBA.1.1.0.pdsc: PDSC version is not supported
2026-07-10 17:52:21,302 [WARN] PackLoader:240 - Cannot read IP mode file for STMicroelectronics.FP-SNS-STBOX1.2.1.0
2026-07-10 17:52:21,311 [WARN] PackLoader:240 - Cannot read IP mode file for STMicroelectronics.FP-SNS-SMARTAG2.1.2.0
2026-07-10 17:52:21,314 [WARN] PackLoader:240 - Cannot read IP mode file for STMicroelectronics.FP-SNS-FLIGHT1.5.1.0
2026-07-10 17:52:21,322 [INFO] LogOutputStream:77 - [STDOUT_REDIRECT] 1 : Invalid condition id : UX_CORESTACK_Condition cause : null
2026-07-10 17:52:21,322 [INFO] LogOutputStream:77 - [STDOUT_REDIRECT] 1 : Invalid condition id : UX_CORESTACK_Condition cause : null
2026-07-10 17:52:21,323 [INFO] LogOutputStream:77 - [STDOUT_REDIRECT] 1 : Invalid condition id : UX_CORESTACK_Condition cause : null
2026-07-10 17:52:21,323 [INFO] LogOutputStream:77 - [STDOUT_REDIRECT] 1 : Invalid condition id : UX_CORESTACK_Condition cause : null
2026-07-10 17:52:21,323 [INFO] LogOutputStream:77 - [STDOUT_REDIRECT] 1 : Invalid condition id : UX_CORESTACK_Condition cause : null
2026-07-10 17:52:21,326 [WARN] PackLoader:240 - Cannot read IP mode file for STMicroelectronics.X-CUBE-AZRTOS-WL.2.0.0
2026-07-10 17:52:21,330 [WARN] PackLoader:240 - Cannot read IP mode file for STMicroelectronics.X-CUBE-BLE2.3.3.0
2026-07-10 17:52:21,348 [WARN] PackLoader:240 - Cannot read IP mode file for Infineon.AIROC-Wi-Fi-Bluetooth-STM32.1.8.0
2026-07-10 17:52:21,353 [WARN] PackLoader:240 - Cannot read IP mode file for STMicroelectronics.X-CUBE-NFC9.1.0.0
2026-07-10 17:52:21,356 [WARN] PackLoader:240 - Cannot read IP mode file for STMicroelectronics.X-CUBE-BLE1.7.1.0
2026-07-10 17:52:21,358 [WARN] PackLoader:240 - Cannot read IP mode file for wolfSSL.I-CUBE-wolfMQTT.1.19.2
2026-07-10 17:52:21,360 [WARN] PackLoader:240 - Cannot read IP mode file for STMicroelectronics.X-CUBE-EEPRMA1.5.2.0
2026-07-10 17:52:21,364 [WARN] PackLoader:240 - Cannot read IP mode file for STMicroelectronics.FP-SNS-STAIOTCFT.1.1.0
2026-07-10 17:52:21,371 [WARN] PackLoader:240 - Cannot read IP mode file for STMicroelectronics.X-CUBE-AZRTOS-G0.1.1.0
2026-07-10 17:52:21,374 [WARN] PackLoader:240 - Cannot read IP mode file for STMicroelectronics.X-CUBE-NFC4.3.0.0
2026-07-10 17:52:21,378 [WARN] PackLoader:240 - Cannot read IP mode file for EmbeddedOffice.I-CUBE-FS-RTOS.1.0.1
2026-07-10 17:52:21,380 [WARN] PackLoader:240 - Cannot read IP mode file for wolfSSL.I-CUBE-wolfTPM.3.8.0
2026-07-10 17:52:21,383 [WARN] PackLoader:240 - Cannot read IP mode file for STMicroelectronics.X-CUBE-TCPP.4.2.0
2026-07-10 17:52:21,385 [WARN] PackLoader:240 - Cannot read IP mode file for RealThread.X-CUBE-RT-Thread_Nano.4.1.1
2026-07-10 17:52:21,387 [WARN] PackLoader:240 - Cannot read IP mode file for STMicroelectronics.FP-ATR-SIGFOX1.3.2.0
2026-07-10 17:52:21,389 [WARN] PackLoader:240 - Cannot read IP mode file for ITTIA_DB.I-CUBE-ITTIADB.8.9.0
2026-07-10 17:52:21,390 [WARN] PackLoader:240 - Cannot read IP mode file for Cesanta.I-CUBE-Mongoose.7.21.7
2026-07-10 17:52:21,393 [WARN] PackLoader:240 - Cannot read IP mode file for STMicroelectronics.X-CUBE-NFC6.3.2.0
2026-07-10 17:52:21,396 [WARN] PackLoader:240 - Cannot read IP mode file for STMicroelectronics.X-CUBE-AI.10.2.1
2026-07-10 17:52:21,418 [WARN] PackLoader:240 - Cannot read IP mode file for STMicroelectronics.X-CUBE-MEMS1.12.1.0
2026-07-10 17:52:21,497 [WARN] PackLoader:240 - Cannot read IP mode file for SEGGER.I-CUBE-embOS.1.3.1
2026-07-10 17:52:21,520 [WARN] PackLoader:240 - Cannot read IP mode file for STMicroelectronics.X-CUBE-NFC13.1.0.0
2026-07-10 17:52:21,522 [WARN] PackLoader:240 - Cannot read IP mode file for STMicroelectronics.X-CUBE-PM33A1.1.0.0
2026-07-10 17:52:21,529 [WARN] PackLoader:240 - Cannot read IP mode file for STMicroelectronics.X-CUBE-AZRTOS-F4.1.1.0
2026-07-10 17:52:21,532 [WARN] PackLoader:240 - Cannot read IP mode file for STMicroelectronics.X-CUBE-ISPU.2.1.0
2026-07-10 17:52:21,539 [WARN] PackLoader:240 - Cannot read IP mode file for STMicroelectronics.X-CUBE-IPS.3.2.0
2026-07-10 17:52:21,544 [WARN] PackLoader:240 - Cannot read IP mode file for STMicroelectronics.eDS-WB_DPC_TT-BIDIR.2.1.1
2026-07-10 17:52:21,547 [WARN] PackLoader:240 - Cannot read IP mode file for STMicroelectronics.X-CUBE-NFC12.1.0.0
2026-07-10 17:52:21,554 [WARN] PackLoader:240 - Cannot read IP mode file for STMicroelectronics.X-CUBE-AZRTOS-L5.2.0.0
2026-07-10 17:52:21,559 [WARN] PackLoader:240 - Cannot read IP mode file for STMicroelectronics.X-CUBE-ALGOBUILD.1.5.0
2026-07-10 17:52:21,560 [WARN] PackLoader:240 - Cannot read IP mode file for STMicroelectronics.eDS-WB_DPC_VIENNA.1.2.0
2026-07-10 17:52:21,561 [WARN] PackLoader:240 - Cannot read IP mode file for STMicroelectronics.eDS-WB_DPC_3PH2L-BIDIR.1.1.1
2026-07-10 17:52:21,563 [ERROR] Engine:466 - /home/anton/.stm32cubemx/thirdparties/pdsc/STMicroelectronics.X-CUBE-ST67W61.1.3.0.pdsc: PDSC version is not supported
2026-07-10 17:52:21,564 [WARN] PackLoader:240 - Cannot read IP mode file for STMicroelectronics.X-CUBE-TOUCHGFX.4.26.1
2026-07-10 17:52:21,566 [WARN] PackLoader:240 - Cannot read IP mode file for STMicroelectronics.X-CUBE-DPower.1.3.0
2026-07-10 17:52:21,574 [WARN] ConditionMgr:438 - getConditionDescription Invalid condition id : LAN8742 Phy interface Condition cause : null
2026-07-10 17:52:21,574 [WARN] PackLoader:240 - Cannot read IP mode file for STMicroelectronics.X-CUBE-AZRTOS-L4.2.0.0
2026-07-10 17:52:21,575 [WARN] ConditionMgr:1044 - genDependencies : Invalid condition id : LAN8742 Phy interface Condition cause : null
2026-07-10 17:52:21,575 [WARN] ConditionMgr:1044 - genDependencies : Invalid condition id : LAN8742 Phy interface Condition cause : null
2026-07-10 17:52:21,575 [WARN] ConditionMgr:1044 - genDependencies : Invalid condition id : LAN8742 Phy interface Condition cause : null
2026-07-10 17:52:21,578 [WARN] PackLoader:240 - Cannot read IP mode file for STMicroelectronics.X-CUBE-SFXS2LP1.4.0.0
2026-07-10 17:52:21,581 [WARN] PackLoader:240 - Cannot read IP mode file for STMicroelectronics.X-CUBE-WB05N.2.1.0
2026-07-10 17:52:21,586 [WARN] ConditionMgr:438 - getConditionDescription Invalid condition id : UX DEVICE CLASS RTOS Condition cause : null
2026-07-10 17:52:21,586 [WARN] ConditionMgr:438 - getConditionDescription Invalid condition id : UX DEVICE CLASS RTOS Condition cause : null
2026-07-10 17:52:21,587 [WARN] PackLoader:240 - Cannot read IP mode file for STMicroelectronics.X-CUBE-AZRTOS-WB.2.0.0
2026-07-10 17:52:21,588 [WARN] ConditionMgr:1044 - genDependencies : Invalid condition id : UX DEVICE CLASS RTOS Condition cause : null
2026-07-10 17:52:21,588 [WARN] ConditionMgr:1044 - genDependencies : Invalid condition id : UX DEVICE CLASS RTOS Condition cause : null
2026-07-10 17:52:21,588 [WARN] ConditionMgr:1044 - genDependencies : Invalid condition id : UX DEVICE CLASS RTOS Condition cause : null
2026-07-10 17:52:21,588 [WARN] ConditionMgr:1044 - genDependencies : Invalid condition id : UX DEVICE CLASS RTOS Condition cause : null
2026-07-10 17:52:21,588 [WARN] ConditionMgr:1044 - genDependencies : Invalid condition id : UX DEVICE CLASS RTOS Condition cause : null
2026-07-10 17:52:21,590 [WARN] ConditionMgr:438 - getConditionDescription Invalid condition id : Cortex-A Device cause : null
2026-07-10 17:52:21,594 [WARN] ConditionMgr:1044 - genDependencies : Invalid condition id : Cortex-A Device cause : null
2026-07-10 17:52:21,595 [WARN] ConditionMgr:1044 - genDependencies : Invalid condition id : Cortex-A Device cause : null
2026-07-10 17:52:21,595 [WARN] ConditionMgr:1044 - genDependencies : Invalid condition id : Cortex-A Device cause : null
2026-07-10 17:52:21,598 [WARN] PackLoader:240 - Cannot read IP mode file for STMicroelectronics.X-CUBE-STSE01.2.0.0
2026-07-10 17:52:21,615 [WARN] PackLoader:240 - Cannot read IP mode file for STMicroelectronics.X-CUBE-SUBG2.5.0.0
2026-07-10 17:52:21,632 [WARN] PackLoader:240 - Cannot read IP mode file for STMicroelectronics.X-CUBE-AZRTOS-G4.2.0.0
2026-07-10 17:52:21,635 [WARN] PackLoader:240 - Cannot read IP mode file for wolfSSL.I-CUBE-wolfSSH.1.4.20
2026-07-10 17:52:21,638 [WARN] PackLoader:240 - Cannot read IP mode file for STMicroelectronics.X-CUBE-NFC7.2.0.0
2026-07-10 17:52:21,642 [ERROR] Engine:466 - /home/anton/.stm32cubemx/thirdparties/pdsc/STMicroelectronics.X-CUBE-BLEMGR.4.2.0.pdsc: PDSC version is not supported
2026-07-10 17:52:21,644 [WARN] PackLoader:240 - Cannot read IP mode file for STMicroelectronics.X-CUBE-ALS.1.0.2
2026-07-10 17:52:21,653 [WARN] PackLoader:240 - Cannot read IP mode file for STMicroelectronics.X-CUBE-TOF1.3.4.3
2026-07-10 17:52:21,663 [INFO] ThirdParty:978 - Integrity check success = true
2026-07-10 17:52:21,663 [INFO] IntegrityCheckThread:100 - exiting critical section [integrity check]
2026-07-10 17:52:21,663 [INFO] IntegrityCheckThread:103 - End integrity checks thread
2026-07-10 17:55:14,075 [INFO] Activator:176 - 


2026-07-10 17:55:14,077 [INFO] Activator:177 - !SESSION log4j initialized
2026-07-10 17:55:15,287 [INFO] ApplicationProperties:184 - Using Application install path: /opt/st/stm32cubeide_1.19.0/plugins/com.st.stm32cube.common.mx_6.15.0.202507011659
2026-07-10 17:55:15,295 [INFO] DbMcusXml:78 - Set database path to: /opt/st/stm32cubeide_1.19.0/plugins/com.st.stm32cube.common.mx_6.15.0.202507011659//db//mcu/
2026-07-10 17:55:15,296 [INFO] ApiDb:274 - Set plugin database path to: /opt/st/stm32cubeide_1.19.0/plugins/com.st.stm32cube.common.mx_6.15.0.202507011659//db//plugins/boardmanager/
2026-07-10 17:55:15,296 [WARN] ApiDb:259 - Overriding images path with different value:  => /opt/st/stm32cubeide_1.19.0/plugins/com.st.stm32cube.common.mx_6.15.0.202507011659//db//plugins/mcufinder/images/
2026-07-10 17:55:15,298 [INFO] ApiDb:250 - Set database path to: /home/anton/.stmcufinder/plugins/mcufinder//mcu/
2026-07-10 17:55:15,298 [INFO] DbMcusAds:125 - Set database path to: /home/anton/.stmcufinder/plugins/mcufinder//mcu/
2026-07-10 17:55:15,436 [INFO] CrossReferenceDbSqlite:203 - Set database path to: /home/anton/.stmcufinder/plugins/mcufinder//mcu/cs/
2026-07-10 17:55:15,509 [INFO] RulesReader:64 - Compatibility file has been processed (317 Rules)
2026-07-10 17:55:15,544 [INFO] DbMcusXml:78 - Set database path to: /opt/st/stm32cubeide_1.19.0/plugins/com.st.stm32cube.common.mx_6.15.0.202507011659//db//mcu/
2026-07-10 17:55:15,545 [INFO] ApiDb:274 - Set plugin database path to: /opt/st/stm32cubeide_1.19.0/plugins/com.st.stm32cube.common.mx_6.15.0.202507011659//db//plugins/boardmanager/
2026-07-10 17:55:15,545 [INFO] ApiDb:261 - Set plugin images path to: /opt/st/stm32cubeide_1.19.0/plugins/com.st.stm32cube.common.mx_6.15.0.202507011659//db//plugins/mcufinder/images/
2026-07-10 17:55:15,545 [WARN] DbFile:41 - Overriding database path with different value: /home/anton/.stmcufinder/plugins/mcufinder/ => /home/anton/.stmcufinder/plugins/mcufinder
2026-07-10 17:55:15,545 [INFO] ApiDb:250 - Set database path to: /home/anton/.stmcufinder/plugins/mcufinder//mcu/
2026-07-10 17:55:15,545 [WARN] DbFile:41 - Overriding database path with different value: /home/anton/.stmcufinder/plugins/mcufinder/ => /home/anton/.stmcufinder/plugins/mcufinder
2026-07-10 17:55:15,545 [INFO] DbMcusAds:125 - Set database path to: /home/anton/.stmcufinder/plugins/mcufinder//mcu/
2026-07-10 17:55:15,545 [WARN] DbFile:41 - Overriding database path with different value: /home/anton/.stmcufinder/plugins/mcufinder/ => /home/anton/.stmcufinder/plugins/mcufinder
2026-07-10 17:55:15,545 [WARN] DbFile:41 - Overriding database path with different value: /home/anton/.stmcufinder/plugins/mcufinder/ => /home/anton/.stmcufinder/plugins/mcufinder
2026-07-10 17:55:15,545 [INFO] CrossReferenceDbSqlite:203 - Set database path to: /home/anton/.stmcufinder/plugins/mcufinder//mcu/cs/
2026-07-10 17:55:15,577 [INFO] MainPanel:274 - HeapMemory: 268435456
2026-07-10 17:55:15,628 [INFO] DbMcusXml:78 - Set database path to: /opt/st/stm32cubeide_1.19.0/plugins/com.st.stm32cube.common.mx_6.15.0.202507011659//db//mcu/
2026-07-10 17:55:15,628 [INFO] ApiDb:274 - Set plugin database path to: /opt/st/stm32cubeide_1.19.0/plugins/com.st.stm32cube.common.mx_6.15.0.202507011659//db//plugins/boardmanager/
2026-07-10 17:55:15,628 [INFO] ApiDb:261 - Set plugin images path to: /opt/st/stm32cubeide_1.19.0/plugins/com.st.stm32cube.common.mx_6.15.0.202507011659//db//plugins/mcufinder/images/
2026-07-10 17:55:15,629 [WARN] DbFile:41 - Overriding database path with different value: /home/anton/.stmcufinder/plugins/mcufinder/ => /home/anton/.stmcufinder/plugins/mcufinder
2026-07-10 17:55:15,629 [INFO] ApiDb:250 - Set database path to: /home/anton/.stmcufinder/plugins/mcufinder//mcu/
2026-07-10 17:55:15,629 [WARN] DbFile:41 - Overriding database path with different value: /home/anton/.stmcufinder/plugins/mcufinder/ => /home/anton/.stmcufinder/plugins/mcufinder
2026-07-10 17:55:15,629 [INFO] DbMcusAds:125 - Set database path to: /home/anton/.stmcufinder/plugins/mcufinder//mcu/
2026-07-10 17:55:15,629 [WARN] DbFile:41 - Overriding database path with different value: /home/anton/.stmcufinder/plugins/mcufinder/ => /home/anton/.stmcufinder/plugins/mcufinder
2026-07-10 17:55:15,629 [WARN] DbFile:41 - Overriding database path with different value: /home/anton/.stmcufinder/plugins/mcufinder/ => /home/anton/.stmcufinder/plugins/mcufinder
2026-07-10 17:55:15,629 [INFO] CrossReferenceDbSqlite:203 - Set database path to: /home/anton/.stmcufinder/plugins/mcufinder//mcu/cs/
2026-07-10 17:55:15,637 [INFO] ApplicationProperties:184 - Using Application install path: /opt/st/stm32cubeide_1.19.0/plugins/com.st.stm32cube.common.mx_6.15.0.202507011659
2026-07-10 17:55:15,637 [INFO] PluginManage:196 - Search for loadable plugins [exclusion list=, ]
2026-07-10 17:55:15,638 [INFO] PluginManage:310 - Check plugin analytics
2026-07-10 17:55:15,815 [INFO] AnalyticsPlugin:253 - Accepted Software Licenses: STM32CubeMX.6.16.0
2026-07-10 17:55:15,815 [INFO] AnalyticsPlugin:255 - Accepted CMSIS Pack Licenses: 
2026-07-10 17:55:15,815 [INFO] AnalyticsPlugin:257 - Accepted Firmware Licenses: 
2026-07-10 17:55:15,817 [INFO] PluginManage:359 - Loaded plugin analytics (category:tool,tabindex:-1)
2026-07-10 17:55:15,817 [INFO] PluginManage:310 - Check plugin cadmodel
2026-07-10 17:55:15,820 [INFO] CADModel:105 - Init CAD model plugin
2026-07-10 17:55:15,821 [INFO] PluginManage:359 - Loaded plugin cadmodel (category:power,tabindex:5)
2026-07-10 17:55:15,821 [INFO] PluginManage:310 - Check plugin clock
2026-07-10 17:55:15,828 [INFO] PluginManage:359 - Loaded plugin clock (category:base,tabindex:2)
2026-07-10 17:55:15,828 [INFO] PluginManage:310 - Check plugin ddr
2026-07-10 17:55:15,829 [INFO] PluginManage:359 - Loaded plugin ddr (category:tool,tabindex:6)
2026-07-10 17:55:15,830 [INFO] PluginManage:310 - Check plugin filemanager
2026-07-10 17:55:15,923 [INFO] PluginManage:359 - Loaded plugin filemanager (category:base,tabindex:10)
2026-07-10 17:55:15,923 [INFO] PluginManage:310 - Check plugin ipmanager
2026-07-10 17:55:15,926 [INFO] PluginManage:359 - Loaded plugin ipmanager (category:base,tabindex:5)
2026-07-10 17:55:15,926 [INFO] PluginManage:310 - Check plugin lpbam
2026-07-10 17:55:15,932 [INFO] PluginManage:359 - Loaded plugin lpbam (category:base,tabindex:0)
2026-07-10 17:55:15,932 [INFO] PluginManage:310 - Check plugin memorymap
2026-07-10 17:55:15,939 [INFO] PluginManage:359 - Loaded plugin memorymap (category:base,tabindex:4)
2026-07-10 17:55:15,939 [INFO] PluginManage:310 - Check plugin pinoutandconfiguration
2026-07-10 17:55:15,944 [INFO] PluginManage:359 - Loaded plugin pinoutandconfiguration (category:base,tabindex:1)
2026-07-10 17:55:15,944 [INFO] PluginManage:310 - Check plugin pinoutconfig
2026-07-10 17:55:15,996 [WARN] SupportedApi:132 - Cannot load RTOS API schema: s4s-elt-must-match.1: The content of 'definitions' must match (annotation?, (simpleType | complexType)?, (unique | key | keyref)*)). A problem was found starting at: attribute.
2026-07-10 17:55:16,064 [INFO] PluginManage:359 - Loaded plugin pinoutconfig (category:base,tabindex:0)
2026-07-10 17:55:16,064 [INFO] PluginManage:310 - Check plugin power
2026-07-10 17:55:16,068 [INFO] PluginManage:359 - Loaded plugin power (category:power,tabindex:4)
2026-07-10 17:55:16,068 [INFO] PluginManage:310 - Check plugin projectmanager
2026-07-10 17:55:16,077 [INFO] PluginManage:359 - Loaded plugin projectmanager (category:projectmanager,tabindex:4)
2026-07-10 17:55:16,077 [INFO] PluginManage:310 - Check plugin rif
2026-07-10 17:55:16,082 [INFO] PluginManage:359 - Loaded plugin rif (category:base,tabindex:3)
2026-07-10 17:55:16,082 [INFO] PluginManage:310 - Check plugin thirdparty
2026-07-10 17:55:16,153 [INFO] PluginManage:359 - Loaded plugin thirdparty (category:base,tabindex:-1)
2026-07-10 17:55:16,153 [WARN] IntegrityCheckThread:84 - waiting for thirdparty lock release [integrity check]
2026-07-10 17:55:16,154 [INFO] PluginManage:310 - Check plugin tools
2026-07-10 17:55:16,154 [INFO] IntegrityCheckThread:86 - entering critical section [integrity check]
2026-07-10 17:55:16,154 [INFO] ThirdPartyUpdaterWithRetryManager:70 - Updater plugin not ready yet. [1/15]
2026-07-10 17:55:16,155 [INFO] PluginManage:359 - Loaded plugin tools (category:base,tabindex:7)
2026-07-10 17:55:16,155 [INFO] PluginManage:310 - Check plugin tutovideos
2026-07-10 17:55:16,303 [INFO] PluginManage:359 - Loaded plugin tutovideos (category:base,tabindex:-1)
2026-07-10 17:55:16,303 [INFO] PluginManage:310 - Check plugin updater
2026-07-10 17:55:16,318 [INFO] PluginManage:359 - Loaded plugin updater (category:base,tabindex:12)
2026-07-10 17:55:16,318 [INFO] PluginManage:310 - Check plugin userauth
2026-07-10 17:55:16,320 [INFO] UserAuth:118 - Init User Auth plugin
2026-07-10 17:55:16,321 [INFO] PluginManage:359 - Loaded plugin userauth (category:base,tabindex:14)
2026-07-10 17:55:16,321 [INFO] PluginManage:283 - PluginManage : Loaded plugins [18]
2026-07-10 17:55:16,425 [INFO] PinOutPanel:1589 - setPackage(No Configuration,No Configuration)
2026-07-10 17:55:16,465 [INFO] CADModel:165 - CPN selected for project level
2026-07-10 17:55:16,465 [INFO] CADModel:114 - Register for checkConnection events
2026-07-10 17:55:16,472 [INFO] IPUIPlugin:80 - create IPUIPlugin
2026-07-10 17:55:16,472 [INFO] PluginManager:220 - loadIPPluginJar : add i2s
2026-07-10 17:55:16,476 [INFO] IPUIPlugin:80 - create IPUIPlugin
2026-07-10 17:55:16,476 [INFO] PluginManager:220 - loadIPPluginJar : add dma
2026-07-10 17:55:16,477 [INFO] IPUIPlugin:80 - create IPUIPlugin
2026-07-10 17:55:16,478 [INFO] PluginManager:220 - loadIPPluginJar : add tim
2026-07-10 17:55:16,478 [INFO] IPUIPlugin:80 - create IPUIPlugin
2026-07-10 17:55:16,478 [INFO] PluginManager:220 - loadIPPluginJar : add ltdc
2026-07-10 17:55:16,479 [INFO] IPUIPlugin:80 - create IPUIPlugin
2026-07-10 17:55:16,479 [INFO] PluginManager:220 - loadIPPluginJar : add quadspi
2026-07-10 17:55:16,484 [INFO] IPUIPlugin:80 - create IPUIPlugin
2026-07-10 17:55:16,484 [INFO] PluginManager:220 - loadIPPluginJar : add stm32_wpan
2026-07-10 17:55:16,485 [INFO] IPUIPlugin:80 - create IPUIPlugin
2026-07-10 17:55:16,486 [INFO] PluginManager:220 - loadIPPluginJar : add ddr_ctrl_phy
2026-07-10 17:55:16,487 [INFO] IPUIPlugin:80 - create IPUIPlugin
2026-07-10 17:55:16,487 [INFO] PluginManager:220 - loadIPPluginJar : add can
2026-07-10 17:55:16,490 [INFO] IPUIPlugin:80 - create IPUIPlugin
2026-07-10 17:55:16,490 [INFO] PluginManager:220 - loadIPPluginJar : add gic
2026-07-10 17:55:16,491 [INFO] IPUIPlugin:80 - create IPUIPlugin
2026-07-10 17:55:16,491 [INFO] PluginManager:220 - loadIPPluginJar : add spi
2026-07-10 17:55:16,492 [INFO] IPUIPlugin:80 - create IPUIPlugin
2026-07-10 17:55:16,492 [INFO] PluginManager:220 - loadIPPluginJar : add openamp
2026-07-10 17:55:16,494 [INFO] IPUIPlugin:80 - create IPUIPlugin
2026-07-10 17:55:16,494 [INFO] PluginManager:220 - loadIPPluginJar : add aes
2026-07-10 17:55:16,495 [INFO] IPUIPlugin:80 - create IPUIPlugin
2026-07-10 17:55:16,495 [INFO] PluginManager:220 - loadIPPluginJar : add gtzc
2026-07-10 17:55:16,500 [INFO] IPUIPlugin:80 - create IPUIPlugin
2026-07-10 17:55:16,500 [INFO] PluginManager:220 - loadIPPluginJar : add linkedlist
2026-07-10 17:55:16,501 [INFO] IPUIPlugin:80 - create IPUIPlugin
2026-07-10 17:55:16,501 [INFO] PluginManager:220 - loadIPPluginJar : add fatfs
2026-07-10 17:55:16,502 [INFO] IPUIPlugin:80 - create IPUIPlugin
2026-07-10 17:55:16,502 [INFO] PluginManager:220 - loadIPPluginJar : add dma3
2026-07-10 17:55:16,505 [INFO] IPUIPlugin:80 - create IPUIPlugin
2026-07-10 17:55:16,505 [INFO] PluginManager:220 - loadIPPluginJar : add mdma
2026-07-10 17:55:16,506 [INFO] IPUIPlugin:80 - create IPUIPlugin
2026-07-10 17:55:16,506 [INFO] PluginManager:220 - loadIPPluginJar : add resmgrutility
2026-07-10 17:55:16,507 [INFO] IPUIPlugin:80 - create IPUIPlugin
2026-07-10 17:55:16,507 [INFO] PluginManager:220 - loadIPPluginJar : add genericplugin
2026-07-10 17:55:16,508 [INFO] IPUIPlugin:80 - create IPUIPlugin
2026-07-10 17:55:16,508 [INFO] PluginManager:220 - loadIPPluginJar : add hash
2026-07-10 17:55:16,509 [INFO] IPUIPlugin:80 - create IPUIPlugin
2026-07-10 17:55:16,509 [INFO] PluginManager:220 - loadIPPluginJar : add lorawan
2026-07-10 17:55:16,510 [INFO] IPUIPlugin:80 - create IPUIPlugin
2026-07-10 17:55:16,510 [INFO] PluginManager:220 - loadIPPluginJar : add tracer_emb
2026-07-10 17:55:16,511 [INFO] IPUIPlugin:80 - create IPUIPlugin
2026-07-10 17:55:16,511 [INFO] PluginManager:220 - loadIPPluginJar : add extmemmanager
2026-07-10 17:55:16,512 [INFO] IPUIPlugin:80 - create IPUIPlugin
2026-07-10 17:55:16,513 [INFO] PluginManager:220 - loadIPPluginJar : add nvic
2026-07-10 17:55:16,515 [INFO] IPUIPlugin:80 - create IPUIPlugin
2026-07-10 17:55:16,515 [INFO] PluginManager:220 - loadIPPluginJar : add fmc
2026-07-10 17:55:16,516 [INFO] IPUIPlugin:80 - create IPUIPlugin
2026-07-10 17:55:16,516 [INFO] PluginManager:220 - loadIPPluginJar : add ipddr
2026-07-10 17:55:16,518 [INFO] IPUIPlugin:80 - create IPUIPlugin
2026-07-10 17:55:16,518 [INFO] PluginManager:220 - loadIPPluginJar : add gpio
2026-07-10 17:55:16,519 [INFO] IPUIPlugin:80 - create IPUIPlugin
2026-07-10 17:55:16,519 [INFO] PluginManager:220 - loadIPPluginJar : add ts
2026-07-10 17:55:16,521 [INFO] IPUIPlugin:80 - create IPUIPlugin
2026-07-10 17:55:16,521 [INFO] PluginManager:220 - loadIPPluginJar : add freertos
2026-07-10 17:55:16,522 [INFO] IPUIPlugin:80 - create IPUIPlugin
2026-07-10 17:55:16,523 [INFO] PluginManager:220 - loadIPPluginJar : add radio
2026-07-10 17:55:16,524 [INFO] IPUIPlugin:80 - create IPUIPlugin
2026-07-10 17:55:16,524 [INFO] PluginManager:220 - loadIPPluginJar : add gfxmmu
2026-07-10 17:55:16,524 [INFO] IPUIPlugin:80 - create IPUIPlugin
2026-07-10 17:55:16,525 [INFO] PluginManager:220 - loadIPPluginJar : add dfsdm
2026-07-10 17:55:16,525 [INFO] IPUIPlugin:80 - create IPUIPlugin
2026-07-10 17:55:16,526 [INFO] PluginManager:220 - loadIPPluginJar : add opamp
2026-07-10 17:55:16,526 [INFO] IPUIPlugin:80 - create IPUIPlugin
2026-07-10 17:55:16,526 [INFO] PluginManager:220 - loadIPPluginJar : add tsc
2026-07-10 17:55:16,527 [INFO] IPUIPlugin:80 - create IPUIPlugin
2026-07-10 17:55:16,527 [INFO] PluginManager:220 - loadIPPluginJar : add i3c
2026-07-10 17:55:16,528 [INFO] IPUIPlugin:80 - create IPUIPlugin
2026-07-10 17:55:16,528 [INFO] PluginManager:220 - loadIPPluginJar : add sai
2026-07-10 17:55:16,529 [INFO] IPUIPlugin:80 - create IPUIPlugin
2026-07-10 17:55:16,529 [INFO] PluginManager:220 - loadIPPluginJar : add touchsensing
2026-07-10 17:55:16,530 [INFO] IPUIPlugin:80 - create IPUIPlugin
2026-07-10 17:55:16,530 [INFO] PluginManager:220 - loadIPPluginJar : add cryp
2026-07-10 17:55:16,531 [INFO] IPUIPlugin:80 - create IPUIPlugin
2026-07-10 17:55:16,531 [INFO] PluginManager:220 - loadIPPluginJar : add pdm2pcm
2026-07-10 17:55:16,532 [INFO] IPUIPlugin:80 - create IPUIPlugin
2026-07-10 17:55:16,532 [INFO] PluginManager:220 - loadIPPluginJar : add comp
2026-07-10 17:55:16,533 [INFO] IPUIPlugin:80 - create IPUIPlugin
2026-07-10 17:55:16,533 [INFO] PluginManager:220 - loadIPPluginJar : add usart
2026-07-10 17:55:16,533 [INFO] IPUIPlugin:80 - create IPUIPlugin
2026-07-10 17:55:16,533 [INFO] PluginManager:220 - loadIPPluginJar : add ucpd
2026-07-10 17:55:16,534 [INFO] IPUIPlugin:80 - create IPUIPlugin
2026-07-10 17:55:16,534 [INFO] PluginManager:220 - loadIPPluginJar : add i2c
2026-07-10 17:55:16,535 [INFO] IPUIPlugin:80 - create IPUIPlugin
2026-07-10 17:55:16,535 [INFO] PluginManager:220 - loadIPPluginJar : add usbx
2026-07-10 17:55:16,538 [INFO] IPUIPlugin:80 - create IPUIPlugin
2026-07-10 17:55:16,538 [INFO] PluginManager:220 - loadIPPluginJar : add adc
2026-07-10 17:55:16,540 [INFO] IPUIPlugin:80 - create IPUIPlugin
2026-07-10 17:55:16,542 [INFO] PluginManager:220 - loadIPPluginJar : add plateformsettings
2026-07-10 17:55:16,628 [FATAL] Updater:351 - Updater called before beeing initialized
2026-07-10 17:55:16,643 [INFO] RulesReader:64 - Compatibility file has been processed (317 Rules)
2026-07-10 17:55:16,651 [INFO] RulesReader:64 - Compatibility file has been processed (317 Rules)
2026-07-10 17:55:16,656 [INFO] CADModel:165 - CPN selected for project level
2026-07-10 17:55:16,656 [INFO] CADModel:114 - Register for checkConnection events
2026-07-10 17:55:16,656 [FATAL] Updater:351 - Updater called before beeing initialized
2026-07-10 17:55:16,656 [ERROR] CADModel:125 - Updater not yet initialized, retry later 
2026-07-10 17:55:16,724 [FATAL] Updater:351 - Updater called before beeing initialized
2026-07-10 17:55:16,725 [INFO] CADModel:165 - CPN selected for project level
2026-07-10 17:55:16,725 [INFO] CADModel:114 - Register for checkConnection events
2026-07-10 17:55:16,725 [FATAL] Updater:351 - Updater called before beeing initialized
2026-07-10 17:55:16,725 [ERROR] CADModel:125 - Updater not yet initialized, retry later 
2026-07-10 17:55:16,727 [FATAL] Updater:351 - Updater called before beeing initialized
2026-07-10 17:55:16,774 [FATAL] Updater:351 - Updater called before beeing initialized
2026-07-10 17:55:16,777 [INFO] DbMcusAds:53 - JSON generation date=Thu May 28 21:38:16 IST 2026 (1779984496462)
2026-07-10 17:55:16,777 [FATAL] Updater:351 - Updater called before beeing initialized
2026-07-10 17:55:16,795 [WARN] DetailPanel:346 - Failed to get advertising image, set to default
2026-07-10 17:55:16,839 [FATAL] Updater:351 - Updater called before beeing initialized
2026-07-10 17:55:16,841 [FATAL] Updater:351 - Updater called before beeing initialized
2026-07-10 17:55:16,841 [FATAL] Updater:351 - Updater called before beeing initialized
2026-07-10 17:55:16,841 [WARN] DetailPanel:346 - Failed to get advertising image, set to default
2026-07-10 17:55:16,841 [FATAL] Updater:351 - Updater called before beeing initialized
2026-07-10 17:55:16,860 [ERROR] Updater:1198 - MainUpdater not yet initialized. External WinMGr cannot be set.
2026-07-10 17:55:16,861 [INFO] Updater:1134 - Updater Version found : 6.15.0
2026-07-10 17:55:16,871 [INFO] ApplicationProperties:184 - Using Application install path: /opt/st/stm32cubeide_1.19.0/plugins/com.st.stm32cube.common.mx_6.15.0.202507011659
2026-07-10 17:55:17,200 [INFO] MainUpdater:2872 - connection check result : 10
2026-07-10 17:55:17,201 [INFO] MainUpdater:289 - Updater Check For Update Now.
2026-07-10 17:55:17,201 [INFO] MicroXplorer:498 - Change Database Version : DB.6.0.150
2026-07-10 17:55:17,345 [INFO] CheckServerUpdateThread:120 - End of CheckServer Thread
2026-07-10 17:55:17,409 [INFO] MainUpdater:2872 - connection check result : 10
2026-07-10 17:55:17,409 [INFO] MainUpdater:2872 - connection check result : 10
2026-07-10 17:55:19,246 [WARN] PackLoader:240 - Cannot read IP mode file for STMicroelectronics.X-CUBE-AZRTOS-H7.3.5.0
2026-07-10 17:55:19,258 [WARN] PackLoader:240 - Cannot read IP mode file for STMicroelectronics.FP-ATR-ASTRA1.2.0.2
2026-07-10 17:55:19,263 [ERROR] Engine:466 - /home/anton/.stm32cubemx/thirdparties/pdsc/STMicroelectronics.X-CUBE-SMBUS.2.1.1.pdsc: PDSC version is not supported
2026-07-10 17:55:19,275 [WARN] PackLoader:240 - Cannot read IP mode file for STMicroelectronics.X-CUBE-AZRTOS-F7.1.1.0
2026-07-10 17:55:19,281 [WARN] PackLoader:240 - Cannot read IP mode file for STMicroelectronics.X-CUBE-FREERTOS.1.6.0
2026-07-10 17:55:19,283 [WARN] PackLoader:240 - Cannot read IP mode file for STMicroelectronics.FP-SNS-MOTENV1.5.1.0
2026-07-10 17:55:19,296 [WARN] PackLoader:240 - Cannot read IP mode file for STMicroelectronics.X-CUBE-AZRTOS-H7RS.1.3.0
2026-07-10 17:55:19,303 [WARN] PackLoader:240 - Cannot read IP mode file for WES.I-CUBE-Cesium.1.4.0
2026-07-10 17:55:19,307 [WARN] PackLoader:240 - Cannot read IP mode file for STMicroelectronics.X-CUBE-DISPLAY.3.0.0
2026-07-10 17:55:19,314 [WARN] PackLoader:240 - Cannot read IP mode file for STMicroelectronics.X-CUBE-GNSS1.7.1.1
2026-07-10 17:55:19,317 [WARN] PackLoader:240 - Cannot read IP mode file for STMicroelectronics.FP-SNS-MOTENVWB1.1.5.0
2026-07-10 17:55:19,319 [WARN] PackLoader:240 - Cannot read IP mode file for wolfSSL.I-CUBE-wolfSSL.5.9.1
2026-07-10 17:55:19,322 [WARN] PackLoader:240 - Cannot read IP mode file for STMicroelectronics.X-CUBE-NFC10.1.0.0
2026-07-10 17:55:19,325 [WARN] PackLoader:240 - Cannot read IP mode file for STMicroelectronics.X-CUBE-ST60.1.1.0
2026-07-10 17:55:19,328 [WARN] PackLoader:240 - Cannot read IP mode file for emotas.I-CUBE-CANOPEN.1.3.0
2026-07-10 17:55:19,329 [ERROR] Engine:466 - /home/anton/.stm32cubemx/thirdparties/pdsc/STMicroelectronics.X-CUBE-WBA.1.1.0.pdsc: PDSC version is not supported
2026-07-10 17:55:19,332 [WARN] PackLoader:240 - Cannot read IP mode file for STMicroelectronics.FP-SNS-STBOX1.2.1.0
2026-07-10 17:55:19,335 [WARN] PackLoader:240 - Cannot read IP mode file for STMicroelectronics.FP-SNS-SMARTAG2.1.2.0
2026-07-10 17:55:19,337 [WARN] PackLoader:240 - Cannot read IP mode file for STMicroelectronics.FP-SNS-FLIGHT1.5.1.0
2026-07-10 17:55:19,348 [INFO] LogOutputStream:77 - [STDOUT_REDIRECT] 1 : Invalid condition id : UX_CORESTACK_Condition cause : null
2026-07-10 17:55:19,348 [INFO] LogOutputStream:77 - [STDOUT_REDIRECT] 1 : Invalid condition id : UX_CORESTACK_Condition cause : null
2026-07-10 17:55:19,348 [INFO] LogOutputStream:77 - [STDOUT_REDIRECT] 1 : Invalid condition id : UX_CORESTACK_Condition cause : null
2026-07-10 17:55:19,348 [INFO] LogOutputStream:77 - [STDOUT_REDIRECT] 1 : Invalid condition id : UX_CORESTACK_Condition cause : null
2026-07-10 17:55:19,349 [INFO] LogOutputStream:77 - [STDOUT_REDIRECT] 1 : Invalid condition id : UX_CORESTACK_Condition cause : null
2026-07-10 17:55:19,351 [WARN] PackLoader:240 - Cannot read IP mode file for STMicroelectronics.X-CUBE-AZRTOS-WL.2.0.0
2026-07-10 17:55:19,354 [WARN] PackLoader:240 - Cannot read IP mode file for STMicroelectronics.X-CUBE-BLE2.3.3.0
2026-07-10 17:55:19,376 [WARN] PackLoader:240 - Cannot read IP mode file for Infineon.AIROC-Wi-Fi-Bluetooth-STM32.1.8.0
2026-07-10 17:55:19,382 [WARN] PackLoader:240 - Cannot read IP mode file for STMicroelectronics.X-CUBE-NFC9.1.0.0
2026-07-10 17:55:19,386 [WARN] PackLoader:240 - Cannot read IP mode file for STMicroelectronics.X-CUBE-BLE1.7.1.0
2026-07-10 17:55:19,387 [WARN] PackLoader:240 - Cannot read IP mode file for wolfSSL.I-CUBE-wolfMQTT.1.19.2
2026-07-10 17:55:19,390 [WARN] PackLoader:240 - Cannot read IP mode file for STMicroelectronics.X-CUBE-EEPRMA1.5.2.0
2026-07-10 17:55:19,393 [WARN] PackLoader:240 - Cannot read IP mode file for STMicroelectronics.FP-SNS-STAIOTCFT.1.1.0
2026-07-10 17:55:19,401 [WARN] PackLoader:240 - Cannot read IP mode file for STMicroelectronics.X-CUBE-AZRTOS-G0.1.1.0
2026-07-10 17:55:19,404 [WARN] PackLoader:240 - Cannot read IP mode file for STMicroelectronics.X-CUBE-NFC4.3.0.0
2026-07-10 17:55:19,409 [WARN] PackLoader:240 - Cannot read IP mode file for EmbeddedOffice.I-CUBE-FS-RTOS.1.0.1
2026-07-10 17:55:19,411 [WARN] PackLoader:240 - Cannot read IP mode file for wolfSSL.I-CUBE-wolfTPM.3.8.0
2026-07-10 17:55:19,413 [WARN] PackLoader:240 - Cannot read IP mode file for STMicroelectronics.X-CUBE-TCPP.4.2.0
2026-07-10 17:55:19,417 [WARN] PackLoader:240 - Cannot read IP mode file for RealThread.X-CUBE-RT-Thread_Nano.4.1.1
2026-07-10 17:55:19,419 [WARN] PackLoader:240 - Cannot read IP mode file for STMicroelectronics.FP-ATR-SIGFOX1.3.2.0
2026-07-10 17:55:19,422 [WARN] PackLoader:240 - Cannot read IP mode file for ITTIA_DB.I-CUBE-ITTIADB.8.9.0
2026-07-10 17:55:19,423 [WARN] PackLoader:240 - Cannot read IP mode file for Cesanta.I-CUBE-Mongoose.7.21.7
2026-07-10 17:55:19,426 [WARN] PackLoader:240 - Cannot read IP mode file for STMicroelectronics.X-CUBE-NFC6.3.2.0
2026-07-10 17:55:19,431 [WARN] PackLoader:240 - Cannot read IP mode file for STMicroelectronics.X-CUBE-AI.10.2.1
2026-07-10 17:55:19,457 [WARN] PackLoader:240 - Cannot read IP mode file for STMicroelectronics.X-CUBE-MEMS1.12.1.0
2026-07-10 17:55:19,530 [WARN] PackLoader:240 - Cannot read IP mode file for SEGGER.I-CUBE-embOS.1.3.1
2026-07-10 17:55:19,553 [WARN] PackLoader:240 - Cannot read IP mode file for STMicroelectronics.X-CUBE-NFC13.1.0.0
2026-07-10 17:55:19,555 [WARN] PackLoader:240 - Cannot read IP mode file for STMicroelectronics.X-CUBE-PM33A1.1.0.0
2026-07-10 17:55:19,562 [WARN] PackLoader:240 - Cannot read IP mode file for STMicroelectronics.X-CUBE-AZRTOS-F4.1.1.0
2026-07-10 17:55:19,565 [WARN] PackLoader:240 - Cannot read IP mode file for STMicroelectronics.X-CUBE-ISPU.2.1.0
2026-07-10 17:55:19,571 [WARN] PackLoader:240 - Cannot read IP mode file for STMicroelectronics.X-CUBE-IPS.3.2.0
2026-07-10 17:55:19,577 [WARN] PackLoader:240 - Cannot read IP mode file for STMicroelectronics.eDS-WB_DPC_TT-BIDIR.2.1.1
2026-07-10 17:55:19,579 [WARN] PackLoader:240 - Cannot read IP mode file for STMicroelectronics.X-CUBE-NFC12.1.0.0
2026-07-10 17:55:19,587 [WARN] PackLoader:240 - Cannot read IP mode file for STMicroelectronics.X-CUBE-AZRTOS-L5.2.0.0
2026-07-10 17:55:19,591 [WARN] PackLoader:240 - Cannot read IP mode file for STMicroelectronics.X-CUBE-ALGOBUILD.1.5.0
2026-07-10 17:55:19,592 [WARN] PackLoader:240 - Cannot read IP mode file for STMicroelectronics.eDS-WB_DPC_VIENNA.1.2.0
2026-07-10 17:55:19,593 [WARN] PackLoader:240 - Cannot read IP mode file for STMicroelectronics.eDS-WB_DPC_3PH2L-BIDIR.1.1.1
2026-07-10 17:55:19,594 [ERROR] Engine:466 - /home/anton/.stm32cubemx/thirdparties/pdsc/STMicroelectronics.X-CUBE-ST67W61.1.3.0.pdsc: PDSC version is not supported
2026-07-10 17:55:19,596 [WARN] PackLoader:240 - Cannot read IP mode file for STMicroelectronics.X-CUBE-TOUCHGFX.4.26.1
2026-07-10 17:55:19,598 [WARN] PackLoader:240 - Cannot read IP mode file for STMicroelectronics.X-CUBE-DPower.1.3.0
2026-07-10 17:55:19,605 [WARN] ConditionMgr:438 - getConditionDescription Invalid condition id : LAN8742 Phy interface Condition cause : null
2026-07-10 17:55:19,605 [WARN] PackLoader:240 - Cannot read IP mode file for STMicroelectronics.X-CUBE-AZRTOS-L4.2.0.0
2026-07-10 17:55:19,606 [WARN] ConditionMgr:1044 - genDependencies : Invalid condition id : LAN8742 Phy interface Condition cause : null
2026-07-10 17:55:19,606 [WARN] ConditionMgr:1044 - genDependencies : Invalid condition id : LAN8742 Phy interface Condition cause : null
2026-07-10 17:55:19,607 [WARN] ConditionMgr:1044 - genDependencies : Invalid condition id : LAN8742 Phy interface Condition cause : null
2026-07-10 17:55:19,610 [WARN] PackLoader:240 - Cannot read IP mode file for STMicroelectronics.X-CUBE-SFXS2LP1.4.0.0
2026-07-10 17:55:19,613 [WARN] PackLoader:240 - Cannot read IP mode file for STMicroelectronics.X-CUBE-WB05N.2.1.0
2026-07-10 17:55:19,618 [WARN] ConditionMgr:438 - getConditionDescription Invalid condition id : UX DEVICE CLASS RTOS Condition cause : null
2026-07-10 17:55:19,618 [WARN] ConditionMgr:438 - getConditionDescription Invalid condition id : UX DEVICE CLASS RTOS Condition cause : null
2026-07-10 17:55:19,619 [WARN] PackLoader:240 - Cannot read IP mode file for STMicroelectronics.X-CUBE-AZRTOS-WB.2.0.0
2026-07-10 17:55:19,620 [WARN] ConditionMgr:1044 - genDependencies : Invalid condition id : UX DEVICE CLASS RTOS Condition cause : null
2026-07-10 17:55:19,620 [WARN] ConditionMgr:1044 - genDependencies : Invalid condition id : UX DEVICE CLASS RTOS Condition cause : null
2026-07-10 17:55:19,620 [WARN] ConditionMgr:1044 - genDependencies : Invalid condition id : UX DEVICE CLASS RTOS Condition cause : null
2026-07-10 17:55:19,620 [WARN] ConditionMgr:1044 - genDependencies : Invalid condition id : UX DEVICE CLASS RTOS Condition cause : null
2026-07-10 17:55:19,620 [WARN] ConditionMgr:1044 - genDependencies : Invalid condition id : UX DEVICE CLASS RTOS Condition cause : null
2026-07-10 17:55:19,622 [WARN] ConditionMgr:438 - getConditionDescription Invalid condition id : Cortex-A Device cause : null
2026-07-10 17:55:19,625 [WARN] ConditionMgr:1044 - genDependencies : Invalid condition id : Cortex-A Device cause : null
2026-07-10 17:55:19,625 [WARN] ConditionMgr:1044 - genDependencies : Invalid condition id : Cortex-A Device cause : null
2026-07-10 17:55:19,625 [WARN] ConditionMgr:1044 - genDependencies : Invalid condition id : Cortex-A Device cause : null
2026-07-10 17:55:19,628 [WARN] PackLoader:240 - Cannot read IP mode file for STMicroelectronics.X-CUBE-STSE01.2.0.0
2026-07-10 17:55:19,633 [WARN] PackLoader:240 - Cannot read IP mode file for STMicroelectronics.X-CUBE-SUBG2.5.0.0
2026-07-10 17:55:19,642 [WARN] PackLoader:240 - Cannot read IP mode file for STMicroelectronics.X-CUBE-AZRTOS-G4.2.0.0
2026-07-10 17:55:19,644 [WARN] PackLoader:240 - Cannot read IP mode file for wolfSSL.I-CUBE-wolfSSH.1.4.20
2026-07-10 17:55:19,646 [WARN] PackLoader:240 - Cannot read IP mode file for STMicroelectronics.X-CUBE-NFC7.2.0.0
2026-07-10 17:55:19,648 [ERROR] Engine:466 - /home/anton/.stm32cubemx/thirdparties/pdsc/STMicroelectronics.X-CUBE-BLEMGR.4.2.0.pdsc: PDSC version is not supported
2026-07-10 17:55:19,650 [WARN] PackLoader:240 - Cannot read IP mode file for STMicroelectronics.X-CUBE-ALS.1.0.2
2026-07-10 17:55:19,659 [WARN] PackLoader:240 - Cannot read IP mode file for STMicroelectronics.X-CUBE-TOF1.3.4.3
2026-07-10 17:55:19,670 [INFO] ThirdParty:978 - Integrity check success = true
2026-07-10 17:55:19,670 [INFO] IntegrityCheckThread:100 - exiting critical section [integrity check]
2026-07-10 17:55:19,670 [INFO] IntegrityCheckThread:103 - End integrity checks thread
2026-07-10 17:56:52,770 [INFO] Activator:176 - 


2026-07-10 17:56:52,771 [INFO] Activator:177 - !SESSION log4j initialized
2026-07-10 17:56:53,961 [INFO] ApplicationProperties:184 - Using Application install path: /opt/st/stm32cubeide_1.19.0/plugins/com.st.stm32cube.common.mx_6.15.0.202507011659
2026-07-10 17:56:53,969 [INFO] DbMcusXml:78 - Set database path to: /opt/st/stm32cubeide_1.19.0/plugins/com.st.stm32cube.common.mx_6.15.0.202507011659//db//mcu/
2026-07-10 17:56:53,969 [INFO] ApiDb:274 - Set plugin database path to: /opt/st/stm32cubeide_1.19.0/plugins/com.st.stm32cube.common.mx_6.15.0.202507011659//db//plugins/boardmanager/
2026-07-10 17:56:53,969 [WARN] ApiDb:259 - Overriding images path with different value:  => /opt/st/stm32cubeide_1.19.0/plugins/com.st.stm32cube.common.mx_6.15.0.202507011659//db//plugins/mcufinder/images/
2026-07-10 17:56:53,971 [INFO] ApiDb:250 - Set database path to: /home/anton/.stmcufinder/plugins/mcufinder//mcu/
2026-07-10 17:56:53,971 [INFO] DbMcusAds:125 - Set database path to: /home/anton/.stmcufinder/plugins/mcufinder//mcu/
2026-07-10 17:56:54,111 [INFO] CrossReferenceDbSqlite:203 - Set database path to: /home/anton/.stmcufinder/plugins/mcufinder//mcu/cs/
2026-07-10 17:56:54,175 [INFO] RulesReader:64 - Compatibility file has been processed (317 Rules)
2026-07-10 17:56:54,207 [INFO] DbMcusXml:78 - Set database path to: /opt/st/stm32cubeide_1.19.0/plugins/com.st.stm32cube.common.mx_6.15.0.202507011659//db//mcu/
2026-07-10 17:56:54,207 [INFO] ApiDb:274 - Set plugin database path to: /opt/st/stm32cubeide_1.19.0/plugins/com.st.stm32cube.common.mx_6.15.0.202507011659//db//plugins/boardmanager/
2026-07-10 17:56:54,207 [INFO] ApiDb:261 - Set plugin images path to: /opt/st/stm32cubeide_1.19.0/plugins/com.st.stm32cube.common.mx_6.15.0.202507011659//db//plugins/mcufinder/images/
2026-07-10 17:56:54,207 [WARN] DbFile:41 - Overriding database path with different value: /home/anton/.stmcufinder/plugins/mcufinder/ => /home/anton/.stmcufinder/plugins/mcufinder
2026-07-10 17:56:54,207 [INFO] ApiDb:250 - Set database path to: /home/anton/.stmcufinder/plugins/mcufinder//mcu/
2026-07-10 17:56:54,207 [WARN] DbFile:41 - Overriding database path with different value: /home/anton/.stmcufinder/plugins/mcufinder/ => /home/anton/.stmcufinder/plugins/mcufinder
2026-07-10 17:56:54,207 [INFO] DbMcusAds:125 - Set database path to: /home/anton/.stmcufinder/plugins/mcufinder//mcu/
2026-07-10 17:56:54,207 [WARN] DbFile:41 - Overriding database path with different value: /home/anton/.stmcufinder/plugins/mcufinder/ => /home/anton/.stmcufinder/plugins/mcufinder
2026-07-10 17:56:54,207 [WARN] DbFile:41 - Overriding database path with different value: /home/anton/.stmcufinder/plugins/mcufinder/ => /home/anton/.stmcufinder/plugins/mcufinder
2026-07-10 17:56:54,207 [INFO] CrossReferenceDbSqlite:203 - Set database path to: /home/anton/.stmcufinder/plugins/mcufinder//mcu/cs/
2026-07-10 17:56:54,239 [INFO] MainPanel:274 - HeapMemory: 268435456
2026-07-10 17:56:54,297 [INFO] DbMcusXml:78 - Set database path to: /opt/st/stm32cubeide_1.19.0/plugins/com.st.stm32cube.common.mx_6.15.0.202507011659//db//mcu/
2026-07-10 17:56:54,297 [INFO] ApiDb:274 - Set plugin database path to: /opt/st/stm32cubeide_1.19.0/plugins/com.st.stm32cube.common.mx_6.15.0.202507011659//db//plugins/boardmanager/
2026-07-10 17:56:54,297 [INFO] ApiDb:261 - Set plugin images path to: /opt/st/stm32cubeide_1.19.0/plugins/com.st.stm32cube.common.mx_6.15.0.202507011659//db//plugins/mcufinder/images/
2026-07-10 17:56:54,298 [WARN] DbFile:41 - Overriding database path with different value: /home/anton/.stmcufinder/plugins/mcufinder/ => /home/anton/.stmcufinder/plugins/mcufinder
2026-07-10 17:56:54,298 [INFO] ApiDb:250 - Set database path to: /home/anton/.stmcufinder/plugins/mcufinder//mcu/
2026-07-10 17:56:54,298 [WARN] DbFile:41 - Overriding database path with different value: /home/anton/.stmcufinder/plugins/mcufinder/ => /home/anton/.stmcufinder/plugins/mcufinder
2026-07-10 17:56:54,298 [INFO] DbMcusAds:125 - Set database path to: /home/anton/.stmcufinder/plugins/mcufinder//mcu/
2026-07-10 17:56:54,298 [WARN] DbFile:41 - Overriding database path with different value: /home/anton/.stmcufinder/plugins/mcufinder/ => /home/anton/.stmcufinder/plugins/mcufinder
2026-07-10 17:56:54,298 [WARN] DbFile:41 - Overriding database path with different value: /home/anton/.stmcufinder/plugins/mcufinder/ => /home/anton/.stmcufinder/plugins/mcufinder
2026-07-10 17:56:54,298 [INFO] CrossReferenceDbSqlite:203 - Set database path to: /home/anton/.stmcufinder/plugins/mcufinder//mcu/cs/
2026-07-10 17:56:54,305 [INFO] ApplicationProperties:184 - Using Application install path: /opt/st/stm32cubeide_1.19.0/plugins/com.st.stm32cube.common.mx_6.15.0.202507011659
2026-07-10 17:56:54,306 [INFO] PluginManage:196 - Search for loadable plugins [exclusion list=, ]
2026-07-10 17:56:54,307 [INFO] PluginManage:310 - Check plugin analytics
2026-07-10 17:56:54,469 [INFO] AnalyticsPlugin:253 - Accepted Software Licenses: STM32CubeMX.6.16.0
2026-07-10 17:56:54,469 [INFO] AnalyticsPlugin:255 - Accepted CMSIS Pack Licenses: 
2026-07-10 17:56:54,469 [INFO] AnalyticsPlugin:257 - Accepted Firmware Licenses: 
2026-07-10 17:56:54,471 [INFO] PluginManage:359 - Loaded plugin analytics (category:tool,tabindex:-1)
2026-07-10 17:56:54,472 [INFO] PluginManage:310 - Check plugin cadmodel
2026-07-10 17:56:54,475 [INFO] CADModel:105 - Init CAD model plugin
2026-07-10 17:56:54,475 [INFO] PluginManage:359 - Loaded plugin cadmodel (category:power,tabindex:5)
2026-07-10 17:56:54,475 [INFO] PluginManage:310 - Check plugin clock
2026-07-10 17:56:54,483 [INFO] PluginManage:359 - Loaded plugin clock (category:base,tabindex:2)
2026-07-10 17:56:54,483 [INFO] PluginManage:310 - Check plugin ddr
2026-07-10 17:56:54,485 [INFO] PluginManage:359 - Loaded plugin ddr (category:tool,tabindex:6)
2026-07-10 17:56:54,485 [INFO] PluginManage:310 - Check plugin filemanager
2026-07-10 17:56:54,573 [INFO] PluginManage:359 - Loaded plugin filemanager (category:base,tabindex:10)
2026-07-10 17:56:54,573 [INFO] PluginManage:310 - Check plugin ipmanager
2026-07-10 17:56:54,576 [INFO] PluginManage:359 - Loaded plugin ipmanager (category:base,tabindex:5)
2026-07-10 17:56:54,576 [INFO] PluginManage:310 - Check plugin lpbam
2026-07-10 17:56:54,581 [INFO] PluginManage:359 - Loaded plugin lpbam (category:base,tabindex:0)
2026-07-10 17:56:54,581 [INFO] PluginManage:310 - Check plugin memorymap
2026-07-10 17:56:54,588 [INFO] PluginManage:359 - Loaded plugin memorymap (category:base,tabindex:4)
2026-07-10 17:56:54,588 [INFO] PluginManage:310 - Check plugin pinoutandconfiguration
2026-07-10 17:56:54,592 [INFO] PluginManage:359 - Loaded plugin pinoutandconfiguration (category:base,tabindex:1)
2026-07-10 17:56:54,592 [INFO] PluginManage:310 - Check plugin pinoutconfig
2026-07-10 17:56:54,637 [WARN] SupportedApi:132 - Cannot load RTOS API schema: s4s-elt-must-match.1: The content of 'definitions' must match (annotation?, (simpleType | complexType)?, (unique | key | keyref)*)). A problem was found starting at: attribute.
2026-07-10 17:56:54,708 [INFO] PluginManage:359 - Loaded plugin pinoutconfig (category:base,tabindex:0)
2026-07-10 17:56:54,708 [INFO] PluginManage:310 - Check plugin power
2026-07-10 17:56:54,713 [INFO] PluginManage:359 - Loaded plugin power (category:power,tabindex:4)
2026-07-10 17:56:54,713 [INFO] PluginManage:310 - Check plugin projectmanager
2026-07-10 17:56:54,721 [INFO] PluginManage:359 - Loaded plugin projectmanager (category:projectmanager,tabindex:4)
2026-07-10 17:56:54,721 [INFO] PluginManage:310 - Check plugin rif
2026-07-10 17:56:54,726 [INFO] PluginManage:359 - Loaded plugin rif (category:base,tabindex:3)
2026-07-10 17:56:54,726 [INFO] PluginManage:310 - Check plugin thirdparty
2026-07-10 17:56:54,791 [INFO] PluginManage:359 - Loaded plugin thirdparty (category:base,tabindex:-1)
2026-07-10 17:56:54,791 [WARN] IntegrityCheckThread:84 - waiting for thirdparty lock release [integrity check]
2026-07-10 17:56:54,792 [INFO] PluginManage:310 - Check plugin tools
2026-07-10 17:56:54,792 [INFO] IntegrityCheckThread:86 - entering critical section [integrity check]
2026-07-10 17:56:54,792 [INFO] ThirdPartyUpdaterWithRetryManager:70 - Updater plugin not ready yet. [1/15]
2026-07-10 17:56:54,793 [INFO] PluginManage:359 - Loaded plugin tools (category:base,tabindex:7)
2026-07-10 17:56:54,793 [INFO] PluginManage:310 - Check plugin tutovideos
2026-07-10 17:56:54,938 [INFO] PluginManage:359 - Loaded plugin tutovideos (category:base,tabindex:-1)
2026-07-10 17:56:54,939 [INFO] PluginManage:310 - Check plugin updater
2026-07-10 17:56:54,953 [INFO] PluginManage:359 - Loaded plugin updater (category:base,tabindex:12)
2026-07-10 17:56:54,953 [INFO] PluginManage:310 - Check plugin userauth
2026-07-10 17:56:54,956 [INFO] UserAuth:118 - Init User Auth plugin
2026-07-10 17:56:54,957 [INFO] PluginManage:359 - Loaded plugin userauth (category:base,tabindex:14)
2026-07-10 17:56:54,957 [INFO] PluginManage:283 - PluginManage : Loaded plugins [18]
2026-07-10 17:56:55,051 [INFO] PinOutPanel:1589 - setPackage(No Configuration,No Configuration)
2026-07-10 17:56:55,086 [INFO] CADModel:165 - CPN selected for project level
2026-07-10 17:56:55,086 [INFO] CADModel:114 - Register for checkConnection events
2026-07-10 17:56:55,092 [INFO] IPUIPlugin:80 - create IPUIPlugin
2026-07-10 17:56:55,092 [INFO] PluginManager:220 - loadIPPluginJar : add i2s
2026-07-10 17:56:55,095 [INFO] IPUIPlugin:80 - create IPUIPlugin
2026-07-10 17:56:55,095 [INFO] PluginManager:220 - loadIPPluginJar : add dma
2026-07-10 17:56:55,096 [INFO] IPUIPlugin:80 - create IPUIPlugin
2026-07-10 17:56:55,096 [INFO] PluginManager:220 - loadIPPluginJar : add tim
2026-07-10 17:56:55,097 [INFO] IPUIPlugin:80 - create IPUIPlugin
2026-07-10 17:56:55,097 [INFO] PluginManager:220 - loadIPPluginJar : add ltdc
2026-07-10 17:56:55,097 [INFO] IPUIPlugin:80 - create IPUIPlugin
2026-07-10 17:56:55,097 [INFO] PluginManager:220 - loadIPPluginJar : add quadspi
2026-07-10 17:56:55,101 [INFO] IPUIPlugin:80 - create IPUIPlugin
2026-07-10 17:56:55,101 [INFO] PluginManager:220 - loadIPPluginJar : add stm32_wpan
2026-07-10 17:56:55,102 [INFO] IPUIPlugin:80 - create IPUIPlugin
2026-07-10 17:56:55,102 [INFO] PluginManager:220 - loadIPPluginJar : add ddr_ctrl_phy
2026-07-10 17:56:55,103 [INFO] IPUIPlugin:80 - create IPUIPlugin
2026-07-10 17:56:55,103 [INFO] PluginManager:220 - loadIPPluginJar : add can
2026-07-10 17:56:55,106 [INFO] IPUIPlugin:80 - create IPUIPlugin
2026-07-10 17:56:55,106 [INFO] PluginManager:220 - loadIPPluginJar : add gic
2026-07-10 17:56:55,107 [INFO] IPUIPlugin:80 - create IPUIPlugin
2026-07-10 17:56:55,107 [INFO] PluginManager:220 - loadIPPluginJar : add spi
2026-07-10 17:56:55,108 [INFO] IPUIPlugin:80 - create IPUIPlugin
2026-07-10 17:56:55,108 [INFO] PluginManager:220 - loadIPPluginJar : add openamp
2026-07-10 17:56:55,109 [INFO] IPUIPlugin:80 - create IPUIPlugin
2026-07-10 17:56:55,109 [INFO] PluginManager:220 - loadIPPluginJar : add aes
2026-07-10 17:56:55,110 [INFO] IPUIPlugin:80 - create IPUIPlugin
2026-07-10 17:56:55,110 [INFO] PluginManager:220 - loadIPPluginJar : add gtzc
2026-07-10 17:56:55,114 [INFO] IPUIPlugin:80 - create IPUIPlugin
2026-07-10 17:56:55,114 [INFO] PluginManager:220 - loadIPPluginJar : add linkedlist
2026-07-10 17:56:55,114 [INFO] IPUIPlugin:80 - create IPUIPlugin
2026-07-10 17:56:55,114 [INFO] PluginManager:220 - loadIPPluginJar : add fatfs
2026-07-10 17:56:55,115 [INFO] IPUIPlugin:80 - create IPUIPlugin
2026-07-10 17:56:55,115 [INFO] PluginManager:220 - loadIPPluginJar : add dma3
2026-07-10 17:56:55,118 [INFO] IPUIPlugin:80 - create IPUIPlugin
2026-07-10 17:56:55,118 [INFO] PluginManager:220 - loadIPPluginJar : add mdma
2026-07-10 17:56:55,119 [INFO] IPUIPlugin:80 - create IPUIPlugin
2026-07-10 17:56:55,119 [INFO] PluginManager:220 - loadIPPluginJar : add resmgrutility
2026-07-10 17:56:55,120 [INFO] IPUIPlugin:80 - create IPUIPlugin
2026-07-10 17:56:55,120 [INFO] PluginManager:220 - loadIPPluginJar : add genericplugin
2026-07-10 17:56:55,121 [INFO] IPUIPlugin:80 - create IPUIPlugin
2026-07-10 17:56:55,121 [INFO] PluginManager:220 - loadIPPluginJar : add hash
2026-07-10 17:56:55,122 [INFO] IPUIPlugin:80 - create IPUIPlugin
2026-07-10 17:56:55,122 [INFO] PluginManager:220 - loadIPPluginJar : add lorawan
2026-07-10 17:56:55,122 [INFO] IPUIPlugin:80 - create IPUIPlugin
2026-07-10 17:56:55,122 [INFO] PluginManager:220 - loadIPPluginJar : add tracer_emb
2026-07-10 17:56:55,124 [INFO] IPUIPlugin:80 - create IPUIPlugin
2026-07-10 17:56:55,124 [INFO] PluginManager:220 - loadIPPluginJar : add extmemmanager
2026-07-10 17:56:55,125 [INFO] IPUIPlugin:80 - create IPUIPlugin
2026-07-10 17:56:55,125 [INFO] PluginManager:220 - loadIPPluginJar : add nvic
2026-07-10 17:56:55,127 [INFO] IPUIPlugin:80 - create IPUIPlugin
2026-07-10 17:56:55,127 [INFO] PluginManager:220 - loadIPPluginJar : add fmc
2026-07-10 17:56:55,129 [INFO] IPUIPlugin:80 - create IPUIPlugin
2026-07-10 17:56:55,129 [INFO] PluginManager:220 - loadIPPluginJar : add ipddr
2026-07-10 17:56:55,130 [INFO] IPUIPlugin:80 - create IPUIPlugin
2026-07-10 17:56:55,131 [INFO] PluginManager:220 - loadIPPluginJar : add gpio
2026-07-10 17:56:55,131 [INFO] IPUIPlugin:80 - create IPUIPlugin
2026-07-10 17:56:55,131 [INFO] PluginManager:220 - loadIPPluginJar : add ts
2026-07-10 17:56:55,134 [INFO] IPUIPlugin:80 - create IPUIPlugin
2026-07-10 17:56:55,134 [INFO] PluginManager:220 - loadIPPluginJar : add freertos
2026-07-10 17:56:55,134 [INFO] IPUIPlugin:80 - create IPUIPlugin
2026-07-10 17:56:55,135 [INFO] PluginManager:220 - loadIPPluginJar : add radio
2026-07-10 17:56:55,136 [INFO] IPUIPlugin:80 - create IPUIPlugin
2026-07-10 17:56:55,136 [INFO] PluginManager:220 - loadIPPluginJar : add gfxmmu
2026-07-10 17:56:55,137 [INFO] IPUIPlugin:80 - create IPUIPlugin
2026-07-10 17:56:55,137 [INFO] PluginManager:220 - loadIPPluginJar : add dfsdm
2026-07-10 17:56:55,138 [INFO] IPUIPlugin:80 - create IPUIPlugin
2026-07-10 17:56:55,138 [INFO] PluginManager:220 - loadIPPluginJar : add opamp
2026-07-10 17:56:55,139 [INFO] IPUIPlugin:80 - create IPUIPlugin
2026-07-10 17:56:55,139 [INFO] PluginManager:220 - loadIPPluginJar : add tsc
2026-07-10 17:56:55,140 [INFO] IPUIPlugin:80 - create IPUIPlugin
2026-07-10 17:56:55,140 [INFO] PluginManager:220 - loadIPPluginJar : add i3c
2026-07-10 17:56:55,141 [INFO] IPUIPlugin:80 - create IPUIPlugin
2026-07-10 17:56:55,141 [INFO] PluginManager:220 - loadIPPluginJar : add sai
2026-07-10 17:56:55,142 [INFO] IPUIPlugin:80 - create IPUIPlugin
2026-07-10 17:56:55,143 [INFO] PluginManager:220 - loadIPPluginJar : add touchsensing
2026-07-10 17:56:55,143 [INFO] IPUIPlugin:80 - create IPUIPlugin
2026-07-10 17:56:55,143 [INFO] PluginManager:220 - loadIPPluginJar : add cryp
2026-07-10 17:56:55,144 [INFO] IPUIPlugin:80 - create IPUIPlugin
2026-07-10 17:56:55,144 [INFO] PluginManager:220 - loadIPPluginJar : add pdm2pcm
2026-07-10 17:56:55,145 [INFO] IPUIPlugin:80 - create IPUIPlugin
2026-07-10 17:56:55,145 [INFO] PluginManager:220 - loadIPPluginJar : add comp
2026-07-10 17:56:55,146 [INFO] IPUIPlugin:80 - create IPUIPlugin
2026-07-10 17:56:55,146 [INFO] PluginManager:220 - loadIPPluginJar : add usart
2026-07-10 17:56:55,147 [INFO] IPUIPlugin:80 - create IPUIPlugin
2026-07-10 17:56:55,147 [INFO] PluginManager:220 - loadIPPluginJar : add ucpd
2026-07-10 17:56:55,148 [INFO] IPUIPlugin:80 - create IPUIPlugin
2026-07-10 17:56:55,148 [INFO] PluginManager:220 - loadIPPluginJar : add i2c
2026-07-10 17:56:55,149 [INFO] IPUIPlugin:80 - create IPUIPlugin
2026-07-10 17:56:55,149 [INFO] PluginManager:220 - loadIPPluginJar : add usbx
2026-07-10 17:56:55,152 [INFO] IPUIPlugin:80 - create IPUIPlugin
2026-07-10 17:56:55,152 [INFO] PluginManager:220 - loadIPPluginJar : add adc
2026-07-10 17:56:55,155 [INFO] IPUIPlugin:80 - create IPUIPlugin
2026-07-10 17:56:55,156 [INFO] PluginManager:220 - loadIPPluginJar : add plateformsettings
2026-07-10 17:56:55,245 [FATAL] Updater:351 - Updater called before beeing initialized
2026-07-10 17:56:55,260 [INFO] RulesReader:64 - Compatibility file has been processed (317 Rules)
2026-07-10 17:56:55,268 [INFO] RulesReader:64 - Compatibility file has been processed (317 Rules)
2026-07-10 17:56:55,273 [INFO] CADModel:165 - CPN selected for project level
2026-07-10 17:56:55,273 [INFO] CADModel:114 - Register for checkConnection events
2026-07-10 17:56:55,273 [FATAL] Updater:351 - Updater called before beeing initialized
2026-07-10 17:56:55,273 [ERROR] CADModel:125 - Updater not yet initialized, retry later 
2026-07-10 17:56:55,341 [FATAL] Updater:351 - Updater called before beeing initialized
2026-07-10 17:56:55,343 [INFO] CADModel:165 - CPN selected for project level
2026-07-10 17:56:55,343 [INFO] CADModel:114 - Register for checkConnection events
2026-07-10 17:56:55,343 [FATAL] Updater:351 - Updater called before beeing initialized
2026-07-10 17:56:55,343 [ERROR] CADModel:125 - Updater not yet initialized, retry later 
2026-07-10 17:56:55,345 [FATAL] Updater:351 - Updater called before beeing initialized
2026-07-10 17:56:55,402 [FATAL] Updater:351 - Updater called before beeing initialized
2026-07-10 17:56:55,405 [INFO] DbMcusAds:53 - JSON generation date=Thu May 28 21:38:16 IST 2026 (1779984496462)
2026-07-10 17:56:55,405 [FATAL] Updater:351 - Updater called before beeing initialized
2026-07-10 17:56:55,428 [WARN] DetailPanel:346 - Failed to get advertising image, set to default
2026-07-10 17:56:55,483 [FATAL] Updater:351 - Updater called before beeing initialized
2026-07-10 17:56:55,485 [FATAL] Updater:351 - Updater called before beeing initialized
2026-07-10 17:56:55,485 [FATAL] Updater:351 - Updater called before beeing initialized
2026-07-10 17:56:55,485 [WARN] DetailPanel:346 - Failed to get advertising image, set to default
2026-07-10 17:56:55,486 [FATAL] Updater:351 - Updater called before beeing initialized
2026-07-10 17:56:55,505 [ERROR] Updater:1198 - MainUpdater not yet initialized. External WinMGr cannot be set.
2026-07-10 17:56:55,506 [INFO] Updater:1134 - Updater Version found : 6.15.0
2026-07-10 17:56:55,517 [INFO] ApplicationProperties:184 - Using Application install path: /opt/st/stm32cubeide_1.19.0/plugins/com.st.stm32cube.common.mx_6.15.0.202507011659
2026-07-10 17:56:56,093 [INFO] MainUpdater:2872 - connection check result : 10
2026-07-10 17:56:56,093 [INFO] MainUpdater:289 - Updater Check For Update Now.
2026-07-10 17:56:56,093 [INFO] MicroXplorer:498 - Change Database Version : DB.6.0.150
2026-07-10 17:56:56,238 [INFO] CheckServerUpdateThread:120 - End of CheckServer Thread
2026-07-10 17:56:56,301 [INFO] MainUpdater:2872 - connection check result : 10
2026-07-10 17:56:56,301 [INFO] MainUpdater:2872 - connection check result : 10
2026-07-10 17:56:57,872 [WARN] PackLoader:240 - Cannot read IP mode file for STMicroelectronics.X-CUBE-AZRTOS-H7.3.5.0
2026-07-10 17:56:57,880 [WARN] PackLoader:240 - Cannot read IP mode file for STMicroelectronics.FP-ATR-ASTRA1.2.0.2
2026-07-10 17:56:57,883 [ERROR] Engine:466 - /home/anton/.stm32cubemx/thirdparties/pdsc/STMicroelectronics.X-CUBE-SMBUS.2.1.1.pdsc: PDSC version is not supported
2026-07-10 17:56:57,895 [WARN] PackLoader:240 - Cannot read IP mode file for STMicroelectronics.X-CUBE-AZRTOS-F7.1.1.0
2026-07-10 17:56:57,902 [WARN] PackLoader:240 - Cannot read IP mode file for STMicroelectronics.X-CUBE-FREERTOS.1.6.0
2026-07-10 17:56:57,905 [WARN] PackLoader:240 - Cannot read IP mode file for STMicroelectronics.FP-SNS-MOTENV1.5.1.0
2026-07-10 17:56:57,920 [WARN] PackLoader:240 - Cannot read IP mode file for STMicroelectronics.X-CUBE-AZRTOS-H7RS.1.3.0
2026-07-10 17:56:57,927 [WARN] PackLoader:240 - Cannot read IP mode file for WES.I-CUBE-Cesium.1.4.0
2026-07-10 17:56:57,931 [WARN] PackLoader:240 - Cannot read IP mode file for STMicroelectronics.X-CUBE-DISPLAY.3.0.0
2026-07-10 17:56:57,937 [WARN] PackLoader:240 - Cannot read IP mode file for STMicroelectronics.X-CUBE-GNSS1.7.1.1
2026-07-10 17:56:57,940 [WARN] PackLoader:240 - Cannot read IP mode file for STMicroelectronics.FP-SNS-MOTENVWB1.1.5.0
2026-07-10 17:56:57,941 [WARN] PackLoader:240 - Cannot read IP mode file for wolfSSL.I-CUBE-wolfSSL.5.9.1
2026-07-10 17:56:57,944 [WARN] PackLoader:240 - Cannot read IP mode file for STMicroelectronics.X-CUBE-NFC10.1.0.0
2026-07-10 17:56:57,947 [WARN] PackLoader:240 - Cannot read IP mode file for STMicroelectronics.X-CUBE-ST60.1.1.0
2026-07-10 17:56:57,950 [WARN] PackLoader:240 - Cannot read IP mode file for emotas.I-CUBE-CANOPEN.1.3.0
2026-07-10 17:56:57,951 [ERROR] Engine:466 - /home/anton/.stm32cubemx/thirdparties/pdsc/STMicroelectronics.X-CUBE-WBA.1.1.0.pdsc: PDSC version is not supported
2026-07-10 17:56:57,959 [WARN] PackLoader:240 - Cannot read IP mode file for STMicroelectronics.FP-SNS-STBOX1.2.1.0
2026-07-10 17:56:57,964 [WARN] PackLoader:240 - Cannot read IP mode file for STMicroelectronics.FP-SNS-SMARTAG2.1.2.0
2026-07-10 17:56:57,967 [WARN] PackLoader:240 - Cannot read IP mode file for STMicroelectronics.FP-SNS-FLIGHT1.5.1.0
2026-07-10 17:56:57,974 [INFO] LogOutputStream:77 - [STDOUT_REDIRECT] 1 : Invalid condition id : UX_CORESTACK_Condition cause : null
2026-07-10 17:56:57,975 [INFO] LogOutputStream:77 - [STDOUT_REDIRECT] 1 : Invalid condition id : UX_CORESTACK_Condition cause : null
2026-07-10 17:56:57,975 [INFO] LogOutputStream:77 - [STDOUT_REDIRECT] 1 : Invalid condition id : UX_CORESTACK_Condition cause : null
2026-07-10 17:56:57,975 [INFO] LogOutputStream:77 - [STDOUT_REDIRECT] 1 : Invalid condition id : UX_CORESTACK_Condition cause : null
2026-07-10 17:56:57,975 [INFO] LogOutputStream:77 - [STDOUT_REDIRECT] 1 : Invalid condition id : UX_CORESTACK_Condition cause : null
2026-07-10 17:56:57,978 [WARN] PackLoader:240 - Cannot read IP mode file for STMicroelectronics.X-CUBE-AZRTOS-WL.2.0.0
2026-07-10 17:56:57,981 [WARN] PackLoader:240 - Cannot read IP mode file for STMicroelectronics.X-CUBE-BLE2.3.3.0
2026-07-10 17:56:58,001 [WARN] PackLoader:240 - Cannot read IP mode file for Infineon.AIROC-Wi-Fi-Bluetooth-STM32.1.8.0
2026-07-10 17:56:58,008 [WARN] PackLoader:240 - Cannot read IP mode file for STMicroelectronics.X-CUBE-NFC9.1.0.0
2026-07-10 17:56:58,011 [WARN] PackLoader:240 - Cannot read IP mode file for STMicroelectronics.X-CUBE-BLE1.7.1.0
2026-07-10 17:56:58,013 [WARN] PackLoader:240 - Cannot read IP mode file for wolfSSL.I-CUBE-wolfMQTT.1.19.2
2026-07-10 17:56:58,015 [WARN] PackLoader:240 - Cannot read IP mode file for STMicroelectronics.X-CUBE-EEPRMA1.5.2.0
2026-07-10 17:56:58,019 [WARN] PackLoader:240 - Cannot read IP mode file for STMicroelectronics.FP-SNS-STAIOTCFT.1.1.0
2026-07-10 17:56:58,026 [WARN] PackLoader:240 - Cannot read IP mode file for STMicroelectronics.X-CUBE-AZRTOS-G0.1.1.0
2026-07-10 17:56:58,030 [WARN] PackLoader:240 - Cannot read IP mode file for STMicroelectronics.X-CUBE-NFC4.3.0.0
2026-07-10 17:56:58,034 [WARN] PackLoader:240 - Cannot read IP mode file for EmbeddedOffice.I-CUBE-FS-RTOS.1.0.1
2026-07-10 17:56:58,035 [WARN] PackLoader:240 - Cannot read IP mode file for wolfSSL.I-CUBE-wolfTPM.3.8.0
2026-07-10 17:56:58,037 [WARN] PackLoader:240 - Cannot read IP mode file for STMicroelectronics.X-CUBE-TCPP.4.2.0
2026-07-10 17:56:58,040 [WARN] PackLoader:240 - Cannot read IP mode file for RealThread.X-CUBE-RT-Thread_Nano.4.1.1
2026-07-10 17:56:58,041 [WARN] PackLoader:240 - Cannot read IP mode file for STMicroelectronics.FP-ATR-SIGFOX1.3.2.0
2026-07-10 17:56:58,044 [WARN] PackLoader:240 - Cannot read IP mode file for ITTIA_DB.I-CUBE-ITTIADB.8.9.0
2026-07-10 17:56:58,045 [WARN] PackLoader:240 - Cannot read IP mode file for Cesanta.I-CUBE-Mongoose.7.21.7
2026-07-10 17:56:58,047 [WARN] PackLoader:240 - Cannot read IP mode file for STMicroelectronics.X-CUBE-NFC6.3.2.0
2026-07-10 17:56:58,050 [WARN] PackLoader:240 - Cannot read IP mode file for STMicroelectronics.X-CUBE-AI.10.2.1
2026-07-10 17:56:58,072 [WARN] PackLoader:240 - Cannot read IP mode file for STMicroelectronics.X-CUBE-MEMS1.12.1.0
2026-07-10 17:56:58,155 [WARN] PackLoader:240 - Cannot read IP mode file for SEGGER.I-CUBE-embOS.1.3.1
2026-07-10 17:56:58,179 [WARN] PackLoader:240 - Cannot read IP mode file for STMicroelectronics.X-CUBE-NFC13.1.0.0
2026-07-10 17:56:58,182 [WARN] PackLoader:240 - Cannot read IP mode file for STMicroelectronics.X-CUBE-PM33A1.1.0.0
2026-07-10 17:56:58,190 [WARN] PackLoader:240 - Cannot read IP mode file for STMicroelectronics.X-CUBE-AZRTOS-F4.1.1.0
2026-07-10 17:56:58,194 [WARN] PackLoader:240 - Cannot read IP mode file for STMicroelectronics.X-CUBE-ISPU.2.1.0
2026-07-10 17:56:58,201 [WARN] PackLoader:240 - Cannot read IP mode file for STMicroelectronics.X-CUBE-IPS.3.2.0
2026-07-10 17:56:58,207 [WARN] PackLoader:240 - Cannot read IP mode file for STMicroelectronics.eDS-WB_DPC_TT-BIDIR.2.1.1
2026-07-10 17:56:58,211 [WARN] PackLoader:240 - Cannot read IP mode file for STMicroelectronics.X-CUBE-NFC12.1.0.0
2026-07-10 17:56:58,220 [WARN] PackLoader:240 - Cannot read IP mode file for STMicroelectronics.X-CUBE-AZRTOS-L5.2.0.0
2026-07-10 17:56:58,224 [WARN] PackLoader:240 - Cannot read IP mode file for STMicroelectronics.X-CUBE-ALGOBUILD.1.5.0
2026-07-10 17:56:58,226 [WARN] PackLoader:240 - Cannot read IP mode file for STMicroelectronics.eDS-WB_DPC_VIENNA.1.2.0
2026-07-10 17:56:58,227 [WARN] PackLoader:240 - Cannot read IP mode file for STMicroelectronics.eDS-WB_DPC_3PH2L-BIDIR.1.1.1
2026-07-10 17:56:58,229 [ERROR] Engine:466 - /home/anton/.stm32cubemx/thirdparties/pdsc/STMicroelectronics.X-CUBE-ST67W61.1.3.0.pdsc: PDSC version is not supported
2026-07-10 17:56:58,231 [WARN] PackLoader:240 - Cannot read IP mode file for STMicroelectronics.X-CUBE-TOUCHGFX.4.26.1
2026-07-10 17:56:58,233 [WARN] PackLoader:240 - Cannot read IP mode file for STMicroelectronics.X-CUBE-DPower.1.3.0
2026-07-10 17:56:58,242 [WARN] ConditionMgr:438 - getConditionDescription Invalid condition id : LAN8742 Phy interface Condition cause : null
2026-07-10 17:56:58,243 [WARN] PackLoader:240 - Cannot read IP mode file for STMicroelectronics.X-CUBE-AZRTOS-L4.2.0.0
2026-07-10 17:56:58,243 [WARN] ConditionMgr:1044 - genDependencies : Invalid condition id : LAN8742 Phy interface Condition cause : null
2026-07-10 17:56:58,244 [WARN] ConditionMgr:1044 - genDependencies : Invalid condition id : LAN8742 Phy interface Condition cause : null
2026-07-10 17:56:58,244 [WARN] ConditionMgr:1044 - genDependencies : Invalid condition id : LAN8742 Phy interface Condition cause : null
2026-07-10 17:56:58,248 [WARN] PackLoader:240 - Cannot read IP mode file for STMicroelectronics.X-CUBE-SFXS2LP1.4.0.0
2026-07-10 17:56:58,250 [WARN] PackLoader:240 - Cannot read IP mode file for STMicroelectronics.X-CUBE-WB05N.2.1.0
2026-07-10 17:56:58,256 [WARN] ConditionMgr:438 - getConditionDescription Invalid condition id : UX DEVICE CLASS RTOS Condition cause : null
2026-07-10 17:56:58,256 [WARN] ConditionMgr:438 - getConditionDescription Invalid condition id : UX DEVICE CLASS RTOS Condition cause : null
2026-07-10 17:56:58,261 [WARN] PackLoader:240 - Cannot read IP mode file for STMicroelectronics.X-CUBE-AZRTOS-WB.2.0.0
2026-07-10 17:56:58,262 [WARN] ConditionMgr:1044 - genDependencies : Invalid condition id : UX DEVICE CLASS RTOS Condition cause : null
2026-07-10 17:56:58,262 [WARN] ConditionMgr:1044 - genDependencies : Invalid condition id : UX DEVICE CLASS RTOS Condition cause : null
2026-07-10 17:56:58,262 [WARN] ConditionMgr:1044 - genDependencies : Invalid condition id : UX DEVICE CLASS RTOS Condition cause : null
2026-07-10 17:56:58,262 [WARN] ConditionMgr:1044 - genDependencies : Invalid condition id : UX DEVICE CLASS RTOS Condition cause : null
2026-07-10 17:56:58,263 [WARN] ConditionMgr:1044 - genDependencies : Invalid condition id : UX DEVICE CLASS RTOS Condition cause : null
2026-07-10 17:56:58,266 [WARN] ConditionMgr:438 - getConditionDescription Invalid condition id : Cortex-A Device cause : null
2026-07-10 17:56:58,271 [WARN] ConditionMgr:1044 - genDependencies : Invalid condition id : Cortex-A Device cause : null
2026-07-10 17:56:58,272 [WARN] ConditionMgr:1044 - genDependencies : Invalid condition id : Cortex-A Device cause : null
2026-07-10 17:56:58,272 [WARN] ConditionMgr:1044 - genDependencies : Invalid condition id : Cortex-A Device cause : null
2026-07-10 17:56:58,276 [WARN] PackLoader:240 - Cannot read IP mode file for STMicroelectronics.X-CUBE-STSE01.2.0.0
2026-07-10 17:56:58,286 [WARN] PackLoader:240 - Cannot read IP mode file for STMicroelectronics.X-CUBE-SUBG2.5.0.0
2026-07-10 17:56:58,302 [WARN] PackLoader:240 - Cannot read IP mode file for STMicroelectronics.X-CUBE-AZRTOS-G4.2.0.0
2026-07-10 17:56:58,306 [WARN] PackLoader:240 - Cannot read IP mode file for wolfSSL.I-CUBE-wolfSSH.1.4.20
2026-07-10 17:56:58,317 [WARN] PackLoader:240 - Cannot read IP mode file for STMicroelectronics.X-CUBE-NFC7.2.0.0
2026-07-10 17:56:58,322 [ERROR] Engine:466 - /home/anton/.stm32cubemx/thirdparties/pdsc/STMicroelectronics.X-CUBE-BLEMGR.4.2.0.pdsc: PDSC version is not supported
2026-07-10 17:56:58,324 [WARN] PackLoader:240 - Cannot read IP mode file for STMicroelectronics.X-CUBE-ALS.1.0.2
2026-07-10 17:56:58,332 [WARN] PackLoader:240 - Cannot read IP mode file for STMicroelectronics.X-CUBE-TOF1.3.4.3
2026-07-10 17:56:58,342 [INFO] ThirdParty:978 - Integrity check success = true
2026-07-10 17:56:58,342 [INFO] IntegrityCheckThread:100 - exiting critical section [integrity check]
2026-07-10 17:56:58,342 [INFO] IntegrityCheckThread:103 - End integrity checks thread
2026-07-10 17:57:40,902 [INFO] Activator:176 - 


2026-07-10 17:57:40,904 [INFO] Activator:177 - !SESSION log4j initialized
2026-07-10 17:57:42,035 [INFO] ApplicationProperties:184 - Using Application install path: /opt/st/stm32cubeide_1.19.0/plugins/com.st.stm32cube.common.mx_6.15.0.202507011659
2026-07-10 17:57:42,042 [INFO] DbMcusXml:78 - Set database path to: /opt/st/stm32cubeide_1.19.0/plugins/com.st.stm32cube.common.mx_6.15.0.202507011659//db//mcu/
2026-07-10 17:57:42,043 [INFO] ApiDb:274 - Set plugin database path to: /opt/st/stm32cubeide_1.19.0/plugins/com.st.stm32cube.common.mx_6.15.0.202507011659//db//plugins/boardmanager/
2026-07-10 17:57:42,043 [WARN] ApiDb:259 - Overriding images path with different value:  => /opt/st/stm32cubeide_1.19.0/plugins/com.st.stm32cube.common.mx_6.15.0.202507011659//db//plugins/mcufinder/images/
2026-07-10 17:57:42,044 [INFO] ApiDb:250 - Set database path to: /home/anton/.stmcufinder/plugins/mcufinder//mcu/
2026-07-10 17:57:42,045 [INFO] DbMcusAds:125 - Set database path to: /home/anton/.stmcufinder/plugins/mcufinder//mcu/
2026-07-10 17:57:42,226 [INFO] CrossReferenceDbSqlite:203 - Set database path to: /home/anton/.stmcufinder/plugins/mcufinder//mcu/cs/
2026-07-10 17:57:42,284 [INFO] RulesReader:64 - Compatibility file has been processed (317 Rules)
2026-07-10 17:57:42,314 [INFO] DbMcusXml:78 - Set database path to: /opt/st/stm32cubeide_1.19.0/plugins/com.st.stm32cube.common.mx_6.15.0.202507011659//db//mcu/
2026-07-10 17:57:42,314 [INFO] ApiDb:274 - Set plugin database path to: /opt/st/stm32cubeide_1.19.0/plugins/com.st.stm32cube.common.mx_6.15.0.202507011659//db//plugins/boardmanager/
2026-07-10 17:57:42,314 [INFO] ApiDb:261 - Set plugin images path to: /opt/st/stm32cubeide_1.19.0/plugins/com.st.stm32cube.common.mx_6.15.0.202507011659//db//plugins/mcufinder/images/
2026-07-10 17:57:42,314 [WARN] DbFile:41 - Overriding database path with different value: /home/anton/.stmcufinder/plugins/mcufinder/ => /home/anton/.stmcufinder/plugins/mcufinder
2026-07-10 17:57:42,314 [INFO] ApiDb:250 - Set database path to: /home/anton/.stmcufinder/plugins/mcufinder//mcu/
2026-07-10 17:57:42,314 [WARN] DbFile:41 - Overriding database path with different value: /home/anton/.stmcufinder/plugins/mcufinder/ => /home/anton/.stmcufinder/plugins/mcufinder
2026-07-10 17:57:42,314 [INFO] DbMcusAds:125 - Set database path to: /home/anton/.stmcufinder/plugins/mcufinder//mcu/
2026-07-10 17:57:42,314 [WARN] DbFile:41 - Overriding database path with different value: /home/anton/.stmcufinder/plugins/mcufinder/ => /home/anton/.stmcufinder/plugins/mcufinder
2026-07-10 17:57:42,314 [WARN] DbFile:41 - Overriding database path with different value: /home/anton/.stmcufinder/plugins/mcufinder/ => /home/anton/.stmcufinder/plugins/mcufinder
2026-07-10 17:57:42,314 [INFO] CrossReferenceDbSqlite:203 - Set database path to: /home/anton/.stmcufinder/plugins/mcufinder//mcu/cs/
2026-07-10 17:57:42,347 [INFO] MainPanel:274 - HeapMemory: 268435456
2026-07-10 17:57:42,408 [INFO] DbMcusXml:78 - Set database path to: /opt/st/stm32cubeide_1.19.0/plugins/com.st.stm32cube.common.mx_6.15.0.202507011659//db//mcu/
2026-07-10 17:57:42,408 [INFO] ApiDb:274 - Set plugin database path to: /opt/st/stm32cubeide_1.19.0/plugins/com.st.stm32cube.common.mx_6.15.0.202507011659//db//plugins/boardmanager/
2026-07-10 17:57:42,408 [INFO] ApiDb:261 - Set plugin images path to: /opt/st/stm32cubeide_1.19.0/plugins/com.st.stm32cube.common.mx_6.15.0.202507011659//db//plugins/mcufinder/images/
2026-07-10 17:57:42,408 [WARN] DbFile:41 - Overriding database path with different value: /home/anton/.stmcufinder/plugins/mcufinder/ => /home/anton/.stmcufinder/plugins/mcufinder
2026-07-10 17:57:42,408 [INFO] ApiDb:250 - Set database path to: /home/anton/.stmcufinder/plugins/mcufinder//mcu/
2026-07-10 17:57:42,408 [WARN] DbFile:41 - Overriding database path with different value: /home/anton/.stmcufinder/plugins/mcufinder/ => /home/anton/.stmcufinder/plugins/mcufinder
2026-07-10 17:57:42,408 [INFO] DbMcusAds:125 - Set database path to: /home/anton/.stmcufinder/plugins/mcufinder//mcu/
2026-07-10 17:57:42,408 [WARN] DbFile:41 - Overriding database path with different value: /home/anton/.stmcufinder/plugins/mcufinder/ => /home/anton/.stmcufinder/plugins/mcufinder
2026-07-10 17:57:42,409 [WARN] DbFile:41 - Overriding database path with different value: /home/anton/.stmcufinder/plugins/mcufinder/ => /home/anton/.stmcufinder/plugins/mcufinder
2026-07-10 17:57:42,409 [INFO] CrossReferenceDbSqlite:203 - Set database path to: /home/anton/.stmcufinder/plugins/mcufinder//mcu/cs/
2026-07-10 17:57:42,416 [INFO] ApplicationProperties:184 - Using Application install path: /opt/st/stm32cubeide_1.19.0/plugins/com.st.stm32cube.common.mx_6.15.0.202507011659
2026-07-10 17:57:42,417 [INFO] PluginManage:196 - Search for loadable plugins [exclusion list=, ]
2026-07-10 17:57:42,418 [INFO] PluginManage:310 - Check plugin analytics
2026-07-10 17:57:42,582 [INFO] AnalyticsPlugin:253 - Accepted Software Licenses: STM32CubeMX.6.16.0
2026-07-10 17:57:42,583 [INFO] AnalyticsPlugin:255 - Accepted CMSIS Pack Licenses: 
2026-07-10 17:57:42,583 [INFO] AnalyticsPlugin:257 - Accepted Firmware Licenses: 
2026-07-10 17:57:42,585 [INFO] PluginManage:359 - Loaded plugin analytics (category:tool,tabindex:-1)
2026-07-10 17:57:42,585 [INFO] PluginManage:310 - Check plugin cadmodel
2026-07-10 17:57:42,589 [INFO] CADModel:105 - Init CAD model plugin
2026-07-10 17:57:42,589 [INFO] PluginManage:359 - Loaded plugin cadmodel (category:power,tabindex:5)
2026-07-10 17:57:42,589 [INFO] PluginManage:310 - Check plugin clock
2026-07-10 17:57:42,595 [INFO] PluginManage:359 - Loaded plugin clock (category:base,tabindex:2)
2026-07-10 17:57:42,595 [INFO] PluginManage:310 - Check plugin ddr
2026-07-10 17:57:42,596 [INFO] PluginManage:359 - Loaded plugin ddr (category:tool,tabindex:6)
2026-07-10 17:57:42,597 [INFO] PluginManage:310 - Check plugin filemanager
2026-07-10 17:57:42,692 [INFO] PluginManage:359 - Loaded plugin filemanager (category:base,tabindex:10)
2026-07-10 17:57:42,692 [INFO] PluginManage:310 - Check plugin ipmanager
2026-07-10 17:57:42,695 [INFO] PluginManage:359 - Loaded plugin ipmanager (category:base,tabindex:5)
2026-07-10 17:57:42,696 [INFO] PluginManage:310 - Check plugin lpbam
2026-07-10 17:57:42,701 [INFO] PluginManage:359 - Loaded plugin lpbam (category:base,tabindex:0)
2026-07-10 17:57:42,701 [INFO] PluginManage:310 - Check plugin memorymap
2026-07-10 17:57:42,708 [INFO] PluginManage:359 - Loaded plugin memorymap (category:base,tabindex:4)
2026-07-10 17:57:42,708 [INFO] PluginManage:310 - Check plugin pinoutandconfiguration
2026-07-10 17:57:42,712 [INFO] PluginManage:359 - Loaded plugin pinoutandconfiguration (category:base,tabindex:1)
2026-07-10 17:57:42,712 [INFO] PluginManage:310 - Check plugin pinoutconfig
2026-07-10 17:57:42,755 [WARN] SupportedApi:132 - Cannot load RTOS API schema: s4s-elt-must-match.1: The content of 'definitions' must match (annotation?, (simpleType | complexType)?, (unique | key | keyref)*)). A problem was found starting at: attribute.
2026-07-10 17:57:42,826 [INFO] PluginManage:359 - Loaded plugin pinoutconfig (category:base,tabindex:0)
2026-07-10 17:57:42,826 [INFO] PluginManage:310 - Check plugin power
2026-07-10 17:57:42,830 [INFO] PluginManage:359 - Loaded plugin power (category:power,tabindex:4)
2026-07-10 17:57:42,830 [INFO] PluginManage:310 - Check plugin projectmanager
2026-07-10 17:57:42,838 [INFO] PluginManage:359 - Loaded plugin projectmanager (category:projectmanager,tabindex:4)
2026-07-10 17:57:42,838 [INFO] PluginManage:310 - Check plugin rif
2026-07-10 17:57:42,843 [INFO] PluginManage:359 - Loaded plugin rif (category:base,tabindex:3)
2026-07-10 17:57:42,843 [INFO] PluginManage:310 - Check plugin thirdparty
2026-07-10 17:57:42,913 [INFO] PluginManage:359 - Loaded plugin thirdparty (category:base,tabindex:-1)
2026-07-10 17:57:42,912 [WARN] IntegrityCheckThread:84 - waiting for thirdparty lock release [integrity check]
2026-07-10 17:57:42,913 [INFO] PluginManage:310 - Check plugin tools
2026-07-10 17:57:42,913 [INFO] IntegrityCheckThread:86 - entering critical section [integrity check]
2026-07-10 17:57:42,913 [INFO] ThirdPartyUpdaterWithRetryManager:70 - Updater plugin not ready yet. [1/15]
2026-07-10 17:57:42,914 [INFO] PluginManage:359 - Loaded plugin tools (category:base,tabindex:7)
2026-07-10 17:57:42,914 [INFO] PluginManage:310 - Check plugin tutovideos
2026-07-10 17:57:43,071 [INFO] PluginManage:359 - Loaded plugin tutovideos (category:base,tabindex:-1)
2026-07-10 17:57:43,071 [INFO] PluginManage:310 - Check plugin updater
2026-07-10 17:57:43,087 [INFO] PluginManage:359 - Loaded plugin updater (category:base,tabindex:12)
2026-07-10 17:57:43,087 [INFO] PluginManage:310 - Check plugin userauth
2026-07-10 17:57:43,090 [INFO] UserAuth:118 - Init User Auth plugin
2026-07-10 17:57:43,090 [INFO] PluginManage:359 - Loaded plugin userauth (category:base,tabindex:14)
2026-07-10 17:57:43,090 [INFO] PluginManage:283 - PluginManage : Loaded plugins [18]
2026-07-10 17:57:43,192 [INFO] PinOutPanel:1589 - setPackage(No Configuration,No Configuration)
2026-07-10 17:57:43,237 [INFO] CADModel:165 - CPN selected for project level
2026-07-10 17:57:43,237 [INFO] CADModel:114 - Register for checkConnection events
2026-07-10 17:57:43,244 [INFO] IPUIPlugin:80 - create IPUIPlugin
2026-07-10 17:57:43,244 [INFO] PluginManager:220 - loadIPPluginJar : add i2s
2026-07-10 17:57:43,248 [INFO] IPUIPlugin:80 - create IPUIPlugin
2026-07-10 17:57:43,248 [INFO] PluginManager:220 - loadIPPluginJar : add dma
2026-07-10 17:57:43,249 [INFO] IPUIPlugin:80 - create IPUIPlugin
2026-07-10 17:57:43,249 [INFO] PluginManager:220 - loadIPPluginJar : add tim
2026-07-10 17:57:43,250 [INFO] IPUIPlugin:80 - create IPUIPlugin
2026-07-10 17:57:43,250 [INFO] PluginManager:220 - loadIPPluginJar : add ltdc
2026-07-10 17:57:43,250 [INFO] IPUIPlugin:80 - create IPUIPlugin
2026-07-10 17:57:43,250 [INFO] PluginManager:220 - loadIPPluginJar : add quadspi
2026-07-10 17:57:43,255 [INFO] IPUIPlugin:80 - create IPUIPlugin
2026-07-10 17:57:43,255 [INFO] PluginManager:220 - loadIPPluginJar : add stm32_wpan
2026-07-10 17:57:43,256 [INFO] IPUIPlugin:80 - create IPUIPlugin
2026-07-10 17:57:43,257 [INFO] PluginManager:220 - loadIPPluginJar : add ddr_ctrl_phy
2026-07-10 17:57:43,258 [INFO] IPUIPlugin:80 - create IPUIPlugin
2026-07-10 17:57:43,258 [INFO] PluginManager:220 - loadIPPluginJar : add can
2026-07-10 17:57:43,261 [INFO] IPUIPlugin:80 - create IPUIPlugin
2026-07-10 17:57:43,261 [INFO] PluginManager:220 - loadIPPluginJar : add gic
2026-07-10 17:57:43,262 [INFO] IPUIPlugin:80 - create IPUIPlugin
2026-07-10 17:57:43,262 [INFO] PluginManager:220 - loadIPPluginJar : add spi
2026-07-10 17:57:43,263 [INFO] IPUIPlugin:80 - create IPUIPlugin
2026-07-10 17:57:43,263 [INFO] PluginManager:220 - loadIPPluginJar : add openamp
2026-07-10 17:57:43,264 [INFO] IPUIPlugin:80 - create IPUIPlugin
2026-07-10 17:57:43,264 [INFO] PluginManager:220 - loadIPPluginJar : add aes
2026-07-10 17:57:43,265 [INFO] IPUIPlugin:80 - create IPUIPlugin
2026-07-10 17:57:43,265 [INFO] PluginManager:220 - loadIPPluginJar : add gtzc
2026-07-10 17:57:43,270 [INFO] IPUIPlugin:80 - create IPUIPlugin
2026-07-10 17:57:43,270 [INFO] PluginManager:220 - loadIPPluginJar : add linkedlist
2026-07-10 17:57:43,271 [INFO] IPUIPlugin:80 - create IPUIPlugin
2026-07-10 17:57:43,271 [INFO] PluginManager:220 - loadIPPluginJar : add fatfs
2026-07-10 17:57:43,272 [INFO] IPUIPlugin:80 - create IPUIPlugin
2026-07-10 17:57:43,272 [INFO] PluginManager:220 - loadIPPluginJar : add dma3
2026-07-10 17:57:43,275 [INFO] IPUIPlugin:80 - create IPUIPlugin
2026-07-10 17:57:43,275 [INFO] PluginManager:220 - loadIPPluginJar : add mdma
2026-07-10 17:57:43,276 [INFO] IPUIPlugin:80 - create IPUIPlugin
2026-07-10 17:57:43,276 [INFO] PluginManager:220 - loadIPPluginJar : add resmgrutility
2026-07-10 17:57:43,277 [INFO] IPUIPlugin:80 - create IPUIPlugin
2026-07-10 17:57:43,277 [INFO] PluginManager:220 - loadIPPluginJar : add genericplugin
2026-07-10 17:57:43,278 [INFO] IPUIPlugin:80 - create IPUIPlugin
2026-07-10 17:57:43,278 [INFO] PluginManager:220 - loadIPPluginJar : add hash
2026-07-10 17:57:43,279 [INFO] IPUIPlugin:80 - create IPUIPlugin
2026-07-10 17:57:43,279 [INFO] PluginManager:220 - loadIPPluginJar : add lorawan
2026-07-10 17:57:43,280 [INFO] IPUIPlugin:80 - create IPUIPlugin
2026-07-10 17:57:43,280 [INFO] PluginManager:220 - loadIPPluginJar : add tracer_emb
2026-07-10 17:57:43,282 [INFO] IPUIPlugin:80 - create IPUIPlugin
2026-07-10 17:57:43,282 [INFO] PluginManager:220 - loadIPPluginJar : add extmemmanager
2026-07-10 17:57:43,284 [INFO] IPUIPlugin:80 - create IPUIPlugin
2026-07-10 17:57:43,284 [INFO] PluginManager:220 - loadIPPluginJar : add nvic
2026-07-10 17:57:43,287 [INFO] IPUIPlugin:80 - create IPUIPlugin
2026-07-10 17:57:43,287 [INFO] PluginManager:220 - loadIPPluginJar : add fmc
2026-07-10 17:57:43,289 [INFO] IPUIPlugin:80 - create IPUIPlugin
2026-07-10 17:57:43,289 [INFO] PluginManager:220 - loadIPPluginJar : add ipddr
2026-07-10 17:57:43,291 [INFO] IPUIPlugin:80 - create IPUIPlugin
2026-07-10 17:57:43,291 [INFO] PluginManager:220 - loadIPPluginJar : add gpio
2026-07-10 17:57:43,292 [INFO] IPUIPlugin:80 - create IPUIPlugin
2026-07-10 17:57:43,292 [INFO] PluginManager:220 - loadIPPluginJar : add ts
2026-07-10 17:57:43,295 [INFO] IPUIPlugin:80 - create IPUIPlugin
2026-07-10 17:57:43,295 [INFO] PluginManager:220 - loadIPPluginJar : add freertos
2026-07-10 17:57:43,296 [INFO] IPUIPlugin:80 - create IPUIPlugin
2026-07-10 17:57:43,297 [INFO] PluginManager:220 - loadIPPluginJar : add radio
2026-07-10 17:57:43,298 [INFO] IPUIPlugin:80 - create IPUIPlugin
2026-07-10 17:57:43,298 [INFO] PluginManager:220 - loadIPPluginJar : add gfxmmu
2026-07-10 17:57:43,299 [INFO] IPUIPlugin:80 - create IPUIPlugin
2026-07-10 17:57:43,299 [INFO] PluginManager:220 - loadIPPluginJar : add dfsdm
2026-07-10 17:57:43,300 [INFO] IPUIPlugin:80 - create IPUIPlugin
2026-07-10 17:57:43,301 [INFO] PluginManager:220 - loadIPPluginJar : add opamp
2026-07-10 17:57:43,301 [INFO] IPUIPlugin:80 - create IPUIPlugin
2026-07-10 17:57:43,301 [INFO] PluginManager:220 - loadIPPluginJar : add tsc
2026-07-10 17:57:43,302 [INFO] IPUIPlugin:80 - create IPUIPlugin
2026-07-10 17:57:43,302 [INFO] PluginManager:220 - loadIPPluginJar : add i3c
2026-07-10 17:57:43,304 [INFO] IPUIPlugin:80 - create IPUIPlugin
2026-07-10 17:57:43,304 [INFO] PluginManager:220 - loadIPPluginJar : add sai
2026-07-10 17:57:43,306 [INFO] IPUIPlugin:80 - create IPUIPlugin
2026-07-10 17:57:43,306 [INFO] PluginManager:220 - loadIPPluginJar : add touchsensing
2026-07-10 17:57:43,307 [INFO] IPUIPlugin:80 - create IPUIPlugin
2026-07-10 17:57:43,307 [INFO] PluginManager:220 - loadIPPluginJar : add cryp
2026-07-10 17:57:43,309 [INFO] IPUIPlugin:80 - create IPUIPlugin
2026-07-10 17:57:43,309 [INFO] PluginManager:220 - loadIPPluginJar : add pdm2pcm
2026-07-10 17:57:43,310 [INFO] IPUIPlugin:80 - create IPUIPlugin
2026-07-10 17:57:43,310 [INFO] PluginManager:220 - loadIPPluginJar : add comp
2026-07-10 17:57:43,311 [INFO] IPUIPlugin:80 - create IPUIPlugin
2026-07-10 17:57:43,311 [INFO] PluginManager:220 - loadIPPluginJar : add usart
2026-07-10 17:57:43,312 [INFO] IPUIPlugin:80 - create IPUIPlugin
2026-07-10 17:57:43,312 [INFO] PluginManager:220 - loadIPPluginJar : add ucpd
2026-07-10 17:57:43,313 [INFO] IPUIPlugin:80 - create IPUIPlugin
2026-07-10 17:57:43,314 [INFO] PluginManager:220 - loadIPPluginJar : add i2c
2026-07-10 17:57:43,315 [INFO] IPUIPlugin:80 - create IPUIPlugin
2026-07-10 17:57:43,315 [INFO] PluginManager:220 - loadIPPluginJar : add usbx
2026-07-10 17:57:43,319 [INFO] IPUIPlugin:80 - create IPUIPlugin
2026-07-10 17:57:43,319 [INFO] PluginManager:220 - loadIPPluginJar : add adc
2026-07-10 17:57:43,322 [INFO] IPUIPlugin:80 - create IPUIPlugin
2026-07-10 17:57:43,324 [INFO] PluginManager:220 - loadIPPluginJar : add plateformsettings
2026-07-10 17:57:43,419 [FATAL] Updater:351 - Updater called before beeing initialized
2026-07-10 17:57:43,436 [INFO] RulesReader:64 - Compatibility file has been processed (317 Rules)
2026-07-10 17:57:43,443 [INFO] RulesReader:64 - Compatibility file has been processed (317 Rules)
2026-07-10 17:57:43,448 [INFO] CADModel:165 - CPN selected for project level
2026-07-10 17:57:43,448 [INFO] CADModel:114 - Register for checkConnection events
2026-07-10 17:57:43,448 [FATAL] Updater:351 - Updater called before beeing initialized
2026-07-10 17:57:43,448 [ERROR] CADModel:125 - Updater not yet initialized, retry later 
2026-07-10 17:57:43,517 [FATAL] Updater:351 - Updater called before beeing initialized
2026-07-10 17:57:43,518 [INFO] CADModel:165 - CPN selected for project level
2026-07-10 17:57:43,518 [INFO] CADModel:114 - Register for checkConnection events
2026-07-10 17:57:43,518 [FATAL] Updater:351 - Updater called before beeing initialized
2026-07-10 17:57:43,518 [ERROR] CADModel:125 - Updater not yet initialized, retry later 
2026-07-10 17:57:43,520 [FATAL] Updater:351 - Updater called before beeing initialized
2026-07-10 17:57:43,566 [FATAL] Updater:351 - Updater called before beeing initialized
2026-07-10 17:57:43,569 [INFO] DbMcusAds:53 - JSON generation date=Thu May 28 21:38:16 IST 2026 (1779984496462)
2026-07-10 17:57:43,569 [FATAL] Updater:351 - Updater called before beeing initialized
2026-07-10 17:57:43,594 [WARN] DetailPanel:346 - Failed to get advertising image, set to default
2026-07-10 17:57:43,646 [FATAL] Updater:351 - Updater called before beeing initialized
2026-07-10 17:57:43,647 [FATAL] Updater:351 - Updater called before beeing initialized
2026-07-10 17:57:43,647 [FATAL] Updater:351 - Updater called before beeing initialized
2026-07-10 17:57:43,647 [WARN] DetailPanel:346 - Failed to get advertising image, set to default
2026-07-10 17:57:43,648 [FATAL] Updater:351 - Updater called before beeing initialized
2026-07-10 17:57:43,672 [ERROR] Updater:1198 - MainUpdater not yet initialized. External WinMGr cannot be set.
2026-07-10 17:57:43,673 [INFO] Updater:1134 - Updater Version found : 6.15.0
2026-07-10 17:57:43,684 [INFO] ApplicationProperties:184 - Using Application install path: /opt/st/stm32cubeide_1.19.0/plugins/com.st.stm32cube.common.mx_6.15.0.202507011659
2026-07-10 17:57:44,032 [INFO] MainUpdater:2872 - connection check result : 10
2026-07-10 17:57:44,033 [INFO] MainUpdater:289 - Updater Check For Update Now.
2026-07-10 17:57:44,033 [INFO] MicroXplorer:498 - Change Database Version : DB.6.0.150
2026-07-10 17:57:44,180 [INFO] CheckServerUpdateThread:120 - End of CheckServer Thread
2026-07-10 17:57:44,243 [INFO] MainUpdater:2872 - connection check result : 10
2026-07-10 17:57:44,244 [INFO] MainUpdater:2872 - connection check result : 10
2026-07-10 17:57:45,991 [WARN] PackLoader:240 - Cannot read IP mode file for STMicroelectronics.X-CUBE-AZRTOS-H7.3.5.0
2026-07-10 17:57:45,998 [WARN] PackLoader:240 - Cannot read IP mode file for STMicroelectronics.FP-ATR-ASTRA1.2.0.2
2026-07-10 17:57:46,002 [ERROR] Engine:466 - /home/anton/.stm32cubemx/thirdparties/pdsc/STMicroelectronics.X-CUBE-SMBUS.2.1.1.pdsc: PDSC version is not supported
2026-07-10 17:57:46,013 [WARN] PackLoader:240 - Cannot read IP mode file for STMicroelectronics.X-CUBE-AZRTOS-F7.1.1.0
2026-07-10 17:57:46,020 [WARN] PackLoader:240 - Cannot read IP mode file for STMicroelectronics.X-CUBE-FREERTOS.1.6.0
2026-07-10 17:57:46,022 [WARN] PackLoader:240 - Cannot read IP mode file for STMicroelectronics.FP-SNS-MOTENV1.5.1.0
2026-07-10 17:57:46,036 [WARN] PackLoader:240 - Cannot read IP mode file for STMicroelectronics.X-CUBE-AZRTOS-H7RS.1.3.0
2026-07-10 17:57:46,044 [WARN] PackLoader:240 - Cannot read IP mode file for WES.I-CUBE-Cesium.1.4.0
2026-07-10 17:57:46,047 [WARN] PackLoader:240 - Cannot read IP mode file for STMicroelectronics.X-CUBE-DISPLAY.3.0.0
2026-07-10 17:57:46,054 [WARN] PackLoader:240 - Cannot read IP mode file for STMicroelectronics.X-CUBE-GNSS1.7.1.1
2026-07-10 17:57:46,057 [WARN] PackLoader:240 - Cannot read IP mode file for STMicroelectronics.FP-SNS-MOTENVWB1.1.5.0
2026-07-10 17:57:46,058 [WARN] PackLoader:240 - Cannot read IP mode file for wolfSSL.I-CUBE-wolfSSL.5.9.1
2026-07-10 17:57:46,061 [WARN] PackLoader:240 - Cannot read IP mode file for STMicroelectronics.X-CUBE-NFC10.1.0.0
2026-07-10 17:57:46,064 [WARN] PackLoader:240 - Cannot read IP mode file for STMicroelectronics.X-CUBE-ST60.1.1.0
2026-07-10 17:57:46,067 [WARN] PackLoader:240 - Cannot read IP mode file for emotas.I-CUBE-CANOPEN.1.3.0
2026-07-10 17:57:46,069 [ERROR] Engine:466 - /home/anton/.stm32cubemx/thirdparties/pdsc/STMicroelectronics.X-CUBE-WBA.1.1.0.pdsc: PDSC version is not supported
2026-07-10 17:57:46,072 [WARN] PackLoader:240 - Cannot read IP mode file for STMicroelectronics.FP-SNS-STBOX1.2.1.0
2026-07-10 17:57:46,075 [WARN] PackLoader:240 - Cannot read IP mode file for STMicroelectronics.FP-SNS-SMARTAG2.1.2.0
2026-07-10 17:57:46,077 [WARN] PackLoader:240 - Cannot read IP mode file for STMicroelectronics.FP-SNS-FLIGHT1.5.1.0
2026-07-10 17:57:46,088 [INFO] LogOutputStream:77 - [STDOUT_REDIRECT] 1 : Invalid condition id : UX_CORESTACK_Condition cause : null
2026-07-10 17:57:46,088 [INFO] LogOutputStream:77 - [STDOUT_REDIRECT] 1 : Invalid condition id : UX_CORESTACK_Condition cause : null
2026-07-10 17:57:46,088 [INFO] LogOutputStream:77 - [STDOUT_REDIRECT] 1 : Invalid condition id : UX_CORESTACK_Condition cause : null
2026-07-10 17:57:46,088 [INFO] LogOutputStream:77 - [STDOUT_REDIRECT] 1 : Invalid condition id : UX_CORESTACK_Condition cause : null
2026-07-10 17:57:46,089 [INFO] LogOutputStream:77 - [STDOUT_REDIRECT] 1 : Invalid condition id : UX_CORESTACK_Condition cause : null
2026-07-10 17:57:46,090 [WARN] PackLoader:240 - Cannot read IP mode file for STMicroelectronics.X-CUBE-AZRTOS-WL.2.0.0
2026-07-10 17:57:46,094 [WARN] PackLoader:240 - Cannot read IP mode file for STMicroelectronics.X-CUBE-BLE2.3.3.0
2026-07-10 17:57:46,112 [WARN] PackLoader:240 - Cannot read IP mode file for Infineon.AIROC-Wi-Fi-Bluetooth-STM32.1.8.0
2026-07-10 17:57:46,118 [WARN] PackLoader:240 - Cannot read IP mode file for STMicroelectronics.X-CUBE-NFC9.1.0.0
2026-07-10 17:57:46,121 [WARN] PackLoader:240 - Cannot read IP mode file for STMicroelectronics.X-CUBE-BLE1.7.1.0
2026-07-10 17:57:46,122 [WARN] PackLoader:240 - Cannot read IP mode file for wolfSSL.I-CUBE-wolfMQTT.1.19.2
2026-07-10 17:57:46,125 [WARN] PackLoader:240 - Cannot read IP mode file for STMicroelectronics.X-CUBE-EEPRMA1.5.2.0
2026-07-10 17:57:46,129 [WARN] PackLoader:240 - Cannot read IP mode file for STMicroelectronics.FP-SNS-STAIOTCFT.1.1.0
2026-07-10 17:57:46,136 [WARN] PackLoader:240 - Cannot read IP mode file for STMicroelectronics.X-CUBE-AZRTOS-G0.1.1.0
2026-07-10 17:57:46,139 [WARN] PackLoader:240 - Cannot read IP mode file for STMicroelectronics.X-CUBE-NFC4.3.0.0
2026-07-10 17:57:46,143 [WARN] PackLoader:240 - Cannot read IP mode file for EmbeddedOffice.I-CUBE-FS-RTOS.1.0.1
2026-07-10 17:57:46,145 [WARN] PackLoader:240 - Cannot read IP mode file for wolfSSL.I-CUBE-wolfTPM.3.8.0
2026-07-10 17:57:46,147 [WARN] PackLoader:240 - Cannot read IP mode file for STMicroelectronics.X-CUBE-TCPP.4.2.0
2026-07-10 17:57:46,150 [WARN] PackLoader:240 - Cannot read IP mode file for RealThread.X-CUBE-RT-Thread_Nano.4.1.1
2026-07-10 17:57:46,152 [WARN] PackLoader:240 - Cannot read IP mode file for STMicroelectronics.FP-ATR-SIGFOX1.3.2.0
2026-07-10 17:57:46,154 [WARN] PackLoader:240 - Cannot read IP mode file for ITTIA_DB.I-CUBE-ITTIADB.8.9.0
2026-07-10 17:57:46,155 [WARN] PackLoader:240 - Cannot read IP mode file for Cesanta.I-CUBE-Mongoose.7.21.7
2026-07-10 17:57:46,157 [WARN] PackLoader:240 - Cannot read IP mode file for STMicroelectronics.X-CUBE-NFC6.3.2.0
2026-07-10 17:57:46,161 [WARN] PackLoader:240 - Cannot read IP mode file for STMicroelectronics.X-CUBE-AI.10.2.1
2026-07-10 17:57:46,182 [WARN] PackLoader:240 - Cannot read IP mode file for STMicroelectronics.X-CUBE-MEMS1.12.1.0
2026-07-10 17:57:46,251 [WARN] PackLoader:240 - Cannot read IP mode file for SEGGER.I-CUBE-embOS.1.3.1
2026-07-10 17:57:46,273 [WARN] PackLoader:240 - Cannot read IP mode file for STMicroelectronics.X-CUBE-NFC13.1.0.0
2026-07-10 17:57:46,276 [WARN] PackLoader:240 - Cannot read IP mode file for STMicroelectronics.X-CUBE-PM33A1.1.0.0
2026-07-10 17:57:46,283 [WARN] PackLoader:240 - Cannot read IP mode file for STMicroelectronics.X-CUBE-AZRTOS-F4.1.1.0
2026-07-10 17:57:46,286 [WARN] PackLoader:240 - Cannot read IP mode file for STMicroelectronics.X-CUBE-ISPU.2.1.0
2026-07-10 17:57:46,293 [WARN] PackLoader:240 - Cannot read IP mode file for STMicroelectronics.X-CUBE-IPS.3.2.0
2026-07-10 17:57:46,298 [WARN] PackLoader:240 - Cannot read IP mode file for STMicroelectronics.eDS-WB_DPC_TT-BIDIR.2.1.1
2026-07-10 17:57:46,300 [WARN] PackLoader:240 - Cannot read IP mode file for STMicroelectronics.X-CUBE-NFC12.1.0.0
2026-07-10 17:57:46,308 [WARN] PackLoader:240 - Cannot read IP mode file for STMicroelectronics.X-CUBE-AZRTOS-L5.2.0.0
2026-07-10 17:57:46,312 [WARN] PackLoader:240 - Cannot read IP mode file for STMicroelectronics.X-CUBE-ALGOBUILD.1.5.0
2026-07-10 17:57:46,314 [WARN] PackLoader:240 - Cannot read IP mode file for STMicroelectronics.eDS-WB_DPC_VIENNA.1.2.0
2026-07-10 17:57:46,315 [WARN] PackLoader:240 - Cannot read IP mode file for STMicroelectronics.eDS-WB_DPC_3PH2L-BIDIR.1.1.1
2026-07-10 17:57:46,316 [ERROR] Engine:466 - /home/anton/.stm32cubemx/thirdparties/pdsc/STMicroelectronics.X-CUBE-ST67W61.1.3.0.pdsc: PDSC version is not supported
2026-07-10 17:57:46,318 [WARN] PackLoader:240 - Cannot read IP mode file for STMicroelectronics.X-CUBE-TOUCHGFX.4.26.1
2026-07-10 17:57:46,320 [WARN] PackLoader:240 - Cannot read IP mode file for STMicroelectronics.X-CUBE-DPower.1.3.0
2026-07-10 17:57:46,328 [WARN] ConditionMgr:438 - getConditionDescription Invalid condition id : LAN8742 Phy interface Condition cause : null
2026-07-10 17:57:46,328 [WARN] PackLoader:240 - Cannot read IP mode file for STMicroelectronics.X-CUBE-AZRTOS-L4.2.0.0
2026-07-10 17:57:46,329 [WARN] ConditionMgr:1044 - genDependencies : Invalid condition id : LAN8742 Phy interface Condition cause : null
2026-07-10 17:57:46,329 [WARN] ConditionMgr:1044 - genDependencies : Invalid condition id : LAN8742 Phy interface Condition cause : null
2026-07-10 17:57:46,329 [WARN] ConditionMgr:1044 - genDependencies : Invalid condition id : LAN8742 Phy interface Condition cause : null
2026-07-10 17:57:46,332 [WARN] PackLoader:240 - Cannot read IP mode file for STMicroelectronics.X-CUBE-SFXS2LP1.4.0.0
2026-07-10 17:57:46,335 [WARN] PackLoader:240 - Cannot read IP mode file for STMicroelectronics.X-CUBE-WB05N.2.1.0
2026-07-10 17:57:46,341 [WARN] ConditionMgr:438 - getConditionDescription Invalid condition id : UX DEVICE CLASS RTOS Condition cause : null
2026-07-10 17:57:46,341 [WARN] ConditionMgr:438 - getConditionDescription Invalid condition id : UX DEVICE CLASS RTOS Condition cause : null
2026-07-10 17:57:46,342 [WARN] PackLoader:240 - Cannot read IP mode file for STMicroelectronics.X-CUBE-AZRTOS-WB.2.0.0
2026-07-10 17:57:46,342 [WARN] ConditionMgr:1044 - genDependencies : Invalid condition id : UX DEVICE CLASS RTOS Condition cause : null
2026-07-10 17:57:46,342 [WARN] ConditionMgr:1044 - genDependencies : Invalid condition id : UX DEVICE CLASS RTOS Condition cause : null
2026-07-10 17:57:46,342 [WARN] ConditionMgr:1044 - genDependencies : Invalid condition id : UX DEVICE CLASS RTOS Condition cause : null
2026-07-10 17:57:46,342 [WARN] ConditionMgr:1044 - genDependencies : Invalid condition id : UX DEVICE CLASS RTOS Condition cause : null
2026-07-10 17:57:46,342 [WARN] ConditionMgr:1044 - genDependencies : Invalid condition id : UX DEVICE CLASS RTOS Condition cause : null
2026-07-10 17:57:46,344 [WARN] ConditionMgr:438 - getConditionDescription Invalid condition id : Cortex-A Device cause : null
2026-07-10 17:57:46,348 [WARN] ConditionMgr:1044 - genDependencies : Invalid condition id : Cortex-A Device cause : null
2026-07-10 17:57:46,348 [WARN] ConditionMgr:1044 - genDependencies : Invalid condition id : Cortex-A Device cause : null
2026-07-10 17:57:46,348 [WARN] ConditionMgr:1044 - genDependencies : Invalid condition id : Cortex-A Device cause : null
2026-07-10 17:57:46,351 [WARN] PackLoader:240 - Cannot read IP mode file for STMicroelectronics.X-CUBE-STSE01.2.0.0
2026-07-10 17:57:46,356 [WARN] PackLoader:240 - Cannot read IP mode file for STMicroelectronics.X-CUBE-SUBG2.5.0.0
2026-07-10 17:57:46,364 [WARN] PackLoader:240 - Cannot read IP mode file for STMicroelectronics.X-CUBE-AZRTOS-G4.2.0.0
2026-07-10 17:57:46,367 [WARN] PackLoader:240 - Cannot read IP mode file for wolfSSL.I-CUBE-wolfSSH.1.4.20
2026-07-10 17:57:46,368 [WARN] PackLoader:240 - Cannot read IP mode file for STMicroelectronics.X-CUBE-NFC7.2.0.0
2026-07-10 17:57:46,370 [ERROR] Engine:466 - /home/anton/.stm32cubemx/thirdparties/pdsc/STMicroelectronics.X-CUBE-BLEMGR.4.2.0.pdsc: PDSC version is not supported
2026-07-10 17:57:46,372 [WARN] PackLoader:240 - Cannot read IP mode file for STMicroelectronics.X-CUBE-ALS.1.0.2
2026-07-10 17:57:46,383 [WARN] PackLoader:240 - Cannot read IP mode file for STMicroelectronics.X-CUBE-TOF1.3.4.3
2026-07-10 17:57:46,396 [INFO] ThirdParty:978 - Integrity check success = true
2026-07-10 17:57:46,396 [INFO] IntegrityCheckThread:100 - exiting critical section [integrity check]
2026-07-10 17:57:46,396 [INFO] IntegrityCheckThread:103 - End integrity checks thread
2026-07-10 18:10:28,443 [INFO] Activator:176 - 


2026-07-10 18:10:28,445 [INFO] Activator:177 - !SESSION log4j initialized
2026-07-10 18:10:29,620 [INFO] ApplicationProperties:184 - Using Application install path: /opt/st/stm32cubeide_1.19.0/plugins/com.st.stm32cube.common.mx_6.15.0.202507011659
2026-07-10 18:10:29,628 [INFO] DbMcusXml:78 - Set database path to: /opt/st/stm32cubeide_1.19.0/plugins/com.st.stm32cube.common.mx_6.15.0.202507011659//db//mcu/
2026-07-10 18:10:29,628 [INFO] ApiDb:274 - Set plugin database path to: /opt/st/stm32cubeide_1.19.0/plugins/com.st.stm32cube.common.mx_6.15.0.202507011659//db//plugins/boardmanager/
2026-07-10 18:10:29,628 [WARN] ApiDb:259 - Overriding images path with different value:  => /opt/st/stm32cubeide_1.19.0/plugins/com.st.stm32cube.common.mx_6.15.0.202507011659//db//plugins/mcufinder/images/
2026-07-10 18:10:29,629 [INFO] ApiDb:250 - Set database path to: /home/anton/.stmcufinder/plugins/mcufinder//mcu/
2026-07-10 18:10:29,630 [INFO] DbMcusAds:125 - Set database path to: /home/anton/.stmcufinder/plugins/mcufinder//mcu/
2026-07-10 18:10:29,763 [INFO] CrossReferenceDbSqlite:203 - Set database path to: /home/anton/.stmcufinder/plugins/mcufinder//mcu/cs/
2026-07-10 18:10:29,827 [INFO] RulesReader:64 - Compatibility file has been processed (317 Rules)
2026-07-10 18:10:29,856 [INFO] DbMcusXml:78 - Set database path to: /opt/st/stm32cubeide_1.19.0/plugins/com.st.stm32cube.common.mx_6.15.0.202507011659//db//mcu/
2026-07-10 18:10:29,856 [INFO] ApiDb:274 - Set plugin database path to: /opt/st/stm32cubeide_1.19.0/plugins/com.st.stm32cube.common.mx_6.15.0.202507011659//db//plugins/boardmanager/
2026-07-10 18:10:29,856 [INFO] ApiDb:261 - Set plugin images path to: /opt/st/stm32cubeide_1.19.0/plugins/com.st.stm32cube.common.mx_6.15.0.202507011659//db//plugins/mcufinder/images/
2026-07-10 18:10:29,857 [WARN] DbFile:41 - Overriding database path with different value: /home/anton/.stmcufinder/plugins/mcufinder/ => /home/anton/.stmcufinder/plugins/mcufinder
2026-07-10 18:10:29,857 [INFO] ApiDb:250 - Set database path to: /home/anton/.stmcufinder/plugins/mcufinder//mcu/
2026-07-10 18:10:29,857 [WARN] DbFile:41 - Overriding database path with different value: /home/anton/.stmcufinder/plugins/mcufinder/ => /home/anton/.stmcufinder/plugins/mcufinder
2026-07-10 18:10:29,857 [INFO] DbMcusAds:125 - Set database path to: /home/anton/.stmcufinder/plugins/mcufinder//mcu/
2026-07-10 18:10:29,857 [WARN] DbFile:41 - Overriding database path with different value: /home/anton/.stmcufinder/plugins/mcufinder/ => /home/anton/.stmcufinder/plugins/mcufinder
2026-07-10 18:10:29,857 [WARN] DbFile:41 - Overriding database path with different value: /home/anton/.stmcufinder/plugins/mcufinder/ => /home/anton/.stmcufinder/plugins/mcufinder
2026-07-10 18:10:29,857 [INFO] CrossReferenceDbSqlite:203 - Set database path to: /home/anton/.stmcufinder/plugins/mcufinder//mcu/cs/
2026-07-10 18:10:29,895 [INFO] MainPanel:274 - HeapMemory: 268435456
2026-07-10 18:10:29,955 [INFO] DbMcusXml:78 - Set database path to: /opt/st/stm32cubeide_1.19.0/plugins/com.st.stm32cube.common.mx_6.15.0.202507011659//db//mcu/
2026-07-10 18:10:29,955 [INFO] ApiDb:274 - Set plugin database path to: /opt/st/stm32cubeide_1.19.0/plugins/com.st.stm32cube.common.mx_6.15.0.202507011659//db//plugins/boardmanager/
2026-07-10 18:10:29,955 [INFO] ApiDb:261 - Set plugin images path to: /opt/st/stm32cubeide_1.19.0/plugins/com.st.stm32cube.common.mx_6.15.0.202507011659//db//plugins/mcufinder/images/
2026-07-10 18:10:29,955 [WARN] DbFile:41 - Overriding database path with different value: /home/anton/.stmcufinder/plugins/mcufinder/ => /home/anton/.stmcufinder/plugins/mcufinder
2026-07-10 18:10:29,955 [INFO] ApiDb:250 - Set database path to: /home/anton/.stmcufinder/plugins/mcufinder//mcu/
2026-07-10 18:10:29,955 [WARN] DbFile:41 - Overriding database path with different value: /home/anton/.stmcufinder/plugins/mcufinder/ => /home/anton/.stmcufinder/plugins/mcufinder
2026-07-10 18:10:29,955 [INFO] DbMcusAds:125 - Set database path to: /home/anton/.stmcufinder/plugins/mcufinder//mcu/
2026-07-10 18:10:29,955 [WARN] DbFile:41 - Overriding database path with different value: /home/anton/.stmcufinder/plugins/mcufinder/ => /home/anton/.stmcufinder/plugins/mcufinder
2026-07-10 18:10:29,955 [WARN] DbFile:41 - Overriding database path with different value: /home/anton/.stmcufinder/plugins/mcufinder/ => /home/anton/.stmcufinder/plugins/mcufinder
2026-07-10 18:10:29,955 [INFO] CrossReferenceDbSqlite:203 - Set database path to: /home/anton/.stmcufinder/plugins/mcufinder//mcu/cs/
2026-07-10 18:10:29,963 [INFO] ApplicationProperties:184 - Using Application install path: /opt/st/stm32cubeide_1.19.0/plugins/com.st.stm32cube.common.mx_6.15.0.202507011659
2026-07-10 18:10:29,964 [INFO] PluginManage:196 - Search for loadable plugins [exclusion list=, ]
2026-07-10 18:10:29,965 [INFO] PluginManage:310 - Check plugin analytics
2026-07-10 18:10:30,125 [INFO] AnalyticsPlugin:253 - Accepted Software Licenses: STM32CubeMX.6.16.0
2026-07-10 18:10:30,125 [INFO] AnalyticsPlugin:255 - Accepted CMSIS Pack Licenses: 
2026-07-10 18:10:30,125 [INFO] AnalyticsPlugin:257 - Accepted Firmware Licenses: 
2026-07-10 18:10:30,127 [INFO] PluginManage:359 - Loaded plugin analytics (category:tool,tabindex:-1)
2026-07-10 18:10:30,128 [INFO] PluginManage:310 - Check plugin cadmodel
2026-07-10 18:10:30,131 [INFO] CADModel:105 - Init CAD model plugin
2026-07-10 18:10:30,131 [INFO] PluginManage:359 - Loaded plugin cadmodel (category:power,tabindex:5)
2026-07-10 18:10:30,131 [INFO] PluginManage:310 - Check plugin clock
2026-07-10 18:10:30,139 [INFO] PluginManage:359 - Loaded plugin clock (category:base,tabindex:2)
2026-07-10 18:10:30,139 [INFO] PluginManage:310 - Check plugin ddr
2026-07-10 18:10:30,141 [INFO] PluginManage:359 - Loaded plugin ddr (category:tool,tabindex:6)
2026-07-10 18:10:30,141 [INFO] PluginManage:310 - Check plugin filemanager
2026-07-10 18:10:30,250 [INFO] PluginManage:359 - Loaded plugin filemanager (category:base,tabindex:10)
2026-07-10 18:10:30,250 [INFO] PluginManage:310 - Check plugin ipmanager
2026-07-10 18:10:30,253 [INFO] PluginManage:359 - Loaded plugin ipmanager (category:base,tabindex:5)
2026-07-10 18:10:30,253 [INFO] PluginManage:310 - Check plugin lpbam
2026-07-10 18:10:30,258 [INFO] PluginManage:359 - Loaded plugin lpbam (category:base,tabindex:0)
2026-07-10 18:10:30,258 [INFO] PluginManage:310 - Check plugin memorymap
2026-07-10 18:10:30,264 [INFO] PluginManage:359 - Loaded plugin memorymap (category:base,tabindex:4)
2026-07-10 18:10:30,265 [INFO] PluginManage:310 - Check plugin pinoutandconfiguration
2026-07-10 18:10:30,269 [INFO] PluginManage:359 - Loaded plugin pinoutandconfiguration (category:base,tabindex:1)
2026-07-10 18:10:30,269 [INFO] PluginManage:310 - Check plugin pinoutconfig
2026-07-10 18:10:30,313 [WARN] SupportedApi:132 - Cannot load RTOS API schema: s4s-elt-must-match.1: The content of 'definitions' must match (annotation?, (simpleType | complexType)?, (unique | key | keyref)*)). A problem was found starting at: attribute.
2026-07-10 18:10:30,382 [INFO] PluginManage:359 - Loaded plugin pinoutconfig (category:base,tabindex:0)
2026-07-10 18:10:30,382 [INFO] PluginManage:310 - Check plugin power
2026-07-10 18:10:30,388 [INFO] PluginManage:359 - Loaded plugin power (category:power,tabindex:4)
2026-07-10 18:10:30,389 [INFO] PluginManage:310 - Check plugin projectmanager
2026-07-10 18:10:30,400 [INFO] PluginManage:359 - Loaded plugin projectmanager (category:projectmanager,tabindex:4)
2026-07-10 18:10:30,400 [INFO] PluginManage:310 - Check plugin rif
2026-07-10 18:10:30,406 [INFO] PluginManage:359 - Loaded plugin rif (category:base,tabindex:3)
2026-07-10 18:10:30,406 [INFO] PluginManage:310 - Check plugin thirdparty
2026-07-10 18:10:30,495 [INFO] PluginManage:359 - Loaded plugin thirdparty (category:base,tabindex:-1)
2026-07-10 18:10:30,494 [WARN] IntegrityCheckThread:84 - waiting for thirdparty lock release [integrity check]
2026-07-10 18:10:30,495 [INFO] PluginManage:310 - Check plugin tools
2026-07-10 18:10:30,495 [INFO] IntegrityCheckThread:86 - entering critical section [integrity check]
2026-07-10 18:10:30,495 [INFO] ThirdPartyUpdaterWithRetryManager:70 - Updater plugin not ready yet. [1/15]
2026-07-10 18:10:30,496 [INFO] PluginManage:359 - Loaded plugin tools (category:base,tabindex:7)
2026-07-10 18:10:30,496 [INFO] PluginManage:310 - Check plugin tutovideos
2026-07-10 18:10:30,643 [INFO] PluginManage:359 - Loaded plugin tutovideos (category:base,tabindex:-1)
2026-07-10 18:10:30,643 [INFO] PluginManage:310 - Check plugin updater
2026-07-10 18:10:30,660 [INFO] PluginManage:359 - Loaded plugin updater (category:base,tabindex:12)
2026-07-10 18:10:30,660 [INFO] PluginManage:310 - Check plugin userauth
2026-07-10 18:10:30,663 [INFO] UserAuth:118 - Init User Auth plugin
2026-07-10 18:10:30,664 [INFO] PluginManage:359 - Loaded plugin userauth (category:base,tabindex:14)
2026-07-10 18:10:30,664 [INFO] PluginManage:283 - PluginManage : Loaded plugins [18]
2026-07-10 18:10:30,773 [INFO] PinOutPanel:1589 - setPackage(No Configuration,No Configuration)
2026-07-10 18:10:30,813 [INFO] CADModel:165 - CPN selected for project level
2026-07-10 18:10:30,813 [INFO] CADModel:114 - Register for checkConnection events
2026-07-10 18:10:30,821 [INFO] IPUIPlugin:80 - create IPUIPlugin
2026-07-10 18:10:30,821 [INFO] PluginManager:220 - loadIPPluginJar : add i2s
2026-07-10 18:10:30,825 [INFO] IPUIPlugin:80 - create IPUIPlugin
2026-07-10 18:10:30,825 [INFO] PluginManager:220 - loadIPPluginJar : add dma
2026-07-10 18:10:30,826 [INFO] IPUIPlugin:80 - create IPUIPlugin
2026-07-10 18:10:30,827 [INFO] PluginManager:220 - loadIPPluginJar : add tim
2026-07-10 18:10:30,827 [INFO] IPUIPlugin:80 - create IPUIPlugin
2026-07-10 18:10:30,827 [INFO] PluginManager:220 - loadIPPluginJar : add ltdc
2026-07-10 18:10:30,828 [INFO] IPUIPlugin:80 - create IPUIPlugin
2026-07-10 18:10:30,828 [INFO] PluginManager:220 - loadIPPluginJar : add quadspi
2026-07-10 18:10:30,833 [INFO] IPUIPlugin:80 - create IPUIPlugin
2026-07-10 18:10:30,833 [INFO] PluginManager:220 - loadIPPluginJar : add stm32_wpan
2026-07-10 18:10:30,835 [INFO] IPUIPlugin:80 - create IPUIPlugin
2026-07-10 18:10:30,835 [INFO] PluginManager:220 - loadIPPluginJar : add ddr_ctrl_phy
2026-07-10 18:10:30,836 [INFO] IPUIPlugin:80 - create IPUIPlugin
2026-07-10 18:10:30,836 [INFO] PluginManager:220 - loadIPPluginJar : add can
2026-07-10 18:10:30,839 [INFO] IPUIPlugin:80 - create IPUIPlugin
2026-07-10 18:10:30,839 [INFO] PluginManager:220 - loadIPPluginJar : add gic
2026-07-10 18:10:30,840 [INFO] IPUIPlugin:80 - create IPUIPlugin
2026-07-10 18:10:30,840 [INFO] PluginManager:220 - loadIPPluginJar : add spi
2026-07-10 18:10:30,841 [INFO] IPUIPlugin:80 - create IPUIPlugin
2026-07-10 18:10:30,841 [INFO] PluginManager:220 - loadIPPluginJar : add openamp
2026-07-10 18:10:30,842 [INFO] IPUIPlugin:80 - create IPUIPlugin
2026-07-10 18:10:30,842 [INFO] PluginManager:220 - loadIPPluginJar : add aes
2026-07-10 18:10:30,843 [INFO] IPUIPlugin:80 - create IPUIPlugin
2026-07-10 18:10:30,843 [INFO] PluginManager:220 - loadIPPluginJar : add gtzc
2026-07-10 18:10:30,847 [INFO] IPUIPlugin:80 - create IPUIPlugin
2026-07-10 18:10:30,847 [INFO] PluginManager:220 - loadIPPluginJar : add linkedlist
2026-07-10 18:10:30,847 [INFO] IPUIPlugin:80 - create IPUIPlugin
2026-07-10 18:10:30,848 [INFO] PluginManager:220 - loadIPPluginJar : add fatfs
2026-07-10 18:10:30,849 [INFO] IPUIPlugin:80 - create IPUIPlugin
2026-07-10 18:10:30,849 [INFO] PluginManager:220 - loadIPPluginJar : add dma3
2026-07-10 18:10:30,852 [INFO] IPUIPlugin:80 - create IPUIPlugin
2026-07-10 18:10:30,852 [INFO] PluginManager:220 - loadIPPluginJar : add mdma
2026-07-10 18:10:30,853 [INFO] IPUIPlugin:80 - create IPUIPlugin
2026-07-10 18:10:30,853 [INFO] PluginManager:220 - loadIPPluginJar : add resmgrutility
2026-07-10 18:10:30,854 [INFO] IPUIPlugin:80 - create IPUIPlugin
2026-07-10 18:10:30,854 [INFO] PluginManager:220 - loadIPPluginJar : add genericplugin
2026-07-10 18:10:30,855 [INFO] IPUIPlugin:80 - create IPUIPlugin
2026-07-10 18:10:30,855 [INFO] PluginManager:220 - loadIPPluginJar : add hash
2026-07-10 18:10:30,855 [INFO] IPUIPlugin:80 - create IPUIPlugin
2026-07-10 18:10:30,855 [INFO] PluginManager:220 - loadIPPluginJar : add lorawan
2026-07-10 18:10:30,856 [INFO] IPUIPlugin:80 - create IPUIPlugin
2026-07-10 18:10:30,856 [INFO] PluginManager:220 - loadIPPluginJar : add tracer_emb
2026-07-10 18:10:30,857 [INFO] IPUIPlugin:80 - create IPUIPlugin
2026-07-10 18:10:30,858 [INFO] PluginManager:220 - loadIPPluginJar : add extmemmanager
2026-07-10 18:10:30,859 [INFO] IPUIPlugin:80 - create IPUIPlugin
2026-07-10 18:10:30,859 [INFO] PluginManager:220 - loadIPPluginJar : add nvic
2026-07-10 18:10:30,861 [INFO] IPUIPlugin:80 - create IPUIPlugin
2026-07-10 18:10:30,861 [INFO] PluginManager:220 - loadIPPluginJar : add fmc
2026-07-10 18:10:30,863 [INFO] IPUIPlugin:80 - create IPUIPlugin
2026-07-10 18:10:30,863 [INFO] PluginManager:220 - loadIPPluginJar : add ipddr
2026-07-10 18:10:30,864 [INFO] IPUIPlugin:80 - create IPUIPlugin
2026-07-10 18:10:30,865 [INFO] PluginManager:220 - loadIPPluginJar : add gpio
2026-07-10 18:10:30,865 [INFO] IPUIPlugin:80 - create IPUIPlugin
2026-07-10 18:10:30,865 [INFO] PluginManager:220 - loadIPPluginJar : add ts
2026-07-10 18:10:30,868 [INFO] IPUIPlugin:80 - create IPUIPlugin
2026-07-10 18:10:30,868 [INFO] PluginManager:220 - loadIPPluginJar : add freertos
2026-07-10 18:10:30,868 [INFO] IPUIPlugin:80 - create IPUIPlugin
2026-07-10 18:10:30,869 [INFO] PluginManager:220 - loadIPPluginJar : add radio
2026-07-10 18:10:30,870 [INFO] IPUIPlugin:80 - create IPUIPlugin
2026-07-10 18:10:30,870 [INFO] PluginManager:220 - loadIPPluginJar : add gfxmmu
2026-07-10 18:10:30,871 [INFO] IPUIPlugin:80 - create IPUIPlugin
2026-07-10 18:10:30,871 [INFO] PluginManager:220 - loadIPPluginJar : add dfsdm
2026-07-10 18:10:30,872 [INFO] IPUIPlugin:80 - create IPUIPlugin
2026-07-10 18:10:30,872 [INFO] PluginManager:220 - loadIPPluginJar : add opamp
2026-07-10 18:10:30,872 [INFO] IPUIPlugin:80 - create IPUIPlugin
2026-07-10 18:10:30,872 [INFO] PluginManager:220 - loadIPPluginJar : add tsc
2026-07-10 18:10:30,874 [INFO] IPUIPlugin:80 - create IPUIPlugin
2026-07-10 18:10:30,874 [INFO] PluginManager:220 - loadIPPluginJar : add i3c
2026-07-10 18:10:30,875 [INFO] IPUIPlugin:80 - create IPUIPlugin
2026-07-10 18:10:30,875 [INFO] PluginManager:220 - loadIPPluginJar : add sai
2026-07-10 18:10:30,876 [INFO] IPUIPlugin:80 - create IPUIPlugin
2026-07-10 18:10:30,877 [INFO] PluginManager:220 - loadIPPluginJar : add touchsensing
2026-07-10 18:10:30,877 [INFO] IPUIPlugin:80 - create IPUIPlugin
2026-07-10 18:10:30,877 [INFO] PluginManager:220 - loadIPPluginJar : add cryp
2026-07-10 18:10:30,878 [INFO] IPUIPlugin:80 - create IPUIPlugin
2026-07-10 18:10:30,878 [INFO] PluginManager:220 - loadIPPluginJar : add pdm2pcm
2026-07-10 18:10:30,879 [INFO] IPUIPlugin:80 - create IPUIPlugin
2026-07-10 18:10:30,879 [INFO] PluginManager:220 - loadIPPluginJar : add comp
2026-07-10 18:10:30,880 [INFO] IPUIPlugin:80 - create IPUIPlugin
2026-07-10 18:10:30,880 [INFO] PluginManager:220 - loadIPPluginJar : add usart
2026-07-10 18:10:30,881 [INFO] IPUIPlugin:80 - create IPUIPlugin
2026-07-10 18:10:30,881 [INFO] PluginManager:220 - loadIPPluginJar : add ucpd
2026-07-10 18:10:30,882 [INFO] IPUIPlugin:80 - create IPUIPlugin
2026-07-10 18:10:30,882 [INFO] PluginManager:220 - loadIPPluginJar : add i2c
2026-07-10 18:10:30,883 [INFO] IPUIPlugin:80 - create IPUIPlugin
2026-07-10 18:10:30,883 [INFO] PluginManager:220 - loadIPPluginJar : add usbx
2026-07-10 18:10:30,886 [INFO] IPUIPlugin:80 - create IPUIPlugin
2026-07-10 18:10:30,886 [INFO] PluginManager:220 - loadIPPluginJar : add adc
2026-07-10 18:10:30,890 [INFO] IPUIPlugin:80 - create IPUIPlugin
2026-07-10 18:10:30,892 [INFO] PluginManager:220 - loadIPPluginJar : add plateformsettings
2026-07-10 18:10:30,981 [FATAL] Updater:351 - Updater called before beeing initialized
2026-07-10 18:10:31,002 [INFO] RulesReader:64 - Compatibility file has been processed (317 Rules)
2026-07-10 18:10:31,010 [INFO] RulesReader:64 - Compatibility file has been processed (317 Rules)
2026-07-10 18:10:31,015 [INFO] CADModel:165 - CPN selected for project level
2026-07-10 18:10:31,015 [INFO] CADModel:114 - Register for checkConnection events
2026-07-10 18:10:31,015 [FATAL] Updater:351 - Updater called before beeing initialized
2026-07-10 18:10:31,015 [ERROR] CADModel:125 - Updater not yet initialized, retry later 
2026-07-10 18:10:31,091 [FATAL] Updater:351 - Updater called before beeing initialized
2026-07-10 18:10:31,092 [INFO] CADModel:165 - CPN selected for project level
2026-07-10 18:10:31,093 [INFO] CADModel:114 - Register for checkConnection events
2026-07-10 18:10:31,093 [FATAL] Updater:351 - Updater called before beeing initialized
2026-07-10 18:10:31,093 [ERROR] CADModel:125 - Updater not yet initialized, retry later 
2026-07-10 18:10:31,095 [FATAL] Updater:351 - Updater called before beeing initialized
2026-07-10 18:10:31,142 [FATAL] Updater:351 - Updater called before beeing initialized
2026-07-10 18:10:31,145 [INFO] DbMcusAds:53 - JSON generation date=Thu May 28 21:38:16 IST 2026 (1779984496462)
2026-07-10 18:10:31,145 [FATAL] Updater:351 - Updater called before beeing initialized
2026-07-10 18:10:31,166 [WARN] DetailPanel:346 - Failed to get advertising image, set to default
2026-07-10 18:10:31,214 [FATAL] Updater:351 - Updater called before beeing initialized
2026-07-10 18:10:31,216 [FATAL] Updater:351 - Updater called before beeing initialized
2026-07-10 18:10:31,216 [FATAL] Updater:351 - Updater called before beeing initialized
2026-07-10 18:10:31,216 [WARN] DetailPanel:346 - Failed to get advertising image, set to default
2026-07-10 18:10:31,217 [FATAL] Updater:351 - Updater called before beeing initialized
2026-07-10 18:10:31,242 [ERROR] Updater:1198 - MainUpdater not yet initialized. External WinMGr cannot be set.
2026-07-10 18:10:31,243 [INFO] Updater:1134 - Updater Version found : 6.15.0
2026-07-10 18:10:31,255 [INFO] ApplicationProperties:184 - Using Application install path: /opt/st/stm32cubeide_1.19.0/plugins/com.st.stm32cube.common.mx_6.15.0.202507011659
2026-07-10 18:10:31,577 [INFO] MainUpdater:2872 - connection check result : 10
2026-07-10 18:10:31,578 [INFO] MainUpdater:289 - Updater Check For Update Now.
2026-07-10 18:10:31,578 [INFO] MicroXplorer:498 - Change Database Version : DB.6.0.150
2026-07-10 18:10:31,726 [INFO] CheckServerUpdateThread:120 - End of CheckServer Thread
2026-07-10 18:10:31,786 [INFO] MainUpdater:2872 - connection check result : 10
2026-07-10 18:10:31,786 [INFO] MainUpdater:2872 - connection check result : 10
2026-07-10 18:10:33,573 [WARN] PackLoader:240 - Cannot read IP mode file for STMicroelectronics.X-CUBE-AZRTOS-H7.3.5.0
2026-07-10 18:10:33,580 [WARN] PackLoader:240 - Cannot read IP mode file for STMicroelectronics.FP-ATR-ASTRA1.2.0.2
2026-07-10 18:10:33,584 [ERROR] Engine:466 - /home/anton/.stm32cubemx/thirdparties/pdsc/STMicroelectronics.X-CUBE-SMBUS.2.1.1.pdsc: PDSC version is not supported
2026-07-10 18:10:33,597 [WARN] PackLoader:240 - Cannot read IP mode file for STMicroelectronics.X-CUBE-AZRTOS-F7.1.1.0
2026-07-10 18:10:33,604 [WARN] PackLoader:240 - Cannot read IP mode file for STMicroelectronics.X-CUBE-FREERTOS.1.6.0
2026-07-10 18:10:33,607 [WARN] PackLoader:240 - Cannot read IP mode file for STMicroelectronics.FP-SNS-MOTENV1.5.1.0
2026-07-10 18:10:33,624 [WARN] PackLoader:240 - Cannot read IP mode file for STMicroelectronics.X-CUBE-AZRTOS-H7RS.1.3.0
2026-07-10 18:10:33,631 [WARN] PackLoader:240 - Cannot read IP mode file for WES.I-CUBE-Cesium.1.4.0
2026-07-10 18:10:33,636 [WARN] PackLoader:240 - Cannot read IP mode file for STMicroelectronics.X-CUBE-DISPLAY.3.0.0
2026-07-10 18:10:33,642 [WARN] PackLoader:240 - Cannot read IP mode file for STMicroelectronics.X-CUBE-GNSS1.7.1.1
2026-07-10 18:10:33,645 [WARN] PackLoader:240 - Cannot read IP mode file for STMicroelectronics.FP-SNS-MOTENVWB1.1.5.0
2026-07-10 18:10:33,646 [WARN] PackLoader:240 - Cannot read IP mode file for wolfSSL.I-CUBE-wolfSSL.5.9.1
2026-07-10 18:10:33,649 [WARN] PackLoader:240 - Cannot read IP mode file for STMicroelectronics.X-CUBE-NFC10.1.0.0
2026-07-10 18:10:33,653 [WARN] PackLoader:240 - Cannot read IP mode file for STMicroelectronics.X-CUBE-ST60.1.1.0
2026-07-10 18:10:33,656 [WARN] PackLoader:240 - Cannot read IP mode file for emotas.I-CUBE-CANOPEN.1.3.0
2026-07-10 18:10:33,657 [ERROR] Engine:466 - /home/anton/.stm32cubemx/thirdparties/pdsc/STMicroelectronics.X-CUBE-WBA.1.1.0.pdsc: PDSC version is not supported
2026-07-10 18:10:33,668 [WARN] PackLoader:240 - Cannot read IP mode file for STMicroelectronics.FP-SNS-STBOX1.2.1.0
2026-07-10 18:10:33,673 [WARN] PackLoader:240 - Cannot read IP mode file for STMicroelectronics.FP-SNS-SMARTAG2.1.2.0
2026-07-10 18:10:33,675 [WARN] PackLoader:240 - Cannot read IP mode file for STMicroelectronics.FP-SNS-FLIGHT1.5.1.0
2026-07-10 18:10:33,683 [INFO] LogOutputStream:77 - [STDOUT_REDIRECT] 1 : Invalid condition id : UX_CORESTACK_Condition cause : null
2026-07-10 18:10:33,683 [INFO] LogOutputStream:77 - [STDOUT_REDIRECT] 1 : Invalid condition id : UX_CORESTACK_Condition cause : null
2026-07-10 18:10:33,683 [INFO] LogOutputStream:77 - [STDOUT_REDIRECT] 1 : Invalid condition id : UX_CORESTACK_Condition cause : null
2026-07-10 18:10:33,683 [INFO] LogOutputStream:77 - [STDOUT_REDIRECT] 1 : Invalid condition id : UX_CORESTACK_Condition cause : null
2026-07-10 18:10:33,683 [INFO] LogOutputStream:77 - [STDOUT_REDIRECT] 1 : Invalid condition id : UX_CORESTACK_Condition cause : null
2026-07-10 18:10:33,686 [WARN] PackLoader:240 - Cannot read IP mode file for STMicroelectronics.X-CUBE-AZRTOS-WL.2.0.0
2026-07-10 18:10:33,689 [WARN] PackLoader:240 - Cannot read IP mode file for STMicroelectronics.X-CUBE-BLE2.3.3.0
2026-07-10 18:10:33,707 [WARN] PackLoader:240 - Cannot read IP mode file for Infineon.AIROC-Wi-Fi-Bluetooth-STM32.1.8.0
2026-07-10 18:10:33,712 [WARN] PackLoader:240 - Cannot read IP mode file for STMicroelectronics.X-CUBE-NFC9.1.0.0
2026-07-10 18:10:33,715 [WARN] PackLoader:240 - Cannot read IP mode file for STMicroelectronics.X-CUBE-BLE1.7.1.0
2026-07-10 18:10:33,717 [WARN] PackLoader:240 - Cannot read IP mode file for wolfSSL.I-CUBE-wolfMQTT.1.19.2
2026-07-10 18:10:33,719 [WARN] PackLoader:240 - Cannot read IP mode file for STMicroelectronics.X-CUBE-EEPRMA1.5.2.0
2026-07-10 18:10:33,723 [WARN] PackLoader:240 - Cannot read IP mode file for STMicroelectronics.FP-SNS-STAIOTCFT.1.1.0
2026-07-10 18:10:33,731 [WARN] PackLoader:240 - Cannot read IP mode file for STMicroelectronics.X-CUBE-AZRTOS-G0.1.1.0
2026-07-10 18:10:33,734 [WARN] PackLoader:240 - Cannot read IP mode file for STMicroelectronics.X-CUBE-NFC4.3.0.0
2026-07-10 18:10:33,738 [WARN] PackLoader:240 - Cannot read IP mode file for EmbeddedOffice.I-CUBE-FS-RTOS.1.0.1
2026-07-10 18:10:33,740 [WARN] PackLoader:240 - Cannot read IP mode file for wolfSSL.I-CUBE-wolfTPM.3.8.0
2026-07-10 18:10:33,742 [WARN] PackLoader:240 - Cannot read IP mode file for STMicroelectronics.X-CUBE-TCPP.4.2.0
2026-07-10 18:10:33,745 [WARN] PackLoader:240 - Cannot read IP mode file for RealThread.X-CUBE-RT-Thread_Nano.4.1.1
2026-07-10 18:10:33,747 [WARN] PackLoader:240 - Cannot read IP mode file for STMicroelectronics.FP-ATR-SIGFOX1.3.2.0
2026-07-10 18:10:33,749 [WARN] PackLoader:240 - Cannot read IP mode file for ITTIA_DB.I-CUBE-ITTIADB.8.9.0
2026-07-10 18:10:33,751 [WARN] PackLoader:240 - Cannot read IP mode file for Cesanta.I-CUBE-Mongoose.7.21.7
2026-07-10 18:10:33,753 [WARN] PackLoader:240 - Cannot read IP mode file for STMicroelectronics.X-CUBE-NFC6.3.2.0
2026-07-10 18:10:33,757 [WARN] PackLoader:240 - Cannot read IP mode file for STMicroelectronics.X-CUBE-AI.10.2.1
2026-07-10 18:10:33,779 [WARN] PackLoader:240 - Cannot read IP mode file for STMicroelectronics.X-CUBE-MEMS1.12.1.0
2026-07-10 18:10:33,861 [WARN] PackLoader:240 - Cannot read IP mode file for SEGGER.I-CUBE-embOS.1.3.1
2026-07-10 18:10:33,883 [WARN] PackLoader:240 - Cannot read IP mode file for STMicroelectronics.X-CUBE-NFC13.1.0.0
2026-07-10 18:10:33,886 [WARN] PackLoader:240 - Cannot read IP mode file for STMicroelectronics.X-CUBE-PM33A1.1.0.0
2026-07-10 18:10:33,893 [WARN] PackLoader:240 - Cannot read IP mode file for STMicroelectronics.X-CUBE-AZRTOS-F4.1.1.0
2026-07-10 18:10:33,896 [WARN] PackLoader:240 - Cannot read IP mode file for STMicroelectronics.X-CUBE-ISPU.2.1.0
2026-07-10 18:10:33,903 [WARN] PackLoader:240 - Cannot read IP mode file for STMicroelectronics.X-CUBE-IPS.3.2.0
2026-07-10 18:10:33,908 [WARN] PackLoader:240 - Cannot read IP mode file for STMicroelectronics.eDS-WB_DPC_TT-BIDIR.2.1.1
2026-07-10 18:10:33,910 [WARN] PackLoader:240 - Cannot read IP mode file for STMicroelectronics.X-CUBE-NFC12.1.0.0
2026-07-10 18:10:33,918 [WARN] PackLoader:240 - Cannot read IP mode file for STMicroelectronics.X-CUBE-AZRTOS-L5.2.0.0
2026-07-10 18:10:33,922 [WARN] PackLoader:240 - Cannot read IP mode file for STMicroelectronics.X-CUBE-ALGOBUILD.1.5.0
2026-07-10 18:10:33,924 [WARN] PackLoader:240 - Cannot read IP mode file for STMicroelectronics.eDS-WB_DPC_VIENNA.1.2.0
2026-07-10 18:10:33,925 [WARN] PackLoader:240 - Cannot read IP mode file for STMicroelectronics.eDS-WB_DPC_3PH2L-BIDIR.1.1.1
2026-07-10 18:10:33,927 [ERROR] Engine:466 - /home/anton/.stm32cubemx/thirdparties/pdsc/STMicroelectronics.X-CUBE-ST67W61.1.3.0.pdsc: PDSC version is not supported
2026-07-10 18:10:33,928 [WARN] PackLoader:240 - Cannot read IP mode file for STMicroelectronics.X-CUBE-TOUCHGFX.4.26.1
2026-07-10 18:10:33,930 [WARN] PackLoader:240 - Cannot read IP mode file for STMicroelectronics.X-CUBE-DPower.1.3.0
2026-07-10 18:10:33,938 [WARN] ConditionMgr:438 - getConditionDescription Invalid condition id : LAN8742 Phy interface Condition cause : null
2026-07-10 18:10:33,939 [WARN] PackLoader:240 - Cannot read IP mode file for STMicroelectronics.X-CUBE-AZRTOS-L4.2.0.0
2026-07-10 18:10:33,939 [WARN] ConditionMgr:1044 - genDependencies : Invalid condition id : LAN8742 Phy interface Condition cause : null
2026-07-10 18:10:33,939 [WARN] ConditionMgr:1044 - genDependencies : Invalid condition id : LAN8742 Phy interface Condition cause : null
2026-07-10 18:10:33,940 [WARN] ConditionMgr:1044 - genDependencies : Invalid condition id : LAN8742 Phy interface Condition cause : null
2026-07-10 18:10:33,943 [WARN] PackLoader:240 - Cannot read IP mode file for STMicroelectronics.X-CUBE-SFXS2LP1.4.0.0
2026-07-10 18:10:33,946 [WARN] PackLoader:240 - Cannot read IP mode file for STMicroelectronics.X-CUBE-WB05N.2.1.0
2026-07-10 18:10:33,951 [WARN] ConditionMgr:438 - getConditionDescription Invalid condition id : UX DEVICE CLASS RTOS Condition cause : null
2026-07-10 18:10:33,951 [WARN] ConditionMgr:438 - getConditionDescription Invalid condition id : UX DEVICE CLASS RTOS Condition cause : null
2026-07-10 18:10:33,952 [WARN] PackLoader:240 - Cannot read IP mode file for STMicroelectronics.X-CUBE-AZRTOS-WB.2.0.0
2026-07-10 18:10:33,953 [WARN] ConditionMgr:1044 - genDependencies : Invalid condition id : UX DEVICE CLASS RTOS Condition cause : null
2026-07-10 18:10:33,953 [WARN] ConditionMgr:1044 - genDependencies : Invalid condition id : UX DEVICE CLASS RTOS Condition cause : null
2026-07-10 18:10:33,953 [WARN] ConditionMgr:1044 - genDependencies : Invalid condition id : UX DEVICE CLASS RTOS Condition cause : null
2026-07-10 18:10:33,953 [WARN] ConditionMgr:1044 - genDependencies : Invalid condition id : UX DEVICE CLASS RTOS Condition cause : null
2026-07-10 18:10:33,953 [WARN] ConditionMgr:1044 - genDependencies : Invalid condition id : UX DEVICE CLASS RTOS Condition cause : null
2026-07-10 18:10:33,955 [WARN] ConditionMgr:438 - getConditionDescription Invalid condition id : Cortex-A Device cause : null
2026-07-10 18:10:33,958 [WARN] ConditionMgr:1044 - genDependencies : Invalid condition id : Cortex-A Device cause : null
2026-07-10 18:10:33,958 [WARN] ConditionMgr:1044 - genDependencies : Invalid condition id : Cortex-A Device cause : null
2026-07-10 18:10:33,958 [WARN] ConditionMgr:1044 - genDependencies : Invalid condition id : Cortex-A Device cause : null
2026-07-10 18:10:33,967 [WARN] PackLoader:240 - Cannot read IP mode file for STMicroelectronics.X-CUBE-STSE01.2.0.0
2026-07-10 18:10:33,974 [WARN] PackLoader:240 - Cannot read IP mode file for STMicroelectronics.X-CUBE-SUBG2.5.0.0
2026-07-10 18:10:33,985 [WARN] PackLoader:240 - Cannot read IP mode file for STMicroelectronics.X-CUBE-AZRTOS-G4.2.0.0
2026-07-10 18:10:33,987 [WARN] PackLoader:240 - Cannot read IP mode file for wolfSSL.I-CUBE-wolfSSH.1.4.20
2026-07-10 18:10:33,989 [WARN] PackLoader:240 - Cannot read IP mode file for STMicroelectronics.X-CUBE-NFC7.2.0.0
2026-07-10 18:10:33,992 [ERROR] Engine:466 - /home/anton/.stm32cubemx/thirdparties/pdsc/STMicroelectronics.X-CUBE-BLEMGR.4.2.0.pdsc: PDSC version is not supported
2026-07-10 18:10:33,994 [WARN] PackLoader:240 - Cannot read IP mode file for STMicroelectronics.X-CUBE-ALS.1.0.2
2026-07-10 18:10:34,001 [WARN] PackLoader:240 - Cannot read IP mode file for STMicroelectronics.X-CUBE-TOF1.3.4.3
2026-07-10 18:10:34,008 [INFO] ThirdParty:978 - Integrity check success = true
2026-07-10 18:10:34,008 [INFO] IntegrityCheckThread:100 - exiting critical section [integrity check]
2026-07-10 18:10:34,008 [INFO] IntegrityCheckThread:103 - End integrity checks thread
2026-07-10 18:11:32,255 [INFO] Activator:176 - 


2026-07-10 18:11:32,256 [INFO] Activator:177 - !SESSION log4j initialized
2026-07-10 18:11:33,528 [INFO] ApplicationProperties:184 - Using Application install path: /opt/st/stm32cubeide_1.19.0/plugins/com.st.stm32cube.common.mx_6.15.0.202507011659
2026-07-10 18:11:33,537 [INFO] DbMcusXml:78 - Set database path to: /opt/st/stm32cubeide_1.19.0/plugins/com.st.stm32cube.common.mx_6.15.0.202507011659//db//mcu/
2026-07-10 18:11:33,537 [INFO] ApiDb:274 - Set plugin database path to: /opt/st/stm32cubeide_1.19.0/plugins/com.st.stm32cube.common.mx_6.15.0.202507011659//db//plugins/boardmanager/
2026-07-10 18:11:33,537 [WARN] ApiDb:259 - Overriding images path with different value:  => /opt/st/stm32cubeide_1.19.0/plugins/com.st.stm32cube.common.mx_6.15.0.202507011659//db//plugins/mcufinder/images/
2026-07-10 18:11:33,539 [INFO] ApiDb:250 - Set database path to: /home/anton/.stmcufinder/plugins/mcufinder//mcu/
2026-07-10 18:11:33,540 [INFO] DbMcusAds:125 - Set database path to: /home/anton/.stmcufinder/plugins/mcufinder//mcu/
2026-07-10 18:11:33,703 [INFO] CrossReferenceDbSqlite:203 - Set database path to: /home/anton/.stmcufinder/plugins/mcufinder//mcu/cs/
2026-07-10 18:11:33,764 [INFO] RulesReader:64 - Compatibility file has been processed (317 Rules)
2026-07-10 18:11:33,793 [INFO] DbMcusXml:78 - Set database path to: /opt/st/stm32cubeide_1.19.0/plugins/com.st.stm32cube.common.mx_6.15.0.202507011659//db//mcu/
2026-07-10 18:11:33,793 [INFO] ApiDb:274 - Set plugin database path to: /opt/st/stm32cubeide_1.19.0/plugins/com.st.stm32cube.common.mx_6.15.0.202507011659//db//plugins/boardmanager/
2026-07-10 18:11:33,793 [INFO] ApiDb:261 - Set plugin images path to: /opt/st/stm32cubeide_1.19.0/plugins/com.st.stm32cube.common.mx_6.15.0.202507011659//db//plugins/mcufinder/images/
2026-07-10 18:11:33,793 [WARN] DbFile:41 - Overriding database path with different value: /home/anton/.stmcufinder/plugins/mcufinder/ => /home/anton/.stmcufinder/plugins/mcufinder
2026-07-10 18:11:33,794 [INFO] ApiDb:250 - Set database path to: /home/anton/.stmcufinder/plugins/mcufinder//mcu/
2026-07-10 18:11:33,794 [WARN] DbFile:41 - Overriding database path with different value: /home/anton/.stmcufinder/plugins/mcufinder/ => /home/anton/.stmcufinder/plugins/mcufinder
2026-07-10 18:11:33,794 [INFO] DbMcusAds:125 - Set database path to: /home/anton/.stmcufinder/plugins/mcufinder//mcu/
2026-07-10 18:11:33,794 [WARN] DbFile:41 - Overriding database path with different value: /home/anton/.stmcufinder/plugins/mcufinder/ => /home/anton/.stmcufinder/plugins/mcufinder
2026-07-10 18:11:33,794 [WARN] DbFile:41 - Overriding database path with different value: /home/anton/.stmcufinder/plugins/mcufinder/ => /home/anton/.stmcufinder/plugins/mcufinder
2026-07-10 18:11:33,794 [INFO] CrossReferenceDbSqlite:203 - Set database path to: /home/anton/.stmcufinder/plugins/mcufinder//mcu/cs/
2026-07-10 18:11:33,825 [INFO] MainPanel:274 - HeapMemory: 268435456
2026-07-10 18:11:33,881 [INFO] DbMcusXml:78 - Set database path to: /opt/st/stm32cubeide_1.19.0/plugins/com.st.stm32cube.common.mx_6.15.0.202507011659//db//mcu/
2026-07-10 18:11:33,881 [INFO] ApiDb:274 - Set plugin database path to: /opt/st/stm32cubeide_1.19.0/plugins/com.st.stm32cube.common.mx_6.15.0.202507011659//db//plugins/boardmanager/
2026-07-10 18:11:33,881 [INFO] ApiDb:261 - Set plugin images path to: /opt/st/stm32cubeide_1.19.0/plugins/com.st.stm32cube.common.mx_6.15.0.202507011659//db//plugins/mcufinder/images/
2026-07-10 18:11:33,881 [WARN] DbFile:41 - Overriding database path with different value: /home/anton/.stmcufinder/plugins/mcufinder/ => /home/anton/.stmcufinder/plugins/mcufinder
2026-07-10 18:11:33,881 [INFO] ApiDb:250 - Set database path to: /home/anton/.stmcufinder/plugins/mcufinder//mcu/
2026-07-10 18:11:33,881 [WARN] DbFile:41 - Overriding database path with different value: /home/anton/.stmcufinder/plugins/mcufinder/ => /home/anton/.stmcufinder/plugins/mcufinder
2026-07-10 18:11:33,882 [INFO] DbMcusAds:125 - Set database path to: /home/anton/.stmcufinder/plugins/mcufinder//mcu/
2026-07-10 18:11:33,882 [WARN] DbFile:41 - Overriding database path with different value: /home/anton/.stmcufinder/plugins/mcufinder/ => /home/anton/.stmcufinder/plugins/mcufinder
2026-07-10 18:11:33,882 [WARN] DbFile:41 - Overriding database path with different value: /home/anton/.stmcufinder/plugins/mcufinder/ => /home/anton/.stmcufinder/plugins/mcufinder
2026-07-10 18:11:33,882 [INFO] CrossReferenceDbSqlite:203 - Set database path to: /home/anton/.stmcufinder/plugins/mcufinder//mcu/cs/
2026-07-10 18:11:33,889 [INFO] ApplicationProperties:184 - Using Application install path: /opt/st/stm32cubeide_1.19.0/plugins/com.st.stm32cube.common.mx_6.15.0.202507011659
2026-07-10 18:11:33,890 [INFO] PluginManage:196 - Search for loadable plugins [exclusion list=, ]
2026-07-10 18:11:33,890 [INFO] PluginManage:310 - Check plugin analytics
2026-07-10 18:11:34,047 [INFO] AnalyticsPlugin:253 - Accepted Software Licenses: STM32CubeMX.6.16.0
2026-07-10 18:11:34,047 [INFO] AnalyticsPlugin:255 - Accepted CMSIS Pack Licenses: 
2026-07-10 18:11:34,047 [INFO] AnalyticsPlugin:257 - Accepted Firmware Licenses: 
2026-07-10 18:11:34,049 [INFO] PluginManage:359 - Loaded plugin analytics (category:tool,tabindex:-1)
2026-07-10 18:11:34,049 [INFO] PluginManage:310 - Check plugin cadmodel
2026-07-10 18:11:34,052 [INFO] CADModel:105 - Init CAD model plugin
2026-07-10 18:11:34,053 [INFO] PluginManage:359 - Loaded plugin cadmodel (category:power,tabindex:5)
2026-07-10 18:11:34,053 [INFO] PluginManage:310 - Check plugin clock
2026-07-10 18:11:34,061 [INFO] PluginManage:359 - Loaded plugin clock (category:base,tabindex:2)
2026-07-10 18:11:34,061 [INFO] PluginManage:310 - Check plugin ddr
2026-07-10 18:11:34,063 [INFO] PluginManage:359 - Loaded plugin ddr (category:tool,tabindex:6)
2026-07-10 18:11:34,063 [INFO] PluginManage:310 - Check plugin filemanager
2026-07-10 18:11:34,175 [INFO] PluginManage:359 - Loaded plugin filemanager (category:base,tabindex:10)
2026-07-10 18:11:34,175 [INFO] PluginManage:310 - Check plugin ipmanager
2026-07-10 18:11:34,178 [INFO] PluginManage:359 - Loaded plugin ipmanager (category:base,tabindex:5)
2026-07-10 18:11:34,179 [INFO] PluginManage:310 - Check plugin lpbam
2026-07-10 18:11:34,184 [INFO] PluginManage:359 - Loaded plugin lpbam (category:base,tabindex:0)
2026-07-10 18:11:34,185 [INFO] PluginManage:310 - Check plugin memorymap
2026-07-10 18:11:34,191 [INFO] PluginManage:359 - Loaded plugin memorymap (category:base,tabindex:4)
2026-07-10 18:11:34,191 [INFO] PluginManage:310 - Check plugin pinoutandconfiguration
2026-07-10 18:11:34,195 [INFO] PluginManage:359 - Loaded plugin pinoutandconfiguration (category:base,tabindex:1)
2026-07-10 18:11:34,196 [INFO] PluginManage:310 - Check plugin pinoutconfig
2026-07-10 18:11:34,244 [WARN] SupportedApi:132 - Cannot load RTOS API schema: s4s-elt-must-match.1: The content of 'definitions' must match (annotation?, (simpleType | complexType)?, (unique | key | keyref)*)). A problem was found starting at: attribute.
2026-07-10 18:11:34,313 [INFO] PluginManage:359 - Loaded plugin pinoutconfig (category:base,tabindex:0)
2026-07-10 18:11:34,314 [INFO] PluginManage:310 - Check plugin power
2026-07-10 18:11:34,318 [INFO] PluginManage:359 - Loaded plugin power (category:power,tabindex:4)
2026-07-10 18:11:34,318 [INFO] PluginManage:310 - Check plugin projectmanager
2026-07-10 18:11:34,327 [INFO] PluginManage:359 - Loaded plugin projectmanager (category:projectmanager,tabindex:4)
2026-07-10 18:11:34,327 [INFO] PluginManage:310 - Check plugin rif
2026-07-10 18:11:34,334 [INFO] PluginManage:359 - Loaded plugin rif (category:base,tabindex:3)
2026-07-10 18:11:34,334 [INFO] PluginManage:310 - Check plugin thirdparty
2026-07-10 18:11:34,423 [INFO] PluginManage:359 - Loaded plugin thirdparty (category:base,tabindex:-1)
2026-07-10 18:11:34,423 [WARN] IntegrityCheckThread:84 - waiting for thirdparty lock release [integrity check]
2026-07-10 18:11:34,424 [INFO] PluginManage:310 - Check plugin tools
2026-07-10 18:11:34,424 [INFO] IntegrityCheckThread:86 - entering critical section [integrity check]
2026-07-10 18:11:34,424 [INFO] ThirdPartyUpdaterWithRetryManager:70 - Updater plugin not ready yet. [1/15]
2026-07-10 18:11:34,425 [INFO] PluginManage:359 - Loaded plugin tools (category:base,tabindex:7)
2026-07-10 18:11:34,425 [INFO] PluginManage:310 - Check plugin tutovideos
2026-07-10 18:11:34,570 [INFO] PluginManage:359 - Loaded plugin tutovideos (category:base,tabindex:-1)
2026-07-10 18:11:34,570 [INFO] PluginManage:310 - Check plugin updater
2026-07-10 18:11:34,585 [INFO] PluginManage:359 - Loaded plugin updater (category:base,tabindex:12)
2026-07-10 18:11:34,586 [INFO] PluginManage:310 - Check plugin userauth
2026-07-10 18:11:34,588 [INFO] UserAuth:118 - Init User Auth plugin
2026-07-10 18:11:34,589 [INFO] PluginManage:359 - Loaded plugin userauth (category:base,tabindex:14)
2026-07-10 18:11:34,589 [INFO] PluginManage:283 - PluginManage : Loaded plugins [18]
2026-07-10 18:11:34,693 [INFO] PinOutPanel:1589 - setPackage(No Configuration,No Configuration)
2026-07-10 18:11:34,734 [INFO] CADModel:165 - CPN selected for project level
2026-07-10 18:11:34,734 [INFO] CADModel:114 - Register for checkConnection events
2026-07-10 18:11:34,742 [INFO] IPUIPlugin:80 - create IPUIPlugin
2026-07-10 18:11:34,742 [INFO] PluginManager:220 - loadIPPluginJar : add i2s
2026-07-10 18:11:34,745 [INFO] IPUIPlugin:80 - create IPUIPlugin
2026-07-10 18:11:34,746 [INFO] PluginManager:220 - loadIPPluginJar : add dma
2026-07-10 18:11:34,747 [INFO] IPUIPlugin:80 - create IPUIPlugin
2026-07-10 18:11:34,747 [INFO] PluginManager:220 - loadIPPluginJar : add tim
2026-07-10 18:11:34,748 [INFO] IPUIPlugin:80 - create IPUIPlugin
2026-07-10 18:11:34,748 [INFO] PluginManager:220 - loadIPPluginJar : add ltdc
2026-07-10 18:11:34,748 [INFO] IPUIPlugin:80 - create IPUIPlugin
2026-07-10 18:11:34,748 [INFO] PluginManager:220 - loadIPPluginJar : add quadspi
2026-07-10 18:11:34,753 [INFO] IPUIPlugin:80 - create IPUIPlugin
2026-07-10 18:11:34,753 [INFO] PluginManager:220 - loadIPPluginJar : add stm32_wpan
2026-07-10 18:11:34,754 [INFO] IPUIPlugin:80 - create IPUIPlugin
2026-07-10 18:11:34,754 [INFO] PluginManager:220 - loadIPPluginJar : add ddr_ctrl_phy
2026-07-10 18:11:34,755 [INFO] IPUIPlugin:80 - create IPUIPlugin
2026-07-10 18:11:34,755 [INFO] PluginManager:220 - loadIPPluginJar : add can
2026-07-10 18:11:34,758 [INFO] IPUIPlugin:80 - create IPUIPlugin
2026-07-10 18:11:34,758 [INFO] PluginManager:220 - loadIPPluginJar : add gic
2026-07-10 18:11:34,759 [INFO] IPUIPlugin:80 - create IPUIPlugin
2026-07-10 18:11:34,759 [INFO] PluginManager:220 - loadIPPluginJar : add spi
2026-07-10 18:11:34,760 [INFO] IPUIPlugin:80 - create IPUIPlugin
2026-07-10 18:11:34,760 [INFO] PluginManager:220 - loadIPPluginJar : add openamp
2026-07-10 18:11:34,761 [INFO] IPUIPlugin:80 - create IPUIPlugin
2026-07-10 18:11:34,761 [INFO] PluginManager:220 - loadIPPluginJar : add aes
2026-07-10 18:11:34,763 [INFO] IPUIPlugin:80 - create IPUIPlugin
2026-07-10 18:11:34,763 [INFO] PluginManager:220 - loadIPPluginJar : add gtzc
2026-07-10 18:11:34,767 [INFO] IPUIPlugin:80 - create IPUIPlugin
2026-07-10 18:11:34,767 [INFO] PluginManager:220 - loadIPPluginJar : add linkedlist
2026-07-10 18:11:34,768 [INFO] IPUIPlugin:80 - create IPUIPlugin
2026-07-10 18:11:34,768 [INFO] PluginManager:220 - loadIPPluginJar : add fatfs
2026-07-10 18:11:34,769 [INFO] IPUIPlugin:80 - create IPUIPlugin
2026-07-10 18:11:34,769 [INFO] PluginManager:220 - loadIPPluginJar : add dma3
2026-07-10 18:11:34,772 [INFO] IPUIPlugin:80 - create IPUIPlugin
2026-07-10 18:11:34,773 [INFO] PluginManager:220 - loadIPPluginJar : add mdma
2026-07-10 18:11:34,774 [INFO] IPUIPlugin:80 - create IPUIPlugin
2026-07-10 18:11:34,774 [INFO] PluginManager:220 - loadIPPluginJar : add resmgrutility
2026-07-10 18:11:34,775 [INFO] IPUIPlugin:80 - create IPUIPlugin
2026-07-10 18:11:34,775 [INFO] PluginManager:220 - loadIPPluginJar : add genericplugin
2026-07-10 18:11:34,776 [INFO] IPUIPlugin:80 - create IPUIPlugin
2026-07-10 18:11:34,776 [INFO] PluginManager:220 - loadIPPluginJar : add hash
2026-07-10 18:11:34,777 [INFO] IPUIPlugin:80 - create IPUIPlugin
2026-07-10 18:11:34,777 [INFO] PluginManager:220 - loadIPPluginJar : add lorawan
2026-07-10 18:11:34,777 [INFO] IPUIPlugin:80 - create IPUIPlugin
2026-07-10 18:11:34,778 [INFO] PluginManager:220 - loadIPPluginJar : add tracer_emb
2026-07-10 18:11:34,779 [INFO] IPUIPlugin:80 - create IPUIPlugin
2026-07-10 18:11:34,779 [INFO] PluginManager:220 - loadIPPluginJar : add extmemmanager
2026-07-10 18:11:34,780 [INFO] IPUIPlugin:80 - create IPUIPlugin
2026-07-10 18:11:34,781 [INFO] PluginManager:220 - loadIPPluginJar : add nvic
2026-07-10 18:11:34,783 [INFO] IPUIPlugin:80 - create IPUIPlugin
2026-07-10 18:11:34,783 [INFO] PluginManager:220 - loadIPPluginJar : add fmc
2026-07-10 18:11:34,785 [INFO] IPUIPlugin:80 - create IPUIPlugin
2026-07-10 18:11:34,785 [INFO] PluginManager:220 - loadIPPluginJar : add ipddr
2026-07-10 18:11:34,787 [INFO] IPUIPlugin:80 - create IPUIPlugin
2026-07-10 18:11:34,787 [INFO] PluginManager:220 - loadIPPluginJar : add gpio
2026-07-10 18:11:34,788 [INFO] IPUIPlugin:80 - create IPUIPlugin
2026-07-10 18:11:34,788 [INFO] PluginManager:220 - loadIPPluginJar : add ts
2026-07-10 18:11:34,791 [INFO] IPUIPlugin:80 - create IPUIPlugin
2026-07-10 18:11:34,791 [INFO] PluginManager:220 - loadIPPluginJar : add freertos
2026-07-10 18:11:34,792 [INFO] IPUIPlugin:80 - create IPUIPlugin
2026-07-10 18:11:34,794 [INFO] PluginManager:220 - loadIPPluginJar : add radio
2026-07-10 18:11:34,794 [INFO] IPUIPlugin:80 - create IPUIPlugin
2026-07-10 18:11:34,795 [INFO] PluginManager:220 - loadIPPluginJar : add gfxmmu
2026-07-10 18:11:34,796 [INFO] IPUIPlugin:80 - create IPUIPlugin
2026-07-10 18:11:34,796 [INFO] PluginManager:220 - loadIPPluginJar : add dfsdm
2026-07-10 18:11:34,797 [INFO] IPUIPlugin:80 - create IPUIPlugin
2026-07-10 18:11:34,797 [INFO] PluginManager:220 - loadIPPluginJar : add opamp
2026-07-10 18:11:34,798 [INFO] IPUIPlugin:80 - create IPUIPlugin
2026-07-10 18:11:34,798 [INFO] PluginManager:220 - loadIPPluginJar : add tsc
2026-07-10 18:11:34,800 [INFO] IPUIPlugin:80 - create IPUIPlugin
2026-07-10 18:11:34,800 [INFO] PluginManager:220 - loadIPPluginJar : add i3c
2026-07-10 18:11:34,801 [INFO] IPUIPlugin:80 - create IPUIPlugin
2026-07-10 18:11:34,801 [INFO] PluginManager:220 - loadIPPluginJar : add sai
2026-07-10 18:11:34,804 [INFO] IPUIPlugin:80 - create IPUIPlugin
2026-07-10 18:11:34,804 [INFO] PluginManager:220 - loadIPPluginJar : add touchsensing
2026-07-10 18:11:34,805 [INFO] IPUIPlugin:80 - create IPUIPlugin
2026-07-10 18:11:34,806 [INFO] PluginManager:220 - loadIPPluginJar : add cryp
2026-07-10 18:11:34,807 [INFO] IPUIPlugin:80 - create IPUIPlugin
2026-07-10 18:11:34,807 [INFO] PluginManager:220 - loadIPPluginJar : add pdm2pcm
2026-07-10 18:11:34,808 [INFO] IPUIPlugin:80 - create IPUIPlugin
2026-07-10 18:11:34,808 [INFO] PluginManager:220 - loadIPPluginJar : add comp
2026-07-10 18:11:34,809 [INFO] IPUIPlugin:80 - create IPUIPlugin
2026-07-10 18:11:34,809 [INFO] PluginManager:220 - loadIPPluginJar : add usart
2026-07-10 18:11:34,810 [INFO] IPUIPlugin:80 - create IPUIPlugin
2026-07-10 18:11:34,810 [INFO] PluginManager:220 - loadIPPluginJar : add ucpd
2026-07-10 18:11:34,811 [INFO] IPUIPlugin:80 - create IPUIPlugin
2026-07-10 18:11:34,811 [INFO] PluginManager:220 - loadIPPluginJar : add i2c
2026-07-10 18:11:34,813 [INFO] IPUIPlugin:80 - create IPUIPlugin
2026-07-10 18:11:34,813 [INFO] PluginManager:220 - loadIPPluginJar : add usbx
2026-07-10 18:11:34,817 [INFO] IPUIPlugin:80 - create IPUIPlugin
2026-07-10 18:11:34,817 [INFO] PluginManager:220 - loadIPPluginJar : add adc
2026-07-10 18:11:34,821 [INFO] IPUIPlugin:80 - create IPUIPlugin
2026-07-10 18:11:34,823 [INFO] PluginManager:220 - loadIPPluginJar : add plateformsettings
2026-07-10 18:11:34,917 [FATAL] Updater:351 - Updater called before beeing initialized
2026-07-10 18:11:34,930 [INFO] RulesReader:64 - Compatibility file has been processed (317 Rules)
2026-07-10 18:11:34,938 [INFO] RulesReader:64 - Compatibility file has been processed (317 Rules)
2026-07-10 18:11:34,942 [INFO] CADModel:165 - CPN selected for project level
2026-07-10 18:11:34,942 [INFO] CADModel:114 - Register for checkConnection events
2026-07-10 18:11:34,943 [FATAL] Updater:351 - Updater called before beeing initialized
2026-07-10 18:11:34,943 [ERROR] CADModel:125 - Updater not yet initialized, retry later 
2026-07-10 18:11:35,012 [FATAL] Updater:351 - Updater called before beeing initialized
2026-07-10 18:11:35,013 [INFO] CADModel:165 - CPN selected for project level
2026-07-10 18:11:35,013 [INFO] CADModel:114 - Register for checkConnection events
2026-07-10 18:11:35,013 [FATAL] Updater:351 - Updater called before beeing initialized
2026-07-10 18:11:35,013 [ERROR] CADModel:125 - Updater not yet initialized, retry later 
2026-07-10 18:11:35,015 [FATAL] Updater:351 - Updater called before beeing initialized
2026-07-10 18:11:35,065 [FATAL] Updater:351 - Updater called before beeing initialized
2026-07-10 18:11:35,068 [INFO] DbMcusAds:53 - JSON generation date=Thu May 28 21:38:16 IST 2026 (1779984496462)
2026-07-10 18:11:35,068 [FATAL] Updater:351 - Updater called before beeing initialized
2026-07-10 18:11:35,088 [WARN] DetailPanel:346 - Failed to get advertising image, set to default
2026-07-10 18:11:35,135 [FATAL] Updater:351 - Updater called before beeing initialized
2026-07-10 18:11:35,136 [FATAL] Updater:351 - Updater called before beeing initialized
2026-07-10 18:11:35,137 [FATAL] Updater:351 - Updater called before beeing initialized
2026-07-10 18:11:35,137 [WARN] DetailPanel:346 - Failed to get advertising image, set to default
2026-07-10 18:11:35,138 [FATAL] Updater:351 - Updater called before beeing initialized
2026-07-10 18:11:35,158 [ERROR] Updater:1198 - MainUpdater not yet initialized. External WinMGr cannot be set.
2026-07-10 18:11:35,160 [INFO] Updater:1134 - Updater Version found : 6.15.0
2026-07-10 18:11:35,170 [INFO] ApplicationProperties:184 - Using Application install path: /opt/st/stm32cubeide_1.19.0/plugins/com.st.stm32cube.common.mx_6.15.0.202507011659
2026-07-10 18:11:35,496 [INFO] MainUpdater:2872 - connection check result : 10
2026-07-10 18:11:35,496 [INFO] MainUpdater:289 - Updater Check For Update Now.
2026-07-10 18:11:35,496 [INFO] MicroXplorer:498 - Change Database Version : DB.6.0.150
2026-07-10 18:11:35,642 [INFO] CheckServerUpdateThread:120 - End of CheckServer Thread
2026-07-10 18:11:35,705 [INFO] MainUpdater:2872 - connection check result : 10
2026-07-10 18:11:35,705 [INFO] MainUpdater:2872 - connection check result : 10
2026-07-10 18:11:37,505 [WARN] PackLoader:240 - Cannot read IP mode file for STMicroelectronics.X-CUBE-AZRTOS-H7.3.5.0
2026-07-10 18:11:37,512 [WARN] PackLoader:240 - Cannot read IP mode file for STMicroelectronics.FP-ATR-ASTRA1.2.0.2
2026-07-10 18:11:37,516 [ERROR] Engine:466 - /home/anton/.stm32cubemx/thirdparties/pdsc/STMicroelectronics.X-CUBE-SMBUS.2.1.1.pdsc: PDSC version is not supported
2026-07-10 18:11:37,529 [WARN] PackLoader:240 - Cannot read IP mode file for STMicroelectronics.X-CUBE-AZRTOS-F7.1.1.0
2026-07-10 18:11:37,536 [WARN] PackLoader:240 - Cannot read IP mode file for STMicroelectronics.X-CUBE-FREERTOS.1.6.0
2026-07-10 18:11:37,539 [WARN] PackLoader:240 - Cannot read IP mode file for STMicroelectronics.FP-SNS-MOTENV1.5.1.0
2026-07-10 18:11:37,554 [WARN] PackLoader:240 - Cannot read IP mode file for STMicroelectronics.X-CUBE-AZRTOS-H7RS.1.3.0
2026-07-10 18:11:37,561 [WARN] PackLoader:240 - Cannot read IP mode file for WES.I-CUBE-Cesium.1.4.0
2026-07-10 18:11:37,566 [WARN] PackLoader:240 - Cannot read IP mode file for STMicroelectronics.X-CUBE-DISPLAY.3.0.0
2026-07-10 18:11:37,572 [WARN] PackLoader:240 - Cannot read IP mode file for STMicroelectronics.X-CUBE-GNSS1.7.1.1
2026-07-10 18:11:37,575 [WARN] PackLoader:240 - Cannot read IP mode file for STMicroelectronics.FP-SNS-MOTENVWB1.1.5.0
2026-07-10 18:11:37,576 [WARN] PackLoader:240 - Cannot read IP mode file for wolfSSL.I-CUBE-wolfSSL.5.9.1
2026-07-10 18:11:37,579 [WARN] PackLoader:240 - Cannot read IP mode file for STMicroelectronics.X-CUBE-NFC10.1.0.0
2026-07-10 18:11:37,583 [WARN] PackLoader:240 - Cannot read IP mode file for STMicroelectronics.X-CUBE-ST60.1.1.0
2026-07-10 18:11:37,586 [WARN] PackLoader:240 - Cannot read IP mode file for emotas.I-CUBE-CANOPEN.1.3.0
2026-07-10 18:11:37,587 [ERROR] Engine:466 - /home/anton/.stm32cubemx/thirdparties/pdsc/STMicroelectronics.X-CUBE-WBA.1.1.0.pdsc: PDSC version is not supported
2026-07-10 18:11:37,590 [WARN] PackLoader:240 - Cannot read IP mode file for STMicroelectronics.FP-SNS-STBOX1.2.1.0
2026-07-10 18:11:37,600 [WARN] PackLoader:240 - Cannot read IP mode file for STMicroelectronics.FP-SNS-SMARTAG2.1.2.0
2026-07-10 18:11:37,603 [WARN] PackLoader:240 - Cannot read IP mode file for STMicroelectronics.FP-SNS-FLIGHT1.5.1.0
2026-07-10 18:11:37,611 [INFO] LogOutputStream:77 - [STDOUT_REDIRECT] 1 : Invalid condition id : UX_CORESTACK_Condition cause : null
2026-07-10 18:11:37,612 [INFO] LogOutputStream:77 - [STDOUT_REDIRECT] 1 : Invalid condition id : UX_CORESTACK_Condition cause : null
2026-07-10 18:11:37,612 [INFO] LogOutputStream:77 - [STDOUT_REDIRECT] 1 : Invalid condition id : UX_CORESTACK_Condition cause : null
2026-07-10 18:11:37,612 [INFO] LogOutputStream:77 - [STDOUT_REDIRECT] 1 : Invalid condition id : UX_CORESTACK_Condition cause : null
2026-07-10 18:11:37,612 [INFO] LogOutputStream:77 - [STDOUT_REDIRECT] 1 : Invalid condition id : UX_CORESTACK_Condition cause : null
2026-07-10 18:11:37,615 [WARN] PackLoader:240 - Cannot read IP mode file for STMicroelectronics.X-CUBE-AZRTOS-WL.2.0.0
2026-07-10 18:11:37,619 [WARN] PackLoader:240 - Cannot read IP mode file for STMicroelectronics.X-CUBE-BLE2.3.3.0
2026-07-10 18:11:37,637 [WARN] PackLoader:240 - Cannot read IP mode file for Infineon.AIROC-Wi-Fi-Bluetooth-STM32.1.8.0
2026-07-10 18:11:37,642 [WARN] PackLoader:240 - Cannot read IP mode file for STMicroelectronics.X-CUBE-NFC9.1.0.0
2026-07-10 18:11:37,645 [WARN] PackLoader:240 - Cannot read IP mode file for STMicroelectronics.X-CUBE-BLE1.7.1.0
2026-07-10 18:11:37,647 [WARN] PackLoader:240 - Cannot read IP mode file for wolfSSL.I-CUBE-wolfMQTT.1.19.2
2026-07-10 18:11:37,649 [WARN] PackLoader:240 - Cannot read IP mode file for STMicroelectronics.X-CUBE-EEPRMA1.5.2.0
2026-07-10 18:11:37,653 [WARN] PackLoader:240 - Cannot read IP mode file for STMicroelectronics.FP-SNS-STAIOTCFT.1.1.0
2026-07-10 18:11:37,661 [WARN] PackLoader:240 - Cannot read IP mode file for STMicroelectronics.X-CUBE-AZRTOS-G0.1.1.0
2026-07-10 18:11:37,664 [WARN] PackLoader:240 - Cannot read IP mode file for STMicroelectronics.X-CUBE-NFC4.3.0.0
2026-07-10 18:11:37,669 [WARN] PackLoader:240 - Cannot read IP mode file for EmbeddedOffice.I-CUBE-FS-RTOS.1.0.1
2026-07-10 18:11:37,670 [WARN] PackLoader:240 - Cannot read IP mode file for wolfSSL.I-CUBE-wolfTPM.3.8.0
2026-07-10 18:11:37,673 [WARN] PackLoader:240 - Cannot read IP mode file for STMicroelectronics.X-CUBE-TCPP.4.2.0
2026-07-10 18:11:37,675 [WARN] PackLoader:240 - Cannot read IP mode file for RealThread.X-CUBE-RT-Thread_Nano.4.1.1
2026-07-10 18:11:37,677 [WARN] PackLoader:240 - Cannot read IP mode file for STMicroelectronics.FP-ATR-SIGFOX1.3.2.0
2026-07-10 18:11:37,679 [WARN] PackLoader:240 - Cannot read IP mode file for ITTIA_DB.I-CUBE-ITTIADB.8.9.0
2026-07-10 18:11:37,681 [WARN] PackLoader:240 - Cannot read IP mode file for Cesanta.I-CUBE-Mongoose.7.21.7
2026-07-10 18:11:37,683 [WARN] PackLoader:240 - Cannot read IP mode file for STMicroelectronics.X-CUBE-NFC6.3.2.0
2026-07-10 18:11:37,687 [WARN] PackLoader:240 - Cannot read IP mode file for STMicroelectronics.X-CUBE-AI.10.2.1
2026-07-10 18:11:37,709 [WARN] PackLoader:240 - Cannot read IP mode file for STMicroelectronics.X-CUBE-MEMS1.12.1.0
2026-07-10 18:11:37,785 [WARN] PackLoader:240 - Cannot read IP mode file for SEGGER.I-CUBE-embOS.1.3.1
2026-07-10 18:11:37,809 [WARN] PackLoader:240 - Cannot read IP mode file for STMicroelectronics.X-CUBE-NFC13.1.0.0
2026-07-10 18:11:37,812 [WARN] PackLoader:240 - Cannot read IP mode file for STMicroelectronics.X-CUBE-PM33A1.1.0.0
2026-07-10 18:11:37,820 [WARN] PackLoader:240 - Cannot read IP mode file for STMicroelectronics.X-CUBE-AZRTOS-F4.1.1.0
2026-07-10 18:11:37,823 [WARN] PackLoader:240 - Cannot read IP mode file for STMicroelectronics.X-CUBE-ISPU.2.1.0
2026-07-10 18:11:37,830 [WARN] PackLoader:240 - Cannot read IP mode file for STMicroelectronics.X-CUBE-IPS.3.2.0
2026-07-10 18:11:37,835 [WARN] PackLoader:240 - Cannot read IP mode file for STMicroelectronics.eDS-WB_DPC_TT-BIDIR.2.1.1
2026-07-10 18:11:37,838 [WARN] PackLoader:240 - Cannot read IP mode file for STMicroelectronics.X-CUBE-NFC12.1.0.0
2026-07-10 18:11:37,846 [WARN] PackLoader:240 - Cannot read IP mode file for STMicroelectronics.X-CUBE-AZRTOS-L5.2.0.0
2026-07-10 18:11:37,850 [WARN] PackLoader:240 - Cannot read IP mode file for STMicroelectronics.X-CUBE-ALGOBUILD.1.5.0
2026-07-10 18:11:37,852 [WARN] PackLoader:240 - Cannot read IP mode file for STMicroelectronics.eDS-WB_DPC_VIENNA.1.2.0
2026-07-10 18:11:37,853 [WARN] PackLoader:240 - Cannot read IP mode file for STMicroelectronics.eDS-WB_DPC_3PH2L-BIDIR.1.1.1
2026-07-10 18:11:37,854 [ERROR] Engine:466 - /home/anton/.stm32cubemx/thirdparties/pdsc/STMicroelectronics.X-CUBE-ST67W61.1.3.0.pdsc: PDSC version is not supported
2026-07-10 18:11:37,856 [WARN] PackLoader:240 - Cannot read IP mode file for STMicroelectronics.X-CUBE-TOUCHGFX.4.26.1
2026-07-10 18:11:37,857 [WARN] PackLoader:240 - Cannot read IP mode file for STMicroelectronics.X-CUBE-DPower.1.3.0
2026-07-10 18:11:37,865 [WARN] ConditionMgr:438 - getConditionDescription Invalid condition id : LAN8742 Phy interface Condition cause : null
2026-07-10 18:11:37,866 [WARN] PackLoader:240 - Cannot read IP mode file for STMicroelectronics.X-CUBE-AZRTOS-L4.2.0.0
2026-07-10 18:11:37,866 [WARN] ConditionMgr:1044 - genDependencies : Invalid condition id : LAN8742 Phy interface Condition cause : null
2026-07-10 18:11:37,866 [WARN] ConditionMgr:1044 - genDependencies : Invalid condition id : LAN8742 Phy interface Condition cause : null
2026-07-10 18:11:37,867 [WARN] ConditionMgr:1044 - genDependencies : Invalid condition id : LAN8742 Phy interface Condition cause : null
2026-07-10 18:11:37,870 [WARN] PackLoader:240 - Cannot read IP mode file for STMicroelectronics.X-CUBE-SFXS2LP1.4.0.0
2026-07-10 18:11:37,873 [WARN] PackLoader:240 - Cannot read IP mode file for STMicroelectronics.X-CUBE-WB05N.2.1.0
2026-07-10 18:11:37,878 [WARN] ConditionMgr:438 - getConditionDescription Invalid condition id : UX DEVICE CLASS RTOS Condition cause : null
2026-07-10 18:11:37,878 [WARN] ConditionMgr:438 - getConditionDescription Invalid condition id : UX DEVICE CLASS RTOS Condition cause : null
2026-07-10 18:11:37,879 [WARN] PackLoader:240 - Cannot read IP mode file for STMicroelectronics.X-CUBE-AZRTOS-WB.2.0.0
2026-07-10 18:11:37,880 [WARN] ConditionMgr:1044 - genDependencies : Invalid condition id : UX DEVICE CLASS RTOS Condition cause : null
2026-07-10 18:11:37,880 [WARN] ConditionMgr:1044 - genDependencies : Invalid condition id : UX DEVICE CLASS RTOS Condition cause : null
2026-07-10 18:11:37,880 [WARN] ConditionMgr:1044 - genDependencies : Invalid condition id : UX DEVICE CLASS RTOS Condition cause : null
2026-07-10 18:11:37,880 [WARN] ConditionMgr:1044 - genDependencies : Invalid condition id : UX DEVICE CLASS RTOS Condition cause : null
2026-07-10 18:11:37,880 [WARN] ConditionMgr:1044 - genDependencies : Invalid condition id : UX DEVICE CLASS RTOS Condition cause : null
2026-07-10 18:11:37,882 [WARN] ConditionMgr:438 - getConditionDescription Invalid condition id : Cortex-A Device cause : null
2026-07-10 18:11:37,886 [WARN] ConditionMgr:1044 - genDependencies : Invalid condition id : Cortex-A Device cause : null
2026-07-10 18:11:37,886 [WARN] ConditionMgr:1044 - genDependencies : Invalid condition id : Cortex-A Device cause : null
2026-07-10 18:11:37,886 [WARN] ConditionMgr:1044 - genDependencies : Invalid condition id : Cortex-A Device cause : null
2026-07-10 18:11:37,888 [WARN] PackLoader:240 - Cannot read IP mode file for STMicroelectronics.X-CUBE-STSE01.2.0.0
2026-07-10 18:11:37,898 [WARN] PackLoader:240 - Cannot read IP mode file for STMicroelectronics.X-CUBE-SUBG2.5.0.0
2026-07-10 18:11:37,915 [WARN] PackLoader:240 - Cannot read IP mode file for STMicroelectronics.X-CUBE-AZRTOS-G4.2.0.0
2026-07-10 18:11:37,919 [WARN] PackLoader:240 - Cannot read IP mode file for wolfSSL.I-CUBE-wolfSSH.1.4.20
2026-07-10 18:11:37,922 [WARN] PackLoader:240 - Cannot read IP mode file for STMicroelectronics.X-CUBE-NFC7.2.0.0
2026-07-10 18:11:37,926 [ERROR] Engine:466 - /home/anton/.stm32cubemx/thirdparties/pdsc/STMicroelectronics.X-CUBE-BLEMGR.4.2.0.pdsc: PDSC version is not supported
2026-07-10 18:11:37,928 [WARN] PackLoader:240 - Cannot read IP mode file for STMicroelectronics.X-CUBE-ALS.1.0.2
2026-07-10 18:11:37,937 [WARN] PackLoader:240 - Cannot read IP mode file for STMicroelectronics.X-CUBE-TOF1.3.4.3
2026-07-10 18:11:37,962 [INFO] ThirdParty:978 - Integrity check success = true
2026-07-10 18:11:37,963 [INFO] IntegrityCheckThread:100 - exiting critical section [integrity check]
2026-07-10 18:11:37,963 [INFO] IntegrityCheckThread:103 - End integrity checks thread
2026-07-10 19:21:45,869 [INFO] Activator:176 - 


2026-07-10 19:21:45,870 [INFO] Activator:177 - !SESSION log4j initialized
2026-07-10 19:21:47,030 [INFO] ApplicationProperties:184 - Using Application install path: /opt/st/stm32cubeide_1.19.0/plugins/com.st.stm32cube.common.mx_6.15.0.202507011659
2026-07-10 19:21:47,039 [INFO] DbMcusXml:78 - Set database path to: /opt/st/stm32cubeide_1.19.0/plugins/com.st.stm32cube.common.mx_6.15.0.202507011659//db//mcu/
2026-07-10 19:21:47,039 [INFO] ApiDb:274 - Set plugin database path to: /opt/st/stm32cubeide_1.19.0/plugins/com.st.stm32cube.common.mx_6.15.0.202507011659//db//plugins/boardmanager/
2026-07-10 19:21:47,039 [WARN] ApiDb:259 - Overriding images path with different value:  => /opt/st/stm32cubeide_1.19.0/plugins/com.st.stm32cube.common.mx_6.15.0.202507011659//db//plugins/mcufinder/images/
2026-07-10 19:21:47,041 [INFO] ApiDb:250 - Set database path to: /home/anton/.stmcufinder/plugins/mcufinder//mcu/
2026-07-10 19:21:47,041 [INFO] DbMcusAds:125 - Set database path to: /home/anton/.stmcufinder/plugins/mcufinder//mcu/
2026-07-10 19:21:47,391 [INFO] CrossReferenceDbSqlite:203 - Set database path to: /home/anton/.stmcufinder/plugins/mcufinder//mcu/cs/
2026-07-10 19:21:47,453 [INFO] RulesReader:64 - Compatibility file has been processed (317 Rules)
2026-07-10 19:21:47,480 [INFO] DbMcusXml:78 - Set database path to: /opt/st/stm32cubeide_1.19.0/plugins/com.st.stm32cube.common.mx_6.15.0.202507011659//db//mcu/
2026-07-10 19:21:47,480 [INFO] ApiDb:274 - Set plugin database path to: /opt/st/stm32cubeide_1.19.0/plugins/com.st.stm32cube.common.mx_6.15.0.202507011659//db//plugins/boardmanager/
2026-07-10 19:21:47,480 [INFO] ApiDb:261 - Set plugin images path to: /opt/st/stm32cubeide_1.19.0/plugins/com.st.stm32cube.common.mx_6.15.0.202507011659//db//plugins/mcufinder/images/
2026-07-10 19:21:47,481 [WARN] DbFile:41 - Overriding database path with different value: /home/anton/.stmcufinder/plugins/mcufinder/ => /home/anton/.stmcufinder/plugins/mcufinder
2026-07-10 19:21:47,481 [INFO] ApiDb:250 - Set database path to: /home/anton/.stmcufinder/plugins/mcufinder//mcu/
2026-07-10 19:21:47,481 [WARN] DbFile:41 - Overriding database path with different value: /home/anton/.stmcufinder/plugins/mcufinder/ => /home/anton/.stmcufinder/plugins/mcufinder
2026-07-10 19:21:47,481 [INFO] DbMcusAds:125 - Set database path to: /home/anton/.stmcufinder/plugins/mcufinder//mcu/
2026-07-10 19:21:47,481 [WARN] DbFile:41 - Overriding database path with different value: /home/anton/.stmcufinder/plugins/mcufinder/ => /home/anton/.stmcufinder/plugins/mcufinder
2026-07-10 19:21:47,481 [WARN] DbFile:41 - Overriding database path with different value: /home/anton/.stmcufinder/plugins/mcufinder/ => /home/anton/.stmcufinder/plugins/mcufinder
2026-07-10 19:21:47,481 [INFO] CrossReferenceDbSqlite:203 - Set database path to: /home/anton/.stmcufinder/plugins/mcufinder//mcu/cs/
2026-07-10 19:21:47,509 [INFO] MainPanel:274 - HeapMemory: 268435456
2026-07-10 19:21:47,560 [INFO] DbMcusXml:78 - Set database path to: /opt/st/stm32cubeide_1.19.0/plugins/com.st.stm32cube.common.mx_6.15.0.202507011659//db//mcu/
2026-07-10 19:21:47,560 [INFO] ApiDb:274 - Set plugin database path to: /opt/st/stm32cubeide_1.19.0/plugins/com.st.stm32cube.common.mx_6.15.0.202507011659//db//plugins/boardmanager/
2026-07-10 19:21:47,560 [INFO] ApiDb:261 - Set plugin images path to: /opt/st/stm32cubeide_1.19.0/plugins/com.st.stm32cube.common.mx_6.15.0.202507011659//db//plugins/mcufinder/images/
2026-07-10 19:21:47,560 [WARN] DbFile:41 - Overriding database path with different value: /home/anton/.stmcufinder/plugins/mcufinder/ => /home/anton/.stmcufinder/plugins/mcufinder
2026-07-10 19:21:47,560 [INFO] ApiDb:250 - Set database path to: /home/anton/.stmcufinder/plugins/mcufinder//mcu/
2026-07-10 19:21:47,560 [WARN] DbFile:41 - Overriding database path with different value: /home/anton/.stmcufinder/plugins/mcufinder/ => /home/anton/.stmcufinder/plugins/mcufinder
2026-07-10 19:21:47,560 [INFO] DbMcusAds:125 - Set database path to: /home/anton/.stmcufinder/plugins/mcufinder//mcu/
2026-07-10 19:21:47,561 [WARN] DbFile:41 - Overriding database path with different value: /home/anton/.stmcufinder/plugins/mcufinder/ => /home/anton/.stmcufinder/plugins/mcufinder
2026-07-10 19:21:47,561 [WARN] DbFile:41 - Overriding database path with different value: /home/anton/.stmcufinder/plugins/mcufinder/ => /home/anton/.stmcufinder/plugins/mcufinder
2026-07-10 19:21:47,561 [INFO] CrossReferenceDbSqlite:203 - Set database path to: /home/anton/.stmcufinder/plugins/mcufinder//mcu/cs/
2026-07-10 19:21:47,567 [INFO] ApplicationProperties:184 - Using Application install path: /opt/st/stm32cubeide_1.19.0/plugins/com.st.stm32cube.common.mx_6.15.0.202507011659
2026-07-10 19:21:47,568 [INFO] PluginManage:196 - Search for loadable plugins [exclusion list=, ]
2026-07-10 19:21:47,569 [INFO] PluginManage:310 - Check plugin analytics
2026-07-10 19:21:47,730 [INFO] AnalyticsPlugin:253 - Accepted Software Licenses: STM32CubeMX.6.16.0
2026-07-10 19:21:47,730 [INFO] AnalyticsPlugin:255 - Accepted CMSIS Pack Licenses: 
2026-07-10 19:21:47,730 [INFO] AnalyticsPlugin:257 - Accepted Firmware Licenses: 
2026-07-10 19:21:47,732 [INFO] PluginManage:359 - Loaded plugin analytics (category:tool,tabindex:-1)
2026-07-10 19:21:47,732 [INFO] PluginManage:310 - Check plugin cadmodel
2026-07-10 19:21:47,736 [INFO] CADModel:105 - Init CAD model plugin
2026-07-10 19:21:47,736 [INFO] PluginManage:359 - Loaded plugin cadmodel (category:power,tabindex:5)
2026-07-10 19:21:47,736 [INFO] PluginManage:310 - Check plugin clock
2026-07-10 19:21:47,743 [INFO] PluginManage:359 - Loaded plugin clock (category:base,tabindex:2)
2026-07-10 19:21:47,743 [INFO] PluginManage:310 - Check plugin ddr
2026-07-10 19:21:47,745 [INFO] PluginManage:359 - Loaded plugin ddr (category:tool,tabindex:6)
2026-07-10 19:21:47,745 [INFO] PluginManage:310 - Check plugin filemanager
2026-07-10 19:21:47,855 [INFO] PluginManage:359 - Loaded plugin filemanager (category:base,tabindex:10)
2026-07-10 19:21:47,855 [INFO] PluginManage:310 - Check plugin ipmanager
2026-07-10 19:21:47,859 [INFO] PluginManage:359 - Loaded plugin ipmanager (category:base,tabindex:5)
2026-07-10 19:21:47,859 [INFO] PluginManage:310 - Check plugin lpbam
2026-07-10 19:21:47,864 [INFO] PluginManage:359 - Loaded plugin lpbam (category:base,tabindex:0)
2026-07-10 19:21:47,864 [INFO] PluginManage:310 - Check plugin memorymap
2026-07-10 19:21:47,871 [INFO] PluginManage:359 - Loaded plugin memorymap (category:base,tabindex:4)
2026-07-10 19:21:47,871 [INFO] PluginManage:310 - Check plugin pinoutandconfiguration
2026-07-10 19:21:47,875 [INFO] PluginManage:359 - Loaded plugin pinoutandconfiguration (category:base,tabindex:1)
2026-07-10 19:21:47,875 [INFO] PluginManage:310 - Check plugin pinoutconfig
2026-07-10 19:21:47,927 [WARN] SupportedApi:132 - Cannot load RTOS API schema: s4s-elt-must-match.1: The content of 'definitions' must match (annotation?, (simpleType | complexType)?, (unique | key | keyref)*)). A problem was found starting at: attribute.
2026-07-10 19:21:48,014 [INFO] PluginManage:359 - Loaded plugin pinoutconfig (category:base,tabindex:0)
2026-07-10 19:21:48,014 [INFO] PluginManage:310 - Check plugin power
2026-07-10 19:21:48,021 [INFO] PluginManage:359 - Loaded plugin power (category:power,tabindex:4)
2026-07-10 19:21:48,021 [INFO] PluginManage:310 - Check plugin projectmanager
2026-07-10 19:21:48,033 [INFO] PluginManage:359 - Loaded plugin projectmanager (category:projectmanager,tabindex:4)
2026-07-10 19:21:48,033 [INFO] PluginManage:310 - Check plugin rif
2026-07-10 19:21:48,039 [INFO] PluginManage:359 - Loaded plugin rif (category:base,tabindex:3)
2026-07-10 19:21:48,039 [INFO] PluginManage:310 - Check plugin thirdparty
2026-07-10 19:21:48,110 [INFO] PluginManage:359 - Loaded plugin thirdparty (category:base,tabindex:-1)
2026-07-10 19:21:48,110 [WARN] IntegrityCheckThread:84 - waiting for thirdparty lock release [integrity check]
2026-07-10 19:21:48,110 [INFO] IntegrityCheckThread:86 - entering critical section [integrity check]
2026-07-10 19:21:48,110 [INFO] PluginManage:310 - Check plugin tools
2026-07-10 19:21:48,111 [INFO] ThirdPartyUpdaterWithRetryManager:70 - Updater plugin not ready yet. [1/15]
2026-07-10 19:21:48,112 [INFO] PluginManage:359 - Loaded plugin tools (category:base,tabindex:7)
2026-07-10 19:21:48,112 [INFO] PluginManage:310 - Check plugin tutovideos
2026-07-10 19:21:48,260 [INFO] PluginManage:359 - Loaded plugin tutovideos (category:base,tabindex:-1)
2026-07-10 19:21:48,260 [INFO] PluginManage:310 - Check plugin updater
2026-07-10 19:21:48,273 [INFO] PluginManage:359 - Loaded plugin updater (category:base,tabindex:12)
2026-07-10 19:21:48,273 [INFO] PluginManage:310 - Check plugin userauth
2026-07-10 19:21:48,275 [INFO] UserAuth:118 - Init User Auth plugin
2026-07-10 19:21:48,276 [INFO] PluginManage:359 - Loaded plugin userauth (category:base,tabindex:14)
2026-07-10 19:21:48,276 [INFO] PluginManage:283 - PluginManage : Loaded plugins [18]
2026-07-10 19:21:48,379 [INFO] PinOutPanel:1589 - setPackage(No Configuration,No Configuration)
2026-07-10 19:21:48,420 [INFO] CADModel:165 - CPN selected for project level
2026-07-10 19:21:48,420 [INFO] CADModel:114 - Register for checkConnection events
2026-07-10 19:21:48,426 [INFO] IPUIPlugin:80 - create IPUIPlugin
2026-07-10 19:21:48,426 [INFO] PluginManager:220 - loadIPPluginJar : add i2s
2026-07-10 19:21:48,430 [INFO] IPUIPlugin:80 - create IPUIPlugin
2026-07-10 19:21:48,430 [INFO] PluginManager:220 - loadIPPluginJar : add dma
2026-07-10 19:21:48,431 [INFO] IPUIPlugin:80 - create IPUIPlugin
2026-07-10 19:21:48,431 [INFO] PluginManager:220 - loadIPPluginJar : add tim
2026-07-10 19:21:48,432 [INFO] IPUIPlugin:80 - create IPUIPlugin
2026-07-10 19:21:48,432 [INFO] PluginManager:220 - loadIPPluginJar : add ltdc
2026-07-10 19:21:48,432 [INFO] IPUIPlugin:80 - create IPUIPlugin
2026-07-10 19:21:48,432 [INFO] PluginManager:220 - loadIPPluginJar : add quadspi
2026-07-10 19:21:48,437 [INFO] IPUIPlugin:80 - create IPUIPlugin
2026-07-10 19:21:48,437 [INFO] PluginManager:220 - loadIPPluginJar : add stm32_wpan
2026-07-10 19:21:48,438 [INFO] IPUIPlugin:80 - create IPUIPlugin
2026-07-10 19:21:48,438 [INFO] PluginManager:220 - loadIPPluginJar : add ddr_ctrl_phy
2026-07-10 19:21:48,439 [INFO] IPUIPlugin:80 - create IPUIPlugin
2026-07-10 19:21:48,439 [INFO] PluginManager:220 - loadIPPluginJar : add can
2026-07-10 19:21:48,442 [INFO] IPUIPlugin:80 - create IPUIPlugin
2026-07-10 19:21:48,442 [INFO] PluginManager:220 - loadIPPluginJar : add gic
2026-07-10 19:21:48,442 [INFO] IPUIPlugin:80 - create IPUIPlugin
2026-07-10 19:21:48,442 [INFO] PluginManager:220 - loadIPPluginJar : add spi
2026-07-10 19:21:48,443 [INFO] IPUIPlugin:80 - create IPUIPlugin
2026-07-10 19:21:48,444 [INFO] PluginManager:220 - loadIPPluginJar : add openamp
2026-07-10 19:21:48,444 [INFO] IPUIPlugin:80 - create IPUIPlugin
2026-07-10 19:21:48,444 [INFO] PluginManager:220 - loadIPPluginJar : add aes
2026-07-10 19:21:48,445 [INFO] IPUIPlugin:80 - create IPUIPlugin
2026-07-10 19:21:48,446 [INFO] PluginManager:220 - loadIPPluginJar : add gtzc
2026-07-10 19:21:48,449 [INFO] IPUIPlugin:80 - create IPUIPlugin
2026-07-10 19:21:48,449 [INFO] PluginManager:220 - loadIPPluginJar : add linkedlist
2026-07-10 19:21:48,450 [INFO] IPUIPlugin:80 - create IPUIPlugin
2026-07-10 19:21:48,450 [INFO] PluginManager:220 - loadIPPluginJar : add fatfs
2026-07-10 19:21:48,451 [INFO] IPUIPlugin:80 - create IPUIPlugin
2026-07-10 19:21:48,451 [INFO] PluginManager:220 - loadIPPluginJar : add dma3
2026-07-10 19:21:48,453 [INFO] IPUIPlugin:80 - create IPUIPlugin
2026-07-10 19:21:48,454 [INFO] PluginManager:220 - loadIPPluginJar : add mdma
2026-07-10 19:21:48,455 [INFO] IPUIPlugin:80 - create IPUIPlugin
2026-07-10 19:21:48,455 [INFO] PluginManager:220 - loadIPPluginJar : add resmgrutility
2026-07-10 19:21:48,455 [INFO] IPUIPlugin:80 - create IPUIPlugin
2026-07-10 19:21:48,455 [INFO] PluginManager:220 - loadIPPluginJar : add genericplugin
2026-07-10 19:21:48,456 [INFO] IPUIPlugin:80 - create IPUIPlugin
2026-07-10 19:21:48,456 [INFO] PluginManager:220 - loadIPPluginJar : add hash
2026-07-10 19:21:48,457 [INFO] IPUIPlugin:80 - create IPUIPlugin
2026-07-10 19:21:48,457 [INFO] PluginManager:220 - loadIPPluginJar : add lorawan
2026-07-10 19:21:48,458 [INFO] IPUIPlugin:80 - create IPUIPlugin
2026-07-10 19:21:48,458 [INFO] PluginManager:220 - loadIPPluginJar : add tracer_emb
2026-07-10 19:21:48,459 [INFO] IPUIPlugin:80 - create IPUIPlugin
2026-07-10 19:21:48,459 [INFO] PluginManager:220 - loadIPPluginJar : add extmemmanager
2026-07-10 19:21:48,460 [INFO] IPUIPlugin:80 - create IPUIPlugin
2026-07-10 19:21:48,461 [INFO] PluginManager:220 - loadIPPluginJar : add nvic
2026-07-10 19:21:48,463 [INFO] IPUIPlugin:80 - create IPUIPlugin
2026-07-10 19:21:48,463 [INFO] PluginManager:220 - loadIPPluginJar : add fmc
2026-07-10 19:21:48,464 [INFO] IPUIPlugin:80 - create IPUIPlugin
2026-07-10 19:21:48,464 [INFO] PluginManager:220 - loadIPPluginJar : add ipddr
2026-07-10 19:21:48,466 [INFO] IPUIPlugin:80 - create IPUIPlugin
2026-07-10 19:21:48,466 [INFO] PluginManager:220 - loadIPPluginJar : add gpio
2026-07-10 19:21:48,467 [INFO] IPUIPlugin:80 - create IPUIPlugin
2026-07-10 19:21:48,467 [INFO] PluginManager:220 - loadIPPluginJar : add ts
2026-07-10 19:21:48,469 [INFO] IPUIPlugin:80 - create IPUIPlugin
2026-07-10 19:21:48,469 [INFO] PluginManager:220 - loadIPPluginJar : add freertos
2026-07-10 19:21:48,470 [INFO] IPUIPlugin:80 - create IPUIPlugin
2026-07-10 19:21:48,471 [INFO] PluginManager:220 - loadIPPluginJar : add radio
2026-07-10 19:21:48,472 [INFO] IPUIPlugin:80 - create IPUIPlugin
2026-07-10 19:21:48,472 [INFO] PluginManager:220 - loadIPPluginJar : add gfxmmu
2026-07-10 19:21:48,473 [INFO] IPUIPlugin:80 - create IPUIPlugin
2026-07-10 19:21:48,473 [INFO] PluginManager:220 - loadIPPluginJar : add dfsdm
2026-07-10 19:21:48,474 [INFO] IPUIPlugin:80 - create IPUIPlugin
2026-07-10 19:21:48,474 [INFO] PluginManager:220 - loadIPPluginJar : add opamp
2026-07-10 19:21:48,474 [INFO] IPUIPlugin:80 - create IPUIPlugin
2026-07-10 19:21:48,475 [INFO] PluginManager:220 - loadIPPluginJar : add tsc
2026-07-10 19:21:48,476 [INFO] IPUIPlugin:80 - create IPUIPlugin
2026-07-10 19:21:48,476 [INFO] PluginManager:220 - loadIPPluginJar : add i3c
2026-07-10 19:21:48,477 [INFO] IPUIPlugin:80 - create IPUIPlugin
2026-07-10 19:21:48,477 [INFO] PluginManager:220 - loadIPPluginJar : add sai
2026-07-10 19:21:48,479 [INFO] IPUIPlugin:80 - create IPUIPlugin
2026-07-10 19:21:48,479 [INFO] PluginManager:220 - loadIPPluginJar : add touchsensing
2026-07-10 19:21:48,480 [INFO] IPUIPlugin:80 - create IPUIPlugin
2026-07-10 19:21:48,480 [INFO] PluginManager:220 - loadIPPluginJar : add cryp
2026-07-10 19:21:48,481 [INFO] IPUIPlugin:80 - create IPUIPlugin
2026-07-10 19:21:48,481 [INFO] PluginManager:220 - loadIPPluginJar : add pdm2pcm
2026-07-10 19:21:48,482 [INFO] IPUIPlugin:80 - create IPUIPlugin
2026-07-10 19:21:48,482 [INFO] PluginManager:220 - loadIPPluginJar : add comp
2026-07-10 19:21:48,483 [INFO] IPUIPlugin:80 - create IPUIPlugin
2026-07-10 19:21:48,483 [INFO] PluginManager:220 - loadIPPluginJar : add usart
2026-07-10 19:21:48,484 [INFO] IPUIPlugin:80 - create IPUIPlugin
2026-07-10 19:21:48,484 [INFO] PluginManager:220 - loadIPPluginJar : add ucpd
2026-07-10 19:21:48,485 [INFO] IPUIPlugin:80 - create IPUIPlugin
2026-07-10 19:21:48,485 [INFO] PluginManager:220 - loadIPPluginJar : add i2c
2026-07-10 19:21:48,486 [INFO] IPUIPlugin:80 - create IPUIPlugin
2026-07-10 19:21:48,486 [INFO] PluginManager:220 - loadIPPluginJar : add usbx
2026-07-10 19:21:48,489 [INFO] IPUIPlugin:80 - create IPUIPlugin
2026-07-10 19:21:48,489 [INFO] PluginManager:220 - loadIPPluginJar : add adc
2026-07-10 19:21:48,492 [INFO] IPUIPlugin:80 - create IPUIPlugin
2026-07-10 19:21:48,493 [INFO] PluginManager:220 - loadIPPluginJar : add plateformsettings
2026-07-10 19:21:48,581 [FATAL] Updater:351 - Updater called before beeing initialized
2026-07-10 19:21:48,600 [INFO] RulesReader:64 - Compatibility file has been processed (317 Rules)
2026-07-10 19:21:48,611 [INFO] RulesReader:64 - Compatibility file has been processed (317 Rules)
2026-07-10 19:21:48,617 [INFO] CADModel:165 - CPN selected for project level
2026-07-10 19:21:48,617 [INFO] CADModel:114 - Register for checkConnection events
2026-07-10 19:21:48,618 [FATAL] Updater:351 - Updater called before beeing initialized
2026-07-10 19:21:48,618 [ERROR] CADModel:125 - Updater not yet initialized, retry later 
2026-07-10 19:21:48,685 [FATAL] Updater:351 - Updater called before beeing initialized
2026-07-10 19:21:48,686 [INFO] CADModel:165 - CPN selected for project level
2026-07-10 19:21:48,686 [INFO] CADModel:114 - Register for checkConnection events
2026-07-10 19:21:48,686 [FATAL] Updater:351 - Updater called before beeing initialized
2026-07-10 19:21:48,686 [ERROR] CADModel:125 - Updater not yet initialized, retry later 
2026-07-10 19:21:48,688 [FATAL] Updater:351 - Updater called before beeing initialized
2026-07-10 19:21:48,734 [FATAL] Updater:351 - Updater called before beeing initialized
2026-07-10 19:21:48,736 [INFO] DbMcusAds:53 - JSON generation date=Thu May 28 21:38:16 IST 2026 (1779984496462)
2026-07-10 19:21:48,737 [FATAL] Updater:351 - Updater called before beeing initialized
2026-07-10 19:21:48,759 [WARN] DetailPanel:346 - Failed to get advertising image, set to default
2026-07-10 19:21:48,806 [FATAL] Updater:351 - Updater called before beeing initialized
2026-07-10 19:21:48,807 [FATAL] Updater:351 - Updater called before beeing initialized
2026-07-10 19:21:48,808 [FATAL] Updater:351 - Updater called before beeing initialized
2026-07-10 19:21:48,808 [WARN] DetailPanel:346 - Failed to get advertising image, set to default
2026-07-10 19:21:48,808 [FATAL] Updater:351 - Updater called before beeing initialized
2026-07-10 19:21:48,827 [ERROR] Updater:1198 - MainUpdater not yet initialized. External WinMGr cannot be set.
2026-07-10 19:21:48,828 [INFO] Updater:1134 - Updater Version found : 6.15.0
2026-07-10 19:21:48,838 [INFO] ApplicationProperties:184 - Using Application install path: /opt/st/stm32cubeide_1.19.0/plugins/com.st.stm32cube.common.mx_6.15.0.202507011659
2026-07-10 19:21:49,168 [INFO] MainUpdater:2872 - connection check result : 10
2026-07-10 19:21:49,168 [INFO] MainUpdater:289 - Updater Check For Update Now.
2026-07-10 19:21:49,168 [INFO] MicroXplorer:498 - Change Database Version : DB.6.0.150
2026-07-10 19:21:49,311 [INFO] CheckServerUpdateThread:120 - End of CheckServer Thread
2026-07-10 19:21:49,376 [INFO] MainUpdater:2872 - connection check result : 10
2026-07-10 19:21:49,377 [INFO] MainUpdater:2872 - connection check result : 10
2026-07-10 19:21:51,187 [WARN] PackLoader:240 - Cannot read IP mode file for STMicroelectronics.X-CUBE-AZRTOS-H7.3.5.0
2026-07-10 19:21:51,194 [WARN] PackLoader:240 - Cannot read IP mode file for STMicroelectronics.FP-ATR-ASTRA1.2.0.2
2026-07-10 19:21:51,198 [ERROR] Engine:466 - /home/anton/.stm32cubemx/thirdparties/pdsc/STMicroelectronics.X-CUBE-SMBUS.2.1.1.pdsc: PDSC version is not supported
2026-07-10 19:21:51,210 [WARN] PackLoader:240 - Cannot read IP mode file for STMicroelectronics.X-CUBE-AZRTOS-F7.1.1.0
2026-07-10 19:21:51,216 [WARN] PackLoader:240 - Cannot read IP mode file for STMicroelectronics.X-CUBE-FREERTOS.1.6.0
2026-07-10 19:21:51,219 [WARN] PackLoader:240 - Cannot read IP mode file for STMicroelectronics.FP-SNS-MOTENV1.5.1.0
2026-07-10 19:21:51,233 [WARN] PackLoader:240 - Cannot read IP mode file for STMicroelectronics.X-CUBE-AZRTOS-H7RS.1.3.0
2026-07-10 19:21:51,240 [WARN] PackLoader:240 - Cannot read IP mode file for WES.I-CUBE-Cesium.1.4.0
2026-07-10 19:21:51,244 [WARN] PackLoader:240 - Cannot read IP mode file for STMicroelectronics.X-CUBE-DISPLAY.3.0.0
2026-07-10 19:21:51,250 [WARN] PackLoader:240 - Cannot read IP mode file for STMicroelectronics.X-CUBE-GNSS1.7.1.1
2026-07-10 19:21:51,253 [WARN] PackLoader:240 - Cannot read IP mode file for STMicroelectronics.FP-SNS-MOTENVWB1.1.5.0
2026-07-10 19:21:51,255 [WARN] PackLoader:240 - Cannot read IP mode file for wolfSSL.I-CUBE-wolfSSL.5.9.1
2026-07-10 19:21:51,258 [WARN] PackLoader:240 - Cannot read IP mode file for STMicroelectronics.X-CUBE-NFC10.1.0.0
2026-07-10 19:21:51,261 [WARN] PackLoader:240 - Cannot read IP mode file for STMicroelectronics.X-CUBE-ST60.1.1.0
2026-07-10 19:21:51,270 [WARN] PackLoader:240 - Cannot read IP mode file for emotas.I-CUBE-CANOPEN.1.3.0
2026-07-10 19:21:51,272 [ERROR] Engine:466 - /home/anton/.stm32cubemx/thirdparties/pdsc/STMicroelectronics.X-CUBE-WBA.1.1.0.pdsc: PDSC version is not supported
2026-07-10 19:21:51,275 [WARN] PackLoader:240 - Cannot read IP mode file for STMicroelectronics.FP-SNS-STBOX1.2.1.0
2026-07-10 19:21:51,278 [WARN] PackLoader:240 - Cannot read IP mode file for STMicroelectronics.FP-SNS-SMARTAG2.1.2.0
2026-07-10 19:21:51,280 [WARN] PackLoader:240 - Cannot read IP mode file for STMicroelectronics.FP-SNS-FLIGHT1.5.1.0
2026-07-10 19:21:51,285 [INFO] LogOutputStream:77 - [STDOUT_REDIRECT] 1 : Invalid condition id : UX_CORESTACK_Condition cause : null
2026-07-10 19:21:51,285 [INFO] LogOutputStream:77 - [STDOUT_REDIRECT] 1 : Invalid condition id : UX_CORESTACK_Condition cause : null
2026-07-10 19:21:51,285 [INFO] LogOutputStream:77 - [STDOUT_REDIRECT] 1 : Invalid condition id : UX_CORESTACK_Condition cause : null
2026-07-10 19:21:51,285 [INFO] LogOutputStream:77 - [STDOUT_REDIRECT] 1 : Invalid condition id : UX_CORESTACK_Condition cause : null
2026-07-10 19:21:51,285 [INFO] LogOutputStream:77 - [STDOUT_REDIRECT] 1 : Invalid condition id : UX_CORESTACK_Condition cause : null
2026-07-10 19:21:51,287 [WARN] PackLoader:240 - Cannot read IP mode file for STMicroelectronics.X-CUBE-AZRTOS-WL.2.0.0
2026-07-10 19:21:51,290 [WARN] PackLoader:240 - Cannot read IP mode file for STMicroelectronics.X-CUBE-BLE2.3.3.0
2026-07-10 19:21:51,307 [WARN] PackLoader:240 - Cannot read IP mode file for Infineon.AIROC-Wi-Fi-Bluetooth-STM32.1.8.0
2026-07-10 19:21:51,313 [WARN] PackLoader:240 - Cannot read IP mode file for STMicroelectronics.X-CUBE-NFC9.1.0.0
2026-07-10 19:21:51,316 [WARN] PackLoader:240 - Cannot read IP mode file for STMicroelectronics.X-CUBE-BLE1.7.1.0
2026-07-10 19:21:51,318 [WARN] PackLoader:240 - Cannot read IP mode file for wolfSSL.I-CUBE-wolfMQTT.1.19.2
2026-07-10 19:21:51,320 [WARN] PackLoader:240 - Cannot read IP mode file for STMicroelectronics.X-CUBE-EEPRMA1.5.2.0
2026-07-10 19:21:51,323 [WARN] PackLoader:240 - Cannot read IP mode file for STMicroelectronics.FP-SNS-STAIOTCFT.1.1.0
2026-07-10 19:21:51,330 [WARN] PackLoader:240 - Cannot read IP mode file for STMicroelectronics.X-CUBE-AZRTOS-G0.1.1.0
2026-07-10 19:21:51,333 [WARN] PackLoader:240 - Cannot read IP mode file for STMicroelectronics.X-CUBE-NFC4.3.0.0
2026-07-10 19:21:51,338 [WARN] PackLoader:240 - Cannot read IP mode file for EmbeddedOffice.I-CUBE-FS-RTOS.1.0.1
2026-07-10 19:21:51,339 [WARN] PackLoader:240 - Cannot read IP mode file for wolfSSL.I-CUBE-wolfTPM.3.8.0
2026-07-10 19:21:51,342 [WARN] PackLoader:240 - Cannot read IP mode file for STMicroelectronics.X-CUBE-TCPP.4.2.0
2026-07-10 19:21:51,344 [WARN] PackLoader:240 - Cannot read IP mode file for RealThread.X-CUBE-RT-Thread_Nano.4.1.1
2026-07-10 19:21:51,346 [WARN] PackLoader:240 - Cannot read IP mode file for STMicroelectronics.FP-ATR-SIGFOX1.3.2.0
2026-07-10 19:21:51,348 [WARN] PackLoader:240 - Cannot read IP mode file for ITTIA_DB.I-CUBE-ITTIADB.8.9.0
2026-07-10 19:21:51,350 [WARN] PackLoader:240 - Cannot read IP mode file for Cesanta.I-CUBE-Mongoose.7.21.7
2026-07-10 19:21:51,353 [WARN] PackLoader:240 - Cannot read IP mode file for STMicroelectronics.X-CUBE-NFC6.3.2.0
2026-07-10 19:21:51,356 [WARN] PackLoader:240 - Cannot read IP mode file for STMicroelectronics.X-CUBE-AI.10.2.1
2026-07-10 19:21:51,379 [WARN] PackLoader:240 - Cannot read IP mode file for STMicroelectronics.X-CUBE-MEMS1.12.1.0
2026-07-10 19:21:51,450 [WARN] PackLoader:240 - Cannot read IP mode file for SEGGER.I-CUBE-embOS.1.3.1
2026-07-10 19:21:51,472 [WARN] PackLoader:240 - Cannot read IP mode file for STMicroelectronics.X-CUBE-NFC13.1.0.0
2026-07-10 19:21:51,474 [WARN] PackLoader:240 - Cannot read IP mode file for STMicroelectronics.X-CUBE-PM33A1.1.0.0
2026-07-10 19:21:51,482 [WARN] PackLoader:240 - Cannot read IP mode file for STMicroelectronics.X-CUBE-AZRTOS-F4.1.1.0
2026-07-10 19:21:51,484 [WARN] PackLoader:240 - Cannot read IP mode file for STMicroelectronics.X-CUBE-ISPU.2.1.0
2026-07-10 19:21:51,491 [WARN] PackLoader:240 - Cannot read IP mode file for STMicroelectronics.X-CUBE-IPS.3.2.0
2026-07-10 19:21:51,496 [WARN] PackLoader:240 - Cannot read IP mode file for STMicroelectronics.eDS-WB_DPC_TT-BIDIR.2.1.1
2026-07-10 19:21:51,498 [WARN] PackLoader:240 - Cannot read IP mode file for STMicroelectronics.X-CUBE-NFC12.1.0.0
2026-07-10 19:21:51,506 [WARN] PackLoader:240 - Cannot read IP mode file for STMicroelectronics.X-CUBE-AZRTOS-L5.2.0.0
2026-07-10 19:21:51,510 [WARN] PackLoader:240 - Cannot read IP mode file for STMicroelectronics.X-CUBE-ALGOBUILD.1.5.0
2026-07-10 19:21:51,512 [WARN] PackLoader:240 - Cannot read IP mode file for STMicroelectronics.eDS-WB_DPC_VIENNA.1.2.0
2026-07-10 19:21:51,513 [WARN] PackLoader:240 - Cannot read IP mode file for STMicroelectronics.eDS-WB_DPC_3PH2L-BIDIR.1.1.1
2026-07-10 19:21:51,514 [ERROR] Engine:466 - /home/anton/.stm32cubemx/thirdparties/pdsc/STMicroelectronics.X-CUBE-ST67W61.1.3.0.pdsc: PDSC version is not supported
2026-07-10 19:21:51,516 [WARN] PackLoader:240 - Cannot read IP mode file for STMicroelectronics.X-CUBE-TOUCHGFX.4.26.1
2026-07-10 19:21:51,518 [WARN] PackLoader:240 - Cannot read IP mode file for STMicroelectronics.X-CUBE-DPower.1.3.0
2026-07-10 19:21:51,526 [WARN] ConditionMgr:438 - getConditionDescription Invalid condition id : LAN8742 Phy interface Condition cause : null
2026-07-10 19:21:51,526 [WARN] PackLoader:240 - Cannot read IP mode file for STMicroelectronics.X-CUBE-AZRTOS-L4.2.0.0
2026-07-10 19:21:51,527 [WARN] ConditionMgr:1044 - genDependencies : Invalid condition id : LAN8742 Phy interface Condition cause : null
2026-07-10 19:21:51,527 [WARN] ConditionMgr:1044 - genDependencies : Invalid condition id : LAN8742 Phy interface Condition cause : null
2026-07-10 19:21:51,527 [WARN] ConditionMgr:1044 - genDependencies : Invalid condition id : LAN8742 Phy interface Condition cause : null
2026-07-10 19:21:51,530 [WARN] PackLoader:240 - Cannot read IP mode file for STMicroelectronics.X-CUBE-SFXS2LP1.4.0.0
2026-07-10 19:21:51,533 [WARN] PackLoader:240 - Cannot read IP mode file for STMicroelectronics.X-CUBE-WB05N.2.1.0
2026-07-10 19:21:51,543 [WARN] ConditionMgr:438 - getConditionDescription Invalid condition id : UX DEVICE CLASS RTOS Condition cause : null
2026-07-10 19:21:51,543 [WARN] ConditionMgr:438 - getConditionDescription Invalid condition id : UX DEVICE CLASS RTOS Condition cause : null
2026-07-10 19:21:51,545 [WARN] PackLoader:240 - Cannot read IP mode file for STMicroelectronics.X-CUBE-AZRTOS-WB.2.0.0
2026-07-10 19:21:51,545 [WARN] ConditionMgr:1044 - genDependencies : Invalid condition id : UX DEVICE CLASS RTOS Condition cause : null
2026-07-10 19:21:51,545 [WARN] ConditionMgr:1044 - genDependencies : Invalid condition id : UX DEVICE CLASS RTOS Condition cause : null
2026-07-10 19:21:51,545 [WARN] ConditionMgr:1044 - genDependencies : Invalid condition id : UX DEVICE CLASS RTOS Condition cause : null
2026-07-10 19:21:51,545 [WARN] ConditionMgr:1044 - genDependencies : Invalid condition id : UX DEVICE CLASS RTOS Condition cause : null
2026-07-10 19:21:51,546 [WARN] ConditionMgr:1044 - genDependencies : Invalid condition id : UX DEVICE CLASS RTOS Condition cause : null
2026-07-10 19:21:51,548 [WARN] ConditionMgr:438 - getConditionDescription Invalid condition id : Cortex-A Device cause : null
2026-07-10 19:21:51,553 [WARN] ConditionMgr:1044 - genDependencies : Invalid condition id : Cortex-A Device cause : null
2026-07-10 19:21:51,553 [WARN] ConditionMgr:1044 - genDependencies : Invalid condition id : Cortex-A Device cause : null
2026-07-10 19:21:51,553 [WARN] ConditionMgr:1044 - genDependencies : Invalid condition id : Cortex-A Device cause : null
2026-07-10 19:21:51,557 [WARN] PackLoader:240 - Cannot read IP mode file for STMicroelectronics.X-CUBE-STSE01.2.0.0
2026-07-10 19:21:51,563 [WARN] PackLoader:240 - Cannot read IP mode file for STMicroelectronics.X-CUBE-SUBG2.5.0.0
2026-07-10 19:21:51,573 [WARN] PackLoader:240 - Cannot read IP mode file for STMicroelectronics.X-CUBE-AZRTOS-G4.2.0.0
2026-07-10 19:21:51,575 [WARN] PackLoader:240 - Cannot read IP mode file for wolfSSL.I-CUBE-wolfSSH.1.4.20
2026-07-10 19:21:51,577 [WARN] PackLoader:240 - Cannot read IP mode file for STMicroelectronics.X-CUBE-NFC7.2.0.0
2026-07-10 19:21:51,579 [ERROR] Engine:466 - /home/anton/.stm32cubemx/thirdparties/pdsc/STMicroelectronics.X-CUBE-BLEMGR.4.2.0.pdsc: PDSC version is not supported
2026-07-10 19:21:51,581 [WARN] PackLoader:240 - Cannot read IP mode file for STMicroelectronics.X-CUBE-ALS.1.0.2
2026-07-10 19:21:51,586 [WARN] PackLoader:240 - Cannot read IP mode file for STMicroelectronics.X-CUBE-TOF1.3.4.3
2026-07-10 19:21:51,602 [INFO] ThirdParty:978 - Integrity check success = true
2026-07-10 19:21:51,603 [INFO] IntegrityCheckThread:100 - exiting critical section [integrity check]
2026-07-10 19:21:51,603 [INFO] IntegrityCheckThread:103 - End integrity checks thread
2026-07-10 19:27:06,453 [INFO] Activator:176 - 


2026-07-10 19:27:06,454 [INFO] Activator:177 - !SESSION log4j initialized
2026-07-10 19:27:07,634 [INFO] ApplicationProperties:184 - Using Application install path: /opt/st/stm32cubeide_1.19.0/plugins/com.st.stm32cube.common.mx_6.15.0.202507011659
2026-07-10 19:27:07,642 [INFO] DbMcusXml:78 - Set database path to: /opt/st/stm32cubeide_1.19.0/plugins/com.st.stm32cube.common.mx_6.15.0.202507011659//db//mcu/
2026-07-10 19:27:07,643 [INFO] ApiDb:274 - Set plugin database path to: /opt/st/stm32cubeide_1.19.0/plugins/com.st.stm32cube.common.mx_6.15.0.202507011659//db//plugins/boardmanager/
2026-07-10 19:27:07,643 [WARN] ApiDb:259 - Overriding images path with different value:  => /opt/st/stm32cubeide_1.19.0/plugins/com.st.stm32cube.common.mx_6.15.0.202507011659//db//plugins/mcufinder/images/
2026-07-10 19:27:07,645 [INFO] ApiDb:250 - Set database path to: /home/anton/.stmcufinder/plugins/mcufinder//mcu/
2026-07-10 19:27:07,646 [INFO] DbMcusAds:125 - Set database path to: /home/anton/.stmcufinder/plugins/mcufinder//mcu/
2026-07-10 19:27:07,806 [INFO] CrossReferenceDbSqlite:203 - Set database path to: /home/anton/.stmcufinder/plugins/mcufinder//mcu/cs/
2026-07-10 19:27:07,868 [INFO] RulesReader:64 - Compatibility file has been processed (317 Rules)
2026-07-10 19:27:07,901 [INFO] DbMcusXml:78 - Set database path to: /opt/st/stm32cubeide_1.19.0/plugins/com.st.stm32cube.common.mx_6.15.0.202507011659//db//mcu/
2026-07-10 19:27:07,901 [INFO] ApiDb:274 - Set plugin database path to: /opt/st/stm32cubeide_1.19.0/plugins/com.st.stm32cube.common.mx_6.15.0.202507011659//db//plugins/boardmanager/
2026-07-10 19:27:07,901 [INFO] ApiDb:261 - Set plugin images path to: /opt/st/stm32cubeide_1.19.0/plugins/com.st.stm32cube.common.mx_6.15.0.202507011659//db//plugins/mcufinder/images/
2026-07-10 19:27:07,901 [WARN] DbFile:41 - Overriding database path with different value: /home/anton/.stmcufinder/plugins/mcufinder/ => /home/anton/.stmcufinder/plugins/mcufinder
2026-07-10 19:27:07,901 [INFO] ApiDb:250 - Set database path to: /home/anton/.stmcufinder/plugins/mcufinder//mcu/
2026-07-10 19:27:07,901 [WARN] DbFile:41 - Overriding database path with different value: /home/anton/.stmcufinder/plugins/mcufinder/ => /home/anton/.stmcufinder/plugins/mcufinder
2026-07-10 19:27:07,901 [INFO] DbMcusAds:125 - Set database path to: /home/anton/.stmcufinder/plugins/mcufinder//mcu/
2026-07-10 19:27:07,901 [WARN] DbFile:41 - Overriding database path with different value: /home/anton/.stmcufinder/plugins/mcufinder/ => /home/anton/.stmcufinder/plugins/mcufinder
2026-07-10 19:27:07,901 [WARN] DbFile:41 - Overriding database path with different value: /home/anton/.stmcufinder/plugins/mcufinder/ => /home/anton/.stmcufinder/plugins/mcufinder
2026-07-10 19:27:07,901 [INFO] CrossReferenceDbSqlite:203 - Set database path to: /home/anton/.stmcufinder/plugins/mcufinder//mcu/cs/
2026-07-10 19:27:07,931 [INFO] MainPanel:274 - HeapMemory: 268435456
2026-07-10 19:27:07,988 [INFO] DbMcusXml:78 - Set database path to: /opt/st/stm32cubeide_1.19.0/plugins/com.st.stm32cube.common.mx_6.15.0.202507011659//db//mcu/
2026-07-10 19:27:07,988 [INFO] ApiDb:274 - Set plugin database path to: /opt/st/stm32cubeide_1.19.0/plugins/com.st.stm32cube.common.mx_6.15.0.202507011659//db//plugins/boardmanager/
2026-07-10 19:27:07,988 [INFO] ApiDb:261 - Set plugin images path to: /opt/st/stm32cubeide_1.19.0/plugins/com.st.stm32cube.common.mx_6.15.0.202507011659//db//plugins/mcufinder/images/
2026-07-10 19:27:07,988 [WARN] DbFile:41 - Overriding database path with different value: /home/anton/.stmcufinder/plugins/mcufinder/ => /home/anton/.stmcufinder/plugins/mcufinder
2026-07-10 19:27:07,988 [INFO] ApiDb:250 - Set database path to: /home/anton/.stmcufinder/plugins/mcufinder//mcu/
2026-07-10 19:27:07,988 [WARN] DbFile:41 - Overriding database path with different value: /home/anton/.stmcufinder/plugins/mcufinder/ => /home/anton/.stmcufinder/plugins/mcufinder
2026-07-10 19:27:07,988 [INFO] DbMcusAds:125 - Set database path to: /home/anton/.stmcufinder/plugins/mcufinder//mcu/
2026-07-10 19:27:07,988 [WARN] DbFile:41 - Overriding database path with different value: /home/anton/.stmcufinder/plugins/mcufinder/ => /home/anton/.stmcufinder/plugins/mcufinder
2026-07-10 19:27:07,988 [WARN] DbFile:41 - Overriding database path with different value: /home/anton/.stmcufinder/plugins/mcufinder/ => /home/anton/.stmcufinder/plugins/mcufinder
2026-07-10 19:27:07,988 [INFO] CrossReferenceDbSqlite:203 - Set database path to: /home/anton/.stmcufinder/plugins/mcufinder//mcu/cs/
2026-07-10 19:27:07,995 [INFO] ApplicationProperties:184 - Using Application install path: /opt/st/stm32cubeide_1.19.0/plugins/com.st.stm32cube.common.mx_6.15.0.202507011659
2026-07-10 19:27:07,996 [INFO] PluginManage:196 - Search for loadable plugins [exclusion list=, ]
2026-07-10 19:27:07,997 [INFO] PluginManage:310 - Check plugin analytics
2026-07-10 19:27:08,152 [INFO] AnalyticsPlugin:253 - Accepted Software Licenses: STM32CubeMX.6.16.0
2026-07-10 19:27:08,152 [INFO] AnalyticsPlugin:255 - Accepted CMSIS Pack Licenses: 
2026-07-10 19:27:08,152 [INFO] AnalyticsPlugin:257 - Accepted Firmware Licenses: 
2026-07-10 19:27:08,154 [INFO] PluginManage:359 - Loaded plugin analytics (category:tool,tabindex:-1)
2026-07-10 19:27:08,155 [INFO] PluginManage:310 - Check plugin cadmodel
2026-07-10 19:27:08,158 [INFO] CADModel:105 - Init CAD model plugin
2026-07-10 19:27:08,158 [INFO] PluginManage:359 - Loaded plugin cadmodel (category:power,tabindex:5)
2026-07-10 19:27:08,158 [INFO] PluginManage:310 - Check plugin clock
2026-07-10 19:27:08,166 [INFO] PluginManage:359 - Loaded plugin clock (category:base,tabindex:2)
2026-07-10 19:27:08,166 [INFO] PluginManage:310 - Check plugin ddr
2026-07-10 19:27:08,168 [INFO] PluginManage:359 - Loaded plugin ddr (category:tool,tabindex:6)
2026-07-10 19:27:08,168 [INFO] PluginManage:310 - Check plugin filemanager
2026-07-10 19:27:08,283 [INFO] PluginManage:359 - Loaded plugin filemanager (category:base,tabindex:10)
2026-07-10 19:27:08,283 [INFO] PluginManage:310 - Check plugin ipmanager
2026-07-10 19:27:08,287 [INFO] PluginManage:359 - Loaded plugin ipmanager (category:base,tabindex:5)
2026-07-10 19:27:08,287 [INFO] PluginManage:310 - Check plugin lpbam
2026-07-10 19:27:08,295 [INFO] PluginManage:359 - Loaded plugin lpbam (category:base,tabindex:0)
2026-07-10 19:27:08,295 [INFO] PluginManage:310 - Check plugin memorymap
2026-07-10 19:27:08,304 [INFO] PluginManage:359 - Loaded plugin memorymap (category:base,tabindex:4)
2026-07-10 19:27:08,304 [INFO] PluginManage:310 - Check plugin pinoutandconfiguration
2026-07-10 19:27:08,309 [INFO] PluginManage:359 - Loaded plugin pinoutandconfiguration (category:base,tabindex:1)
2026-07-10 19:27:08,309 [INFO] PluginManage:310 - Check plugin pinoutconfig
2026-07-10 19:27:08,365 [WARN] SupportedApi:132 - Cannot load RTOS API schema: s4s-elt-must-match.1: The content of 'definitions' must match (annotation?, (simpleType | complexType)?, (unique | key | keyref)*)). A problem was found starting at: attribute.
2026-07-10 19:27:08,450 [INFO] PluginManage:359 - Loaded plugin pinoutconfig (category:base,tabindex:0)
2026-07-10 19:27:08,450 [INFO] PluginManage:310 - Check plugin power
2026-07-10 19:27:08,456 [INFO] PluginManage:359 - Loaded plugin power (category:power,tabindex:4)
2026-07-10 19:27:08,457 [INFO] PluginManage:310 - Check plugin projectmanager
2026-07-10 19:27:08,469 [INFO] PluginManage:359 - Loaded plugin projectmanager (category:projectmanager,tabindex:4)
2026-07-10 19:27:08,470 [INFO] PluginManage:310 - Check plugin rif
2026-07-10 19:27:08,475 [INFO] PluginManage:359 - Loaded plugin rif (category:base,tabindex:3)
2026-07-10 19:27:08,475 [INFO] PluginManage:310 - Check plugin thirdparty
2026-07-10 19:27:08,549 [INFO] PluginManage:359 - Loaded plugin thirdparty (category:base,tabindex:-1)
2026-07-10 19:27:08,549 [WARN] IntegrityCheckThread:84 - waiting for thirdparty lock release [integrity check]
2026-07-10 19:27:08,549 [INFO] IntegrityCheckThread:86 - entering critical section [integrity check]
2026-07-10 19:27:08,549 [INFO] PluginManage:310 - Check plugin tools
2026-07-10 19:27:08,550 [INFO] ThirdPartyUpdaterWithRetryManager:70 - Updater plugin not ready yet. [1/15]
2026-07-10 19:27:08,551 [INFO] PluginManage:359 - Loaded plugin tools (category:base,tabindex:7)
2026-07-10 19:27:08,551 [INFO] PluginManage:310 - Check plugin tutovideos
2026-07-10 19:27:08,707 [INFO] PluginManage:359 - Loaded plugin tutovideos (category:base,tabindex:-1)
2026-07-10 19:27:08,707 [INFO] PluginManage:310 - Check plugin updater
2026-07-10 19:27:08,723 [INFO] PluginManage:359 - Loaded plugin updater (category:base,tabindex:12)
2026-07-10 19:27:08,723 [INFO] PluginManage:310 - Check plugin userauth
2026-07-10 19:27:08,726 [INFO] UserAuth:118 - Init User Auth plugin
2026-07-10 19:27:08,727 [INFO] PluginManage:359 - Loaded plugin userauth (category:base,tabindex:14)
2026-07-10 19:27:08,727 [INFO] PluginManage:283 - PluginManage : Loaded plugins [18]
2026-07-10 19:27:08,842 [INFO] PinOutPanel:1589 - setPackage(No Configuration,No Configuration)
2026-07-10 19:27:08,892 [INFO] CADModel:165 - CPN selected for project level
2026-07-10 19:27:08,893 [INFO] CADModel:114 - Register for checkConnection events
2026-07-10 19:27:08,900 [INFO] IPUIPlugin:80 - create IPUIPlugin
2026-07-10 19:27:08,900 [INFO] PluginManager:220 - loadIPPluginJar : add i2s
2026-07-10 19:27:08,904 [INFO] IPUIPlugin:80 - create IPUIPlugin
2026-07-10 19:27:08,904 [INFO] PluginManager:220 - loadIPPluginJar : add dma
2026-07-10 19:27:08,905 [INFO] IPUIPlugin:80 - create IPUIPlugin
2026-07-10 19:27:08,905 [INFO] PluginManager:220 - loadIPPluginJar : add tim
2026-07-10 19:27:08,906 [INFO] IPUIPlugin:80 - create IPUIPlugin
2026-07-10 19:27:08,906 [INFO] PluginManager:220 - loadIPPluginJar : add ltdc
2026-07-10 19:27:08,907 [INFO] IPUIPlugin:80 - create IPUIPlugin
2026-07-10 19:27:08,907 [INFO] PluginManager:220 - loadIPPluginJar : add quadspi
2026-07-10 19:27:08,913 [INFO] IPUIPlugin:80 - create IPUIPlugin
2026-07-10 19:27:08,913 [INFO] PluginManager:220 - loadIPPluginJar : add stm32_wpan
2026-07-10 19:27:08,915 [INFO] IPUIPlugin:80 - create IPUIPlugin
2026-07-10 19:27:08,915 [INFO] PluginManager:220 - loadIPPluginJar : add ddr_ctrl_phy
2026-07-10 19:27:08,916 [INFO] IPUIPlugin:80 - create IPUIPlugin
2026-07-10 19:27:08,916 [INFO] PluginManager:220 - loadIPPluginJar : add can
2026-07-10 19:27:08,919 [INFO] IPUIPlugin:80 - create IPUIPlugin
2026-07-10 19:27:08,919 [INFO] PluginManager:220 - loadIPPluginJar : add gic
2026-07-10 19:27:08,920 [INFO] IPUIPlugin:80 - create IPUIPlugin
2026-07-10 19:27:08,920 [INFO] PluginManager:220 - loadIPPluginJar : add spi
2026-07-10 19:27:08,921 [INFO] IPUIPlugin:80 - create IPUIPlugin
2026-07-10 19:27:08,921 [INFO] PluginManager:220 - loadIPPluginJar : add openamp
2026-07-10 19:27:08,922 [INFO] IPUIPlugin:80 - create IPUIPlugin
2026-07-10 19:27:08,922 [INFO] PluginManager:220 - loadIPPluginJar : add aes
2026-07-10 19:27:08,923 [INFO] IPUIPlugin:80 - create IPUIPlugin
2026-07-10 19:27:08,924 [INFO] PluginManager:220 - loadIPPluginJar : add gtzc
2026-07-10 19:27:08,928 [INFO] IPUIPlugin:80 - create IPUIPlugin
2026-07-10 19:27:08,928 [INFO] PluginManager:220 - loadIPPluginJar : add linkedlist
2026-07-10 19:27:08,929 [INFO] IPUIPlugin:80 - create IPUIPlugin
2026-07-10 19:27:08,929 [INFO] PluginManager:220 - loadIPPluginJar : add fatfs
2026-07-10 19:27:08,930 [INFO] IPUIPlugin:80 - create IPUIPlugin
2026-07-10 19:27:08,930 [INFO] PluginManager:220 - loadIPPluginJar : add dma3
2026-07-10 19:27:08,933 [INFO] IPUIPlugin:80 - create IPUIPlugin
2026-07-10 19:27:08,933 [INFO] PluginManager:220 - loadIPPluginJar : add mdma
2026-07-10 19:27:08,935 [INFO] IPUIPlugin:80 - create IPUIPlugin
2026-07-10 19:27:08,935 [INFO] PluginManager:220 - loadIPPluginJar : add resmgrutility
2026-07-10 19:27:08,935 [INFO] IPUIPlugin:80 - create IPUIPlugin
2026-07-10 19:27:08,935 [INFO] PluginManager:220 - loadIPPluginJar : add genericplugin
2026-07-10 19:27:08,936 [INFO] IPUIPlugin:80 - create IPUIPlugin
2026-07-10 19:27:08,936 [INFO] PluginManager:220 - loadIPPluginJar : add hash
2026-07-10 19:27:08,937 [INFO] IPUIPlugin:80 - create IPUIPlugin
2026-07-10 19:27:08,938 [INFO] PluginManager:220 - loadIPPluginJar : add lorawan
2026-07-10 19:27:08,939 [INFO] IPUIPlugin:80 - create IPUIPlugin
2026-07-10 19:27:08,939 [INFO] PluginManager:220 - loadIPPluginJar : add tracer_emb
2026-07-10 19:27:08,940 [INFO] IPUIPlugin:80 - create IPUIPlugin
2026-07-10 19:27:08,940 [INFO] PluginManager:220 - loadIPPluginJar : add extmemmanager
2026-07-10 19:27:08,941 [INFO] IPUIPlugin:80 - create IPUIPlugin
2026-07-10 19:27:08,941 [INFO] PluginManager:220 - loadIPPluginJar : add nvic
2026-07-10 19:27:08,944 [INFO] IPUIPlugin:80 - create IPUIPlugin
2026-07-10 19:27:08,944 [INFO] PluginManager:220 - loadIPPluginJar : add fmc
2026-07-10 19:27:08,945 [INFO] IPUIPlugin:80 - create IPUIPlugin
2026-07-10 19:27:08,945 [INFO] PluginManager:220 - loadIPPluginJar : add ipddr
2026-07-10 19:27:08,947 [INFO] IPUIPlugin:80 - create IPUIPlugin
2026-07-10 19:27:08,947 [INFO] PluginManager:220 - loadIPPluginJar : add gpio
2026-07-10 19:27:08,948 [INFO] IPUIPlugin:80 - create IPUIPlugin
2026-07-10 19:27:08,948 [INFO] PluginManager:220 - loadIPPluginJar : add ts
2026-07-10 19:27:08,950 [INFO] IPUIPlugin:80 - create IPUIPlugin
2026-07-10 19:27:08,950 [INFO] PluginManager:220 - loadIPPluginJar : add freertos
2026-07-10 19:27:08,951 [INFO] IPUIPlugin:80 - create IPUIPlugin
2026-07-10 19:27:08,952 [INFO] PluginManager:220 - loadIPPluginJar : add radio
2026-07-10 19:27:08,952 [INFO] IPUIPlugin:80 - create IPUIPlugin
2026-07-10 19:27:08,952 [INFO] PluginManager:220 - loadIPPluginJar : add gfxmmu
2026-07-10 19:27:08,953 [INFO] IPUIPlugin:80 - create IPUIPlugin
2026-07-10 19:27:08,953 [INFO] PluginManager:220 - loadIPPluginJar : add dfsdm
2026-07-10 19:27:08,955 [INFO] IPUIPlugin:80 - create IPUIPlugin
2026-07-10 19:27:08,955 [INFO] PluginManager:220 - loadIPPluginJar : add opamp
2026-07-10 19:27:08,956 [INFO] IPUIPlugin:80 - create IPUIPlugin
2026-07-10 19:27:08,956 [INFO] PluginManager:220 - loadIPPluginJar : add tsc
2026-07-10 19:27:08,957 [INFO] IPUIPlugin:80 - create IPUIPlugin
2026-07-10 19:27:08,957 [INFO] PluginManager:220 - loadIPPluginJar : add i3c
2026-07-10 19:27:08,959 [INFO] IPUIPlugin:80 - create IPUIPlugin
2026-07-10 19:27:08,959 [INFO] PluginManager:220 - loadIPPluginJar : add sai
2026-07-10 19:27:08,961 [INFO] IPUIPlugin:80 - create IPUIPlugin
2026-07-10 19:27:08,961 [INFO] PluginManager:220 - loadIPPluginJar : add touchsensing
2026-07-10 19:27:08,962 [INFO] IPUIPlugin:80 - create IPUIPlugin
2026-07-10 19:27:08,962 [INFO] PluginManager:220 - loadIPPluginJar : add cryp
2026-07-10 19:27:08,963 [INFO] IPUIPlugin:80 - create IPUIPlugin
2026-07-10 19:27:08,963 [INFO] PluginManager:220 - loadIPPluginJar : add pdm2pcm
2026-07-10 19:27:08,964 [INFO] IPUIPlugin:80 - create IPUIPlugin
2026-07-10 19:27:08,964 [INFO] PluginManager:220 - loadIPPluginJar : add comp
2026-07-10 19:27:08,965 [INFO] IPUIPlugin:80 - create IPUIPlugin
2026-07-10 19:27:08,965 [INFO] PluginManager:220 - loadIPPluginJar : add usart
2026-07-10 19:27:08,966 [INFO] IPUIPlugin:80 - create IPUIPlugin
2026-07-10 19:27:08,966 [INFO] PluginManager:220 - loadIPPluginJar : add ucpd
2026-07-10 19:27:08,967 [INFO] IPUIPlugin:80 - create IPUIPlugin
2026-07-10 19:27:08,967 [INFO] PluginManager:220 - loadIPPluginJar : add i2c
2026-07-10 19:27:08,968 [INFO] IPUIPlugin:80 - create IPUIPlugin
2026-07-10 19:27:08,968 [INFO] PluginManager:220 - loadIPPluginJar : add usbx
2026-07-10 19:27:08,971 [INFO] IPUIPlugin:80 - create IPUIPlugin
2026-07-10 19:27:08,971 [INFO] PluginManager:220 - loadIPPluginJar : add adc
2026-07-10 19:27:08,974 [INFO] IPUIPlugin:80 - create IPUIPlugin
2026-07-10 19:27:08,975 [INFO] PluginManager:220 - loadIPPluginJar : add plateformsettings
2026-07-10 19:27:09,064 [FATAL] Updater:351 - Updater called before beeing initialized
2026-07-10 19:27:09,082 [INFO] RulesReader:64 - Compatibility file has been processed (317 Rules)
2026-07-10 19:27:09,089 [INFO] RulesReader:64 - Compatibility file has been processed (317 Rules)
2026-07-10 19:27:09,094 [INFO] CADModel:165 - CPN selected for project level
2026-07-10 19:27:09,094 [INFO] CADModel:114 - Register for checkConnection events
2026-07-10 19:27:09,094 [FATAL] Updater:351 - Updater called before beeing initialized
2026-07-10 19:27:09,095 [ERROR] CADModel:125 - Updater not yet initialized, retry later 
2026-07-10 19:27:09,163 [FATAL] Updater:351 - Updater called before beeing initialized
2026-07-10 19:27:09,164 [INFO] CADModel:165 - CPN selected for project level
2026-07-10 19:27:09,164 [INFO] CADModel:114 - Register for checkConnection events
2026-07-10 19:27:09,164 [FATAL] Updater:351 - Updater called before beeing initialized
2026-07-10 19:27:09,164 [ERROR] CADModel:125 - Updater not yet initialized, retry later 
2026-07-10 19:27:09,166 [FATAL] Updater:351 - Updater called before beeing initialized
2026-07-10 19:27:09,216 [FATAL] Updater:351 - Updater called before beeing initialized
2026-07-10 19:27:09,218 [INFO] DbMcusAds:53 - JSON generation date=Thu May 28 21:38:16 IST 2026 (1779984496462)
2026-07-10 19:27:09,218 [FATAL] Updater:351 - Updater called before beeing initialized
2026-07-10 19:27:09,239 [WARN] DetailPanel:346 - Failed to get advertising image, set to default
2026-07-10 19:27:09,289 [FATAL] Updater:351 - Updater called before beeing initialized
2026-07-10 19:27:09,290 [FATAL] Updater:351 - Updater called before beeing initialized
2026-07-10 19:27:09,290 [FATAL] Updater:351 - Updater called before beeing initialized
2026-07-10 19:27:09,290 [WARN] DetailPanel:346 - Failed to get advertising image, set to default
2026-07-10 19:27:09,291 [FATAL] Updater:351 - Updater called before beeing initialized
2026-07-10 19:27:09,310 [ERROR] Updater:1198 - MainUpdater not yet initialized. External WinMGr cannot be set.
2026-07-10 19:27:09,311 [INFO] Updater:1134 - Updater Version found : 6.15.0
2026-07-10 19:27:09,322 [INFO] ApplicationProperties:184 - Using Application install path: /opt/st/stm32cubeide_1.19.0/plugins/com.st.stm32cube.common.mx_6.15.0.202507011659
2026-07-10 19:27:09,742 [INFO] MainUpdater:2872 - connection check result : 10
2026-07-10 19:27:09,743 [INFO] MainUpdater:289 - Updater Check For Update Now.
2026-07-10 19:27:09,743 [INFO] MicroXplorer:498 - Change Database Version : DB.6.0.150
2026-07-10 19:27:09,889 [INFO] CheckServerUpdateThread:120 - End of CheckServer Thread
2026-07-10 19:27:09,952 [INFO] MainUpdater:2872 - connection check result : 10
2026-07-10 19:27:09,953 [INFO] MainUpdater:2872 - connection check result : 10
2026-07-10 19:27:11,642 [WARN] PackLoader:240 - Cannot read IP mode file for STMicroelectronics.X-CUBE-AZRTOS-H7.3.5.0
2026-07-10 19:27:11,653 [WARN] PackLoader:240 - Cannot read IP mode file for STMicroelectronics.FP-ATR-ASTRA1.2.0.2
2026-07-10 19:27:11,658 [ERROR] Engine:466 - /home/anton/.stm32cubemx/thirdparties/pdsc/STMicroelectronics.X-CUBE-SMBUS.2.1.1.pdsc: PDSC version is not supported
2026-07-10 19:27:11,678 [WARN] PackLoader:240 - Cannot read IP mode file for STMicroelectronics.X-CUBE-AZRTOS-F7.1.1.0
2026-07-10 19:27:11,689 [WARN] PackLoader:240 - Cannot read IP mode file for STMicroelectronics.X-CUBE-FREERTOS.1.6.0
2026-07-10 19:27:11,693 [WARN] PackLoader:240 - Cannot read IP mode file for STMicroelectronics.FP-SNS-MOTENV1.5.1.0
2026-07-10 19:27:11,713 [WARN] PackLoader:240 - Cannot read IP mode file for STMicroelectronics.X-CUBE-AZRTOS-H7RS.1.3.0
2026-07-10 19:27:11,723 [WARN] PackLoader:240 - Cannot read IP mode file for WES.I-CUBE-Cesium.1.4.0
2026-07-10 19:27:11,729 [WARN] PackLoader:240 - Cannot read IP mode file for STMicroelectronics.X-CUBE-DISPLAY.3.0.0
2026-07-10 19:27:11,739 [WARN] PackLoader:240 - Cannot read IP mode file for STMicroelectronics.X-CUBE-GNSS1.7.1.1
2026-07-10 19:27:11,743 [WARN] PackLoader:240 - Cannot read IP mode file for STMicroelectronics.FP-SNS-MOTENVWB1.1.5.0
2026-07-10 19:27:11,752 [WARN] PackLoader:240 - Cannot read IP mode file for wolfSSL.I-CUBE-wolfSSL.5.9.1
2026-07-10 19:27:11,757 [WARN] PackLoader:240 - Cannot read IP mode file for STMicroelectronics.X-CUBE-NFC10.1.0.0
2026-07-10 19:27:11,761 [WARN] PackLoader:240 - Cannot read IP mode file for STMicroelectronics.X-CUBE-ST60.1.1.0
2026-07-10 19:27:11,763 [WARN] PackLoader:240 - Cannot read IP mode file for emotas.I-CUBE-CANOPEN.1.3.0
2026-07-10 19:27:11,765 [ERROR] Engine:466 - /home/anton/.stm32cubemx/thirdparties/pdsc/STMicroelectronics.X-CUBE-WBA.1.1.0.pdsc: PDSC version is not supported
2026-07-10 19:27:11,770 [WARN] PackLoader:240 - Cannot read IP mode file for STMicroelectronics.FP-SNS-STBOX1.2.1.0
2026-07-10 19:27:11,773 [WARN] PackLoader:240 - Cannot read IP mode file for STMicroelectronics.FP-SNS-SMARTAG2.1.2.0
2026-07-10 19:27:11,776 [WARN] PackLoader:240 - Cannot read IP mode file for STMicroelectronics.FP-SNS-FLIGHT1.5.1.0
2026-07-10 19:27:11,781 [INFO] LogOutputStream:77 - [STDOUT_REDIRECT] 1 : Invalid condition id : UX_CORESTACK_Condition cause : null
2026-07-10 19:27:11,781 [INFO] LogOutputStream:77 - [STDOUT_REDIRECT] 1 : Invalid condition id : UX_CORESTACK_Condition cause : null
2026-07-10 19:27:11,781 [INFO] LogOutputStream:77 - [STDOUT_REDIRECT] 1 : Invalid condition id : UX_CORESTACK_Condition cause : null
2026-07-10 19:27:11,781 [INFO] LogOutputStream:77 - [STDOUT_REDIRECT] 1 : Invalid condition id : UX_CORESTACK_Condition cause : null
2026-07-10 19:27:11,782 [INFO] LogOutputStream:77 - [STDOUT_REDIRECT] 1 : Invalid condition id : UX_CORESTACK_Condition cause : null
2026-07-10 19:27:11,784 [WARN] PackLoader:240 - Cannot read IP mode file for STMicroelectronics.X-CUBE-AZRTOS-WL.2.0.0
2026-07-10 19:27:11,788 [WARN] PackLoader:240 - Cannot read IP mode file for STMicroelectronics.X-CUBE-BLE2.3.3.0
2026-07-10 19:27:11,808 [WARN] PackLoader:240 - Cannot read IP mode file for Infineon.AIROC-Wi-Fi-Bluetooth-STM32.1.8.0
2026-07-10 19:27:11,814 [WARN] PackLoader:240 - Cannot read IP mode file for STMicroelectronics.X-CUBE-NFC9.1.0.0
2026-07-10 19:27:11,817 [WARN] PackLoader:240 - Cannot read IP mode file for STMicroelectronics.X-CUBE-BLE1.7.1.0
2026-07-10 19:27:11,819 [WARN] PackLoader:240 - Cannot read IP mode file for wolfSSL.I-CUBE-wolfMQTT.1.19.2
2026-07-10 19:27:11,821 [WARN] PackLoader:240 - Cannot read IP mode file for STMicroelectronics.X-CUBE-EEPRMA1.5.2.0
2026-07-10 19:27:11,825 [WARN] PackLoader:240 - Cannot read IP mode file for STMicroelectronics.FP-SNS-STAIOTCFT.1.1.0
2026-07-10 19:27:11,833 [WARN] PackLoader:240 - Cannot read IP mode file for STMicroelectronics.X-CUBE-AZRTOS-G0.1.1.0
2026-07-10 19:27:11,836 [WARN] PackLoader:240 - Cannot read IP mode file for STMicroelectronics.X-CUBE-NFC4.3.0.0
2026-07-10 19:27:11,841 [WARN] PackLoader:240 - Cannot read IP mode file for EmbeddedOffice.I-CUBE-FS-RTOS.1.0.1
2026-07-10 19:27:11,842 [WARN] PackLoader:240 - Cannot read IP mode file for wolfSSL.I-CUBE-wolfTPM.3.8.0
2026-07-10 19:27:11,844 [WARN] PackLoader:240 - Cannot read IP mode file for STMicroelectronics.X-CUBE-TCPP.4.2.0
2026-07-10 19:27:11,847 [WARN] PackLoader:240 - Cannot read IP mode file for RealThread.X-CUBE-RT-Thread_Nano.4.1.1
2026-07-10 19:27:11,850 [WARN] PackLoader:240 - Cannot read IP mode file for STMicroelectronics.FP-ATR-SIGFOX1.3.2.0
2026-07-10 19:27:11,852 [WARN] PackLoader:240 - Cannot read IP mode file for ITTIA_DB.I-CUBE-ITTIADB.8.9.0
2026-07-10 19:27:11,854 [WARN] PackLoader:240 - Cannot read IP mode file for Cesanta.I-CUBE-Mongoose.7.21.7
2026-07-10 19:27:11,857 [WARN] PackLoader:240 - Cannot read IP mode file for STMicroelectronics.X-CUBE-NFC6.3.2.0
2026-07-10 19:27:11,860 [WARN] PackLoader:240 - Cannot read IP mode file for STMicroelectronics.X-CUBE-AI.10.2.1
2026-07-10 19:27:11,887 [WARN] PackLoader:240 - Cannot read IP mode file for STMicroelectronics.X-CUBE-MEMS1.12.1.0
2026-07-10 19:27:11,961 [WARN] PackLoader:240 - Cannot read IP mode file for SEGGER.I-CUBE-embOS.1.3.1
2026-07-10 19:27:11,983 [WARN] PackLoader:240 - Cannot read IP mode file for STMicroelectronics.X-CUBE-NFC13.1.0.0
2026-07-10 19:27:11,986 [WARN] PackLoader:240 - Cannot read IP mode file for STMicroelectronics.X-CUBE-PM33A1.1.0.0
2026-07-10 19:27:11,993 [WARN] PackLoader:240 - Cannot read IP mode file for STMicroelectronics.X-CUBE-AZRTOS-F4.1.1.0
2026-07-10 19:27:11,996 [WARN] PackLoader:240 - Cannot read IP mode file for STMicroelectronics.X-CUBE-ISPU.2.1.0
2026-07-10 19:27:12,002 [WARN] PackLoader:240 - Cannot read IP mode file for STMicroelectronics.X-CUBE-IPS.3.2.0
2026-07-10 19:27:12,008 [WARN] PackLoader:240 - Cannot read IP mode file for STMicroelectronics.eDS-WB_DPC_TT-BIDIR.2.1.1
2026-07-10 19:27:12,010 [WARN] PackLoader:240 - Cannot read IP mode file for STMicroelectronics.X-CUBE-NFC12.1.0.0
2026-07-10 19:27:12,018 [WARN] PackLoader:240 - Cannot read IP mode file for STMicroelectronics.X-CUBE-AZRTOS-L5.2.0.0
2026-07-10 19:27:12,023 [WARN] PackLoader:240 - Cannot read IP mode file for STMicroelectronics.X-CUBE-ALGOBUILD.1.5.0
2026-07-10 19:27:12,024 [WARN] PackLoader:240 - Cannot read IP mode file for STMicroelectronics.eDS-WB_DPC_VIENNA.1.2.0
2026-07-10 19:27:12,026 [WARN] PackLoader:240 - Cannot read IP mode file for STMicroelectronics.eDS-WB_DPC_3PH2L-BIDIR.1.1.1
2026-07-10 19:27:12,027 [ERROR] Engine:466 - /home/anton/.stm32cubemx/thirdparties/pdsc/STMicroelectronics.X-CUBE-ST67W61.1.3.0.pdsc: PDSC version is not supported
2026-07-10 19:27:12,029 [WARN] PackLoader:240 - Cannot read IP mode file for STMicroelectronics.X-CUBE-TOUCHGFX.4.26.1
2026-07-10 19:27:12,031 [WARN] PackLoader:240 - Cannot read IP mode file for STMicroelectronics.X-CUBE-DPower.1.3.0
2026-07-10 19:27:12,039 [WARN] ConditionMgr:438 - getConditionDescription Invalid condition id : LAN8742 Phy interface Condition cause : null
2026-07-10 19:27:12,039 [WARN] PackLoader:240 - Cannot read IP mode file for STMicroelectronics.X-CUBE-AZRTOS-L4.2.0.0
2026-07-10 19:27:12,040 [WARN] ConditionMgr:1044 - genDependencies : Invalid condition id : LAN8742 Phy interface Condition cause : null
2026-07-10 19:27:12,040 [WARN] ConditionMgr:1044 - genDependencies : Invalid condition id : LAN8742 Phy interface Condition cause : null
2026-07-10 19:27:12,041 [WARN] ConditionMgr:1044 - genDependencies : Invalid condition id : LAN8742 Phy interface Condition cause : null
2026-07-10 19:27:12,044 [WARN] PackLoader:240 - Cannot read IP mode file for STMicroelectronics.X-CUBE-SFXS2LP1.4.0.0
2026-07-10 19:27:12,051 [WARN] PackLoader:240 - Cannot read IP mode file for STMicroelectronics.X-CUBE-WB05N.2.1.0
2026-07-10 19:27:12,064 [WARN] ConditionMgr:438 - getConditionDescription Invalid condition id : UX DEVICE CLASS RTOS Condition cause : null
2026-07-10 19:27:12,064 [WARN] ConditionMgr:438 - getConditionDescription Invalid condition id : UX DEVICE CLASS RTOS Condition cause : null
2026-07-10 19:27:12,066 [WARN] PackLoader:240 - Cannot read IP mode file for STMicroelectronics.X-CUBE-AZRTOS-WB.2.0.0
2026-07-10 19:27:12,066 [WARN] ConditionMgr:1044 - genDependencies : Invalid condition id : UX DEVICE CLASS RTOS Condition cause : null
2026-07-10 19:27:12,066 [WARN] ConditionMgr:1044 - genDependencies : Invalid condition id : UX DEVICE CLASS RTOS Condition cause : null
2026-07-10 19:27:12,067 [WARN] ConditionMgr:1044 - genDependencies : Invalid condition id : UX DEVICE CLASS RTOS Condition cause : null
2026-07-10 19:27:12,067 [WARN] ConditionMgr:1044 - genDependencies : Invalid condition id : UX DEVICE CLASS RTOS Condition cause : null
2026-07-10 19:27:12,067 [WARN] ConditionMgr:1044 - genDependencies : Invalid condition id : UX DEVICE CLASS RTOS Condition cause : null
2026-07-10 19:27:12,070 [WARN] ConditionMgr:438 - getConditionDescription Invalid condition id : Cortex-A Device cause : null
2026-07-10 19:27:12,075 [WARN] ConditionMgr:1044 - genDependencies : Invalid condition id : Cortex-A Device cause : null
2026-07-10 19:27:12,075 [WARN] ConditionMgr:1044 - genDependencies : Invalid condition id : Cortex-A Device cause : null
2026-07-10 19:27:12,075 [WARN] ConditionMgr:1044 - genDependencies : Invalid condition id : Cortex-A Device cause : null
2026-07-10 19:27:12,080 [WARN] PackLoader:240 - Cannot read IP mode file for STMicroelectronics.X-CUBE-STSE01.2.0.0
2026-07-10 19:27:12,091 [WARN] PackLoader:240 - Cannot read IP mode file for STMicroelectronics.X-CUBE-SUBG2.5.0.0
2026-07-10 19:27:12,116 [WARN] PackLoader:240 - Cannot read IP mode file for STMicroelectronics.X-CUBE-AZRTOS-G4.2.0.0
2026-07-10 19:27:12,120 [WARN] PackLoader:240 - Cannot read IP mode file for wolfSSL.I-CUBE-wolfSSH.1.4.20
2026-07-10 19:27:12,122 [WARN] PackLoader:240 - Cannot read IP mode file for STMicroelectronics.X-CUBE-NFC7.2.0.0
2026-07-10 19:27:12,125 [ERROR] Engine:466 - /home/anton/.stm32cubemx/thirdparties/pdsc/STMicroelectronics.X-CUBE-BLEMGR.4.2.0.pdsc: PDSC version is not supported
2026-07-10 19:27:12,127 [WARN] PackLoader:240 - Cannot read IP mode file for STMicroelectronics.X-CUBE-ALS.1.0.2
2026-07-10 19:27:12,135 [WARN] PackLoader:240 - Cannot read IP mode file for STMicroelectronics.X-CUBE-TOF1.3.4.3
2026-07-10 19:27:12,144 [INFO] ThirdParty:978 - Integrity check success = true
2026-07-10 19:27:12,145 [INFO] IntegrityCheckThread:100 - exiting critical section [integrity check]
2026-07-10 19:27:12,145 [INFO] IntegrityCheckThread:103 - End integrity checks thread
